0.9,16.42,0.39,0.39,0.36,0.39
0.9,16.43,0.39,0.39,0.36,0.39
0.89,16.41,0.39,0.39,0.36,0.39
0.86,16.42,0.39,0.39,0.36,0.39
0.89,16.41,0.39,0.39,0.36,0.39
0.9,16.43,0.39,0.39,0.36,0.39
0.85,16.43,0.39,0.39,0.36,0.39
0.86,16.44,0.39,0.39,0.36,0.39
0.84,16.43,0.39,0.39,0.36,0.39
0.87,16.43,0.39,0.39,0.36,0.39
0.85,16.42,0.39,0.39,0.36,0.39
0.85,16.43,0.39,0.39,0.36,0.39
0.83,16.41,0.39,0.39,0.36,0.39
0.86,16.44,0.39,0.39,0.36,0.39
0.85,16.41,0.39,0.39,0.36,0.39
0.84,16.4,0.39,0.39,0.36,0.39
0.87,16.44,0.39,0.39,0.36,0.39
0.88,16.42,0.39,0.39,0.36,0.39
0.87,16.41,0.39,0.39,0.36,0.39
0.86,16.38,0.39,0.39,0.36,0.39
0.85,16.42,0.39,0.39,0.36,0.39
0.87,16.41,0.39,0.39,0.36,0.39
0.88,16.4,0.39,0.39,0.36,0.39
0.85,16.43,0.39,0.39,0.36,0.39
0.88,16.43,0.39,0.39,0.36,0.39
0.84,16.43,0.39,0.39,0.36,0.39
0.88,16.4,0.39,0.39,0.36,0.39
0.98,16.38,0.39,0.39,0.36,0.39
0.96,16.38,0.39,0.39,0.36,0.39
0.95,16.42,0.39,0.39,0.36,0.39
1,16.43,0.39,0.39,0.36,0.39
1.06,16.4,0.39,0.39,0.36,0.39
0.97,16.4,0.39,0.39,0.36,0.39
1.05,16.37,0.39,0.39,0.36,0.39
0.86,16.43,0.39,0.39,0.36,0.39
0.7,16.35,0.39,0.39,0.36,0.39
0.69,16.09,0.39,0.4,0.37,0.39
0.73,15.87,0.39,0.4,0.37,0.39
0.87,14.99,0.39,0.4,0.37,0.39
0.84,15.13,0.39,0.4,0.37,0.39
0.9,14.6,0.39,0.4,0.37,0.39
0.89,14.32,0.39,0.4,0.37,0.39
0.84,14.02,0.39,0.4,0.37,0.39
0.6,13.74,0.39,0.4,0.37,0.39
0.93,13.32,0.39,0.4,0.37,0.39
0.83,12.81,0.39,0.4,0.38,0.39
0.68,12.33,0.39,0.4,0.38,0.39
0.82,12.18,0.39,0.4,0.38,0.39
0.78,11.56,0.39,0.4,0.38,0.39
0.51,11.37,0.4,0.4,0.38,0.39
0.6,10.92,0.4,0.4,0.38,0.39
0.44,10.56,0.4,0.4,0.38,0.39
0.62,9.94,0.4,0.4,0.38,0.39
0.68,9.54,0.4,0.4,0.38,0.39
0.75,9.08,0.4,0.4,0.38,0.39
0.65,8.72,0.4,0.4,0.39,0.39
0.6,8.41,0.4,0.4,0.39,0.39
0.66,8.12,0.4,0.4,0.39,0.39
1.14,7.95,0.4,0.4,0.39,0.39
0.6,7.89,0.4,0.4,0.39,0.39
0.43,7.24,0.4,0.4,0.39,0.39
0.48,7.06,0.4,0.4,0.39,0.39
0.35,6.9,0.4,0.4,0.39,0.39
0.71,6.85,0.4,0.4,0.39,0.39
0.81,6.69,0.4,0.4,0.39,0.39
0.82,6.49,0.4,0.4,0.39,0.39
0.36,6.29,0.4,0.4,0.39,0.39
0.39,5.75,0.4,0.4,0.39,0.39
0.49,5.66,0.4,0.4,0.39,0.39
0.62,5.49,0.4,0.4,0.39,0.39
0.43,5.17,0.4,0.4,0.39,0.39
0.38,5.04,0.4,0.4,0.39,0.39
0.51,4.74,0.4,0.4,0.39,0.39
0.48,4.48,0.4,0.4,0.39,0.39
0.49,4.2,0.4,0.4,0.39,0.39
0.33,4.01,0.4,0.4,0.39,0.39
0.47,3.59,0.4,0.4,0.4,0.39
0.47,3.36,0.4,0.4,0.4,0.39
0.39,3.13,0.4,0.4,0.4,0.39
0.39,2.85,0.4,0.4,0.4,0.39
0.42,2.68,0.4,0.4,0.4,0.39
0.55,2.34,0.4,0.4,0.4,0.39
0.34,1.92,0.4,0.4,0.4,0.38
0.33,1.31,0.4,0.4,0.4,0.38
0.32,0.3,0.4,0.4,0.4,0.38
0.32,-0.04,0.4,0.4,0.4,0.38
0.38,-0.84,0.4,0.4,0.4,0.38
0.37,-1.7,0.4,0.4,0.4,0.38
0.21,-2.37,0.4,0.4,0.41,0.38
0.23,-3.05,0.41,0.4,0.41,0.38
0.14,-3.45,0.4,0.4,0.41,0.38
0.22,-4.33,0.4,0.4,0.41,0.37
0.05,-4.66,0.4,0.4,0.41,0.37
0.21,-5.18,0.4,0.4,0.41,0.37
0.06,-5.61,0.4,0.4,0.41,0.37
0.2,-6.25,0.4,0.4,0.41,0.37
0.15,-6.81,0.4,0.4,0.41,0.37
0.08,-7.49,0.4,0.4,0.41,0.37
0.11,-8.2,0.4,0.4,0.41,0.36
-0,-8.58,0.4,0.4,0.41,0.36
0.08,-9.6,0.4,0.4,0.41,0.36
0.06,-9.98,0.4,0.4,0.41,0.36
-0.07,-10.72,0.4,0.4,0.41,0.36
-0.06,-11.07,0.4,0.39,0.41,0.36
-0.04,-11.83,0.4,0.39,0.41,0.35
-0.18,-12.47,0.4,0.39,0.41,0.35
-0.26,-12.92,0.4,0.39,0.41,0.35
-0.08,-13.81,0.4,0.39,0.41,0.35
-0,-14.19,0.4,0.39,0.41,0.35
-0.14,-14.98,0.4,0.39,0.41,0.34
-0.15,-15.48,0.4,0.39,0.41,0.34
-0.28,-16.63,0.39,0.39,0.41,0.34
-0.39,-16.93,0.39,0.38,0.41,0.33
-0.35,-17.63,0.39,0.38,0.41,0.33
-0.3,-18.14,0.39,0.38,0.41,0.33
-0.32,-18.73,0.39,0.38,0.41,0.33
-0.31,-19.14,0.39,0.38,0.41,0.33
-0.2,-19.69,0.39,0.38,0.41,0.32
-0.42,-20.3,0.39,0.38,0.41,0.32
-0.13,-20.78,0.38,0.38,0.41,0.32
-0.45,-21.61,0.38,0.37,0.41,0.32
-0.37,-21.95,0.38,0.37,0.41,0.31
-0.62,-22.64,0.38,0.37,0.41,0.31
-0.38,-23.17,0.38,0.37,0.41,0.31
-0.43,-23.84,0.38,0.37,0.41,0.31
-0.48,-24.05,0.38,0.37,0.41,0.31
-0.47,-24.88,0.38,0.37,0.41,0.3
-0.46,-25.15,0.37,0.36,0.41,0.3
-0.51,-25.88,0.37,0.36,0.41,0.3
-0.57,-26.98,0.37,0.36,0.41,0.3
-0.49,-26.56,0.37,0.36,0.41,0.3
-0.57,-27.05,0.37,0.36,0.41,0.29
-0.48,-27.56,0.37,0.36,0.41,0.29
-0.44,-28.11,0.37,0.36,0.41,0.29
-0.59,-28.21,0.36,0.36,0.41,0.29
-0.43,-28.58,0.36,0.36,0.41,0.29
-0.67,-29.17,0.36,0.35,0.4,0.28
-0.4,-29.01,0.36,0.35,0.4,0.28
-0.53,-29.74,0.36,0.35,0.4,0.28
-0.5,-30.48,0.36,0.35,0.4,0.28
-0.75,-30.64,0.35,0.35,0.4,0.27
-0.94,-31.95,0.35,0.34,0.4,0.27
-0.76,-32.61,0.34,0.34,0.4,0.26
-0.74,-32.26,0.34,0.33,0.4,0.26
-0.24,-34.92,0.34,0.33,0.4,0.26
-0.64,-35.25,0.34,0.33,0.4,0.26
-0.87,-36.16,0.33,0.33,0.4,0.25
-0.69,-35.99,0.33,0.33,0.4,0.25
-0.75,-36.9,0.32,0.32,0.4,0.25
-0.91,-37.69,0.32,0.32,0.39,0.24
-0.72,-38.52,0.32,0.32,0.39,0.24
-0.84,-39.29,0.31,0.31,0.39,0.23
-0.84,-40.17,0.31,0.31,0.39,0.23
-0.96,-40.8,0.3,0.31,0.39,0.22
-1.17,-41.59,0.3,0.3,0.39,0.22
-0.83,-42.75,0.29,0.3,0.39,0.21
-0.69,-43.2,0.29,0.3,0.39,0.21
-0.98,-44.14,0.29,0.29,0.39,0.21
-1.06,-44.69,0.28,0.29,0.38,0.2
-1,-45.57,0.28,0.29,0.38,0.2
-0.92,-46.2,0.27,0.28,0.38,0.19
-1,-47.1,0.27,0.28,0.38,0.19
-1.03,-47.31,0.27,0.28,0.38,0.19
-1.13,-48.21,0.26,0.28,0.38,0.18
-1.13,-48.05,0.26,0.27,0.38,0.18
-0.98,-49.4,0.26,0.27,0.37,0.17
-1.04,-50.31,0.25,0.27,0.37,0.17
-1.23,-50.87,0.25,0.26,0.37,0.16
-1.23,-51.22,0.25,0.26,0.37,0.16
-1.13,-52.16,0.24,0.26,0.37,0.15
-1.23,-52.93,0.24,0.26,0.36,0.15
-1.25,-52.99,0.23,0.25,0.36,0.14
-1.12,-54.01,0.23,0.25,0.36,0.13
-1.19,-55.5,0.22,0.24,0.35,0.12
-1.02,-55.89,0.22,0.24,0.35,0.12
-1.33,-57.18,0.21,0.23,0.35,0.11
-1.3,-57.14,0.21,0.23,0.35,0.1
-1.23,-58.57,0.2,0.22,0.34,0.1
-1.5,-59,0.2,0.22,0.34,0.09
-1.23,-60.24,0.19,0.21,0.34,0.08
-1.44,-60.82,0.19,0.2,0.34,0.08
-1.56,-61.44,0.18,0.2,0.34,0.07
-1.41,-62.58,0.18,0.19,0.33,0.06
-1.45,-63.28,0.17,0.18,0.33,0.06
-1.34,-64.56,0.16,0.18,0.33,0.05
-1.37,-64.81,0.16,0.17,0.32,0.05
-1.3,-65.65,0.16,0.17,0.32,0.04
-1.32,-66.15,0.15,0.16,0.32,0.04
-1.33,-66.9,0.15,0.16,0.31,0.03
-1.42,-67.46,0.14,0.15,0.31,0.03
-1.48,-68.17,0.14,0.15,0.31,0.03
-1.57,-68.27,0.14,0.14,0.3,0.03
-1.6,-69.15,0.13,0.13,0.3,0.02
-1.35,-69.42,0.13,0.13,0.29,0.02
-1.47,-70.72,0.13,0.12,0.29,0.02
-1.39,-71.27,0.12,0.12,0.28,0.02
-1.67,-72.62,0.12,0.11,0.27,0.02
-1.41,-71.4,0.11,0.1,0.27,0.02
-1.44,-73.82,0.11,0.1,0.27,0.02
-1.66,-73.28,0.11,0.1,0.26,0.02
-1.49,-74.62,0.1,0.09,0.26,0.02
-1.64,-73.99,0.1,0.09,0.26,0.02
-1.4,-75.15,0.1,0.09,0.26,0.02
-1.51,-75.71,0.1,0.08,0.25,0.02
-1.64,-74.51,0.09,0.08,0.25,0.02
-1.58,-76.4,0.09,0.08,0.25,0.02
-1.6,-76.19,0.09,0.08,0.25,0.02
-1.58,-76.45,0.09,0.07,0.25,0.02
-1.23,-76.66,0.09,0.07,0.24,0.02
-1.62,-76.62,0.09,0.07,0.24,0.02
-1.57,-77.05,0.09,0.07,0.24,0.02
-1.46,-77.8,0.08,0.07,0.24,0.02
-1.55,-75.91,0.08,0.07,0.24,0.02
-1.66,-77.59,0.08,0.07,0.24,0.02
-1.56,-76.92,0.08,0.07,0.24,0.02
-1.62,-77.16,0.08,0.07,0.24,0.02
-1.46,-77.1,0.09,0.07,0.24,0.02
-1.53,-76.46,0.09,0.08,0.25,0.02
-1.57,-75.5,0.1,0.08,0.25,0.02
-1.52,-75.1,0.1,0.09,0.26,0.02
-1.7,-74.58,0.1,0.1,0.26,0.02
-1.53,-73.47,0.11,0.1,0.27,0.02
-1.57,-72.84,0.12,0.11,0.28,0.02
-1.45,-72.12,0.12,0.12,0.28,0.02
-1.61,-70.59,0.13,0.13,0.29,0.02
-1.61,-70.51,0.14,0.14,0.3,0.02
-1.28,-69.06,0.14,0.15,0.3,0.03
-1.39,-68.33,0.15,0.15,0.31,0.03
-1.41,-67.52,0.15,0.16,0.31,0.04
-1.53,-66.33,0.16,0.17,0.32,0.04
-1.24,-65.45,0.16,0.18,0.32,0.05
-1.17,-64.61,0.17,0.19,0.32,0.06
-1.32,-63.99,0.17,0.19,0.33,0.06
-1.42,-62.15,0.18,0.2,0.33,0.07
-1.47,-62.24,0.19,0.21,0.33,0.08
-1.2,-61.07,0.19,0.21,0.33,0.09
-1.35,-60.04,0.2,0.22,0.34,0.09
-1.31,-60.12,0.2,0.22,0.34,0.1
-1.42,-59.24,0.2,0.22,0.34,0.1
-1.2,-58.74,0.21,0.23,0.34,0.1
-1.23,-58.06,0.21,0.23,0.35,0.11
-1.45,-56.87,0.21,0.24,0.35,0.11
-1.18,-57.38,0.22,0.24,0.35,0.12
-1.17,-56.35,0.22,0.24,0.35,0.13
-1.13,-55.59,0.23,0.25,0.36,0.13
-1.29,-54.78,0.23,0.25,0.36,0.14
-1.36,-54.31,0.23,0.25,0.36,0.14
-1.2,-53.77,0.24,0.25,0.36,0.14
-1.23,-53.23,0.24,0.26,0.36,0.15
-1.12,-52.2,0.24,0.26,0.37,0.16
-0.98,-52.41,0.25,0.26,0.37,0.16
-1.16,-50.74,0.25,0.27,0.37,0.16
-1.02,-51.12,0.25,0.27,0.37,0.17
-1.23,-50.45,0.26,0.27,0.37,0.17
-1.28,-49.81,0.26,0.27,0.38,0.18
-1.13,-47.91,0.27,0.28,0.38,0.18
-0.85,-48.64,0.27,0.28,0.38,0.19
-1.58,-46.51,0.28,0.29,0.38,0.2
-1.07,-45.6,0.28,0.29,0.38,0.2
-0.56,-45.24,0.29,0.3,0.38,0.21
-1.39,-43.41,0.3,0.3,0.39,0.22
-0.99,-42.19,0.3,0.31,0.39,0.22
-0.83,-41.17,0.31,0.31,0.39,0.23
-0.86,-39.8,0.32,0.32,0.39,0.24
-1.03,-38.75,0.32,0.32,0.4,0.24
-0.78,-37.94,0.33,0.33,0.4,0.25
-1.02,-36.55,0.33,0.33,0.4,0.25
-0.84,-35.55,0.34,0.33,0.4,0.26
-1.07,-34.46,0.34,0.34,0.4,0.26
-0.63,-33.69,0.35,0.34,0.4,0.27
-0.74,-32.66,0.35,0.34,0.4,0.27
-0.74,-31.58,0.35,0.35,0.4,0.28
-0.73,-30.64,0.36,0.35,0.4,0.28
-0.63,-29.75,0.36,0.35,0.41,0.29
-0.53,-28.82,0.36,0.36,0.41,0.29
-0.71,-27.79,0.37,0.36,0.41,0.3
-0.5,-26.44,0.37,0.36,0.41,0.3
-0.66,-25.75,0.38,0.37,0.41,0.3
-0.57,-24.79,0.38,0.37,0.41,0.31
-0.37,-23.27,0.38,0.37,0.41,0.31
-0.09,-22.71,0.38,0.38,0.41,0.32
-0.34,-21.41,0.39,0.38,0.41,0.32
-0.22,-20.84,0.39,0.38,0.41,0.33
-0.38,-19.43,0.39,0.38,0.41,0.33
-0.31,-18.71,0.39,0.38,0.41,0.33
-0.31,-18.02,0.39,0.39,0.41,0.34
-0.5,-17.77,0.39,0.39,0.41,0.34
-0.48,-16.55,0.39,0.39,0.41,0.34
-0.37,-15.48,0.4,0.39,0.41,0.35
-0.49,-14.51,0.4,0.39,0.41,0.35
-0.61,-13.91,0.4,0.4,0.41,0.35
-0.35,-12.9,0.4,0.4,0.41,0.35
-0.55,-12.03,0.4,0.4,0.41,0.36
0.1,-11.14,0.4,0.4,0.41,0.36
-0.01,-10.6,0.4,0.4,0.41,0.36
-0.03,-9.81,0.4,0.4,0.41,0.36
-0,-9.13,0.4,0.4,0.41,0.36
-0.08,-8.32,0.4,0.4,0.41,0.37
0.09,-7.55,0.4,0.4,0.41,0.37
0.22,-6.72,0.4,0.4,0.41,0.37
0.1,-5.54,0.4,0.4,0.41,0.37
0.07,-5.04,0.4,0.4,0.41,0.38
0.06,-4.09,0.4,0.4,0.41,0.38
0.09,-3.43,0.4,0.4,0.41,0.38
0.21,-2.65,0.4,0.4,0.4,0.38
0.13,-1.73,0.4,0.4,0.4,0.38
0.13,-0.64,0.4,0.4,0.4,0.38
0.11,0.28,0.4,0.4,0.4,0.38
0.07,1.17,0.4,0.4,0.4,0.39
0.34,1.36,0.4,0.4,0.4,0.39
0.11,2.79,0.4,0.4,0.4,0.39
0.23,3.47,0.4,0.4,0.39,0.39
0.54,4.06,0.4,0.4,0.39,0.39
0.49,5.38,0.4,0.4,0.39,0.39
0.47,6.19,0.4,0.4,0.39,0.39
0.33,7.07,0.4,0.4,0.39,0.39
0.49,8.12,0.4,0.4,0.38,0.39
0.55,8.54,0.4,0.4,0.38,0.39
0.58,9.56,0.4,0.4,0.38,0.39
0.49,10.26,0.4,0.4,0.38,0.39
0.49,10.83,0.4,0.4,0.38,0.39
0.61,11.69,0.39,0.4,0.38,0.39
0.58,12.36,0.39,0.4,0.37,0.39
0.57,13.08,0.39,0.4,0.37,0.39
0.71,14.1,0.39,0.4,0.37,0.39
0.63,14.81,0.39,0.4,0.37,0.39
0.66,15.5,0.39,0.39,0.37,0.39
0.75,16.11,0.39,0.39,0.36,0.39
0.9,17.12,0.39,0.39,0.36,0.39
0.82,18.06,0.38,0.39,0.36,0.39
0.87,18.66,0.38,0.39,0.35,0.39
0.76,19.62,0.38,0.39,0.35,0.39
0.82,20.31,0.38,0.39,0.35,0.39
0.84,20.95,0.38,0.39,0.34,0.39
0.73,21.85,0.38,0.38,0.34,0.39
1.09,22.47,0.37,0.38,0.34,0.39
0.82,23.33,0.37,0.38,0.34,0.39
0.78,24.01,0.37,0.38,0.33,0.39
1.07,24.9,0.37,0.37,0.33,0.39
0.95,25.87,0.36,0.37,0.32,0.39
1.01,26.84,0.36,0.37,0.32,0.39
1.01,27.63,0.36,0.37,0.32,0.39
1.12,28.41,0.36,0.36,0.31,0.39
1.03,29.38,0.35,0.36,0.31,0.39
1.09,30.25,0.35,0.35,0.3,0.39
1.17,31.12,0.34,0.35,0.3,0.39
1.12,32.02,0.34,0.35,0.3,0.39
1.29,32.72,0.34,0.34,0.29,0.39
1.2,33.33,0.34,0.34,0.29,0.38
1.2,34.08,0.34,0.34,0.28,0.38
1.18,34.87,0.33,0.33,0.28,0.38
1.28,35.73,0.33,0.33,0.27,0.38
1.29,36.37,0.33,0.33,0.27,0.38
1.16,37.25,0.32,0.32,0.27,0.38
1.36,37.73,0.32,0.32,0.26,0.38
1.37,38.54,0.32,0.32,0.26,0.38
1.36,39.22,0.31,0.31,0.26,0.37
1.41,39.94,0.31,0.31,0.25,0.37
1.31,40.42,0.31,0.31,0.25,0.37
1.28,40.56,0.31,0.31,0.25,0.37
1.36,41.38,0.31,0.31,0.25,0.37
1.52,41.54,0.31,0.3,0.24,0.37
1.47,42.23,0.3,0.3,0.24,0.37
1.41,42.28,0.3,0.3,0.24,0.37
1.49,42.9,0.3,0.3,0.24,0.37
1.34,43.09,0.3,0.3,0.24,0.37
1.37,43.36,0.3,0.29,0.23,0.37
1.46,43.81,0.3,0.29,0.23,0.37
1.66,43.67,0.3,0.29,0.23,0.37
1.47,43.54,0.3,0.29,0.23,0.37
1.64,43.89,0.3,0.29,0.23,0.37
1.19,43.62,0.3,0.29,0.23,0.37
1.27,44.2,0.3,0.29,0.23,0.37
1.06,43.52,0.3,0.29,0.23,0.37
1.35,43.74,0.3,0.29,0.23,0.37
1.46,43.74,0.3,0.29,0.23,0.37
1.56,43.7,0.3,0.29,0.23,0.37
1.3,43.46,0.3,0.29,0.23,0.37
1.28,43.94,0.3,0.29,0.23,0.37
1.2,43.77,0.3,0.29,0.23,0.37
1.36,43.86,0.3,0.29,0.23,0.37
1.68,43.48,0.3,0.29,0.23,0.37
1.09,43.83,0.3,0.29,0.23,0.37
1.57,43.81,0.3,0.29,0.23,0.37
1.51,44.18,0.29,0.29,0.23,0.37
1.08,44.44,0.29,0.29,0.22,0.36
1.41,45.31,0.29,0.28,0.22,0.36
1.36,45.34,0.29,0.28,0.22,0.36
1.68,46.6,0.28,0.28,0.21,0.36
1.75,46.88,0.28,0.27,0.21,0.36
1.72,47.86,0.28,0.27,0.2,0.36
1.77,48.08,0.27,0.27,0.2,0.35
1.62,48.91,0.27,0.26,0.19,0.35
1.83,49.24,0.27,0.26,0.19,0.35
1.76,50.01,0.26,0.26,0.18,0.35
1.78,51.56,0.26,0.25,0.18,0.34
1.85,51.1,0.26,0.25,0.17,0.34
1.93,52.63,0.26,0.24,0.17,0.34
1.77,52.7,0.25,0.24,0.16,0.34
2.06,53.91,0.25,0.24,0.15,0.33
1.76,54.17,0.25,0.23,0.15,0.33
1.91,55.58,0.24,0.23,0.14,0.33
2.11,56.49,0.24,0.22,0.14,0.33
2.18,56.64,0.23,0.22,0.13,0.32
1.79,57.86,0.23,0.21,0.12,0.32
1.92,57.81,0.23,0.21,0.11,0.32
1.54,59.84,0.23,0.2,0.11,0.31
1.88,59.12,0.22,0.2,0.1,0.31
1.87,61.23,0.22,0.19,0.09,0.31
1.84,61.32,0.21,0.19,0.09,0.3
1.93,62.24,0.21,0.18,0.08,0.3
1.88,62.78,0.2,0.18,0.07,0.29
1.8,63.62,0.19,0.17,0.06,0.29
1.83,64.65,0.19,0.17,0.06,0.28
1.78,64.99,0.18,0.16,0.05,0.28
2.15,65.56,0.17,0.15,0.04,0.28
1.86,67.03,0.17,0.15,0.04,0.27
2,68.71,0.16,0.14,0.04,0.27
2.07,69.88,0.15,0.14,0.03,0.26
1.88,68.29,0.15,0.13,0.03,0.26
1.79,70.58,0.14,0.13,0.03,0.26
1.75,68.25,0.14,0.13,0.02,0.26
1.7,71.67,0.14,0.13,0.02,0.26
2.1,71.18,0.13,0.12,0.02,0.25
2.03,72.2,0.13,0.12,0.02,0.25
2.08,72.16,0.13,0.12,0.02,0.25
2.08,72.12,0.13,0.12,0.02,0.25
1.97,72.48,0.12,0.11,0.02,0.25
1.97,73.49,0.12,0.11,0.02,0.24
1.82,73.77,0.12,0.11,0.02,0.24
1.89,73.07,0.12,0.11,0.02,0.24
1.91,73.65,0.12,0.11,0.02,0.24
1.9,72.8,0.12,0.11,0.02,0.24
2.09,73.77,0.12,0.11,0.02,0.24
2.04,73.88,0.12,0.11,0.02,0.24
2.01,73.5,0.12,0.11,0.02,0.24
1.86,73.34,0.12,0.11,0.02,0.24
2.01,73.04,0.12,0.12,0.02,0.25
2.12,72.3,0.13,0.12,0.02,0.25
1.85,71.28,0.13,0.12,0.02,0.25
2,72.32,0.14,0.13,0.02,0.26
2.22,70.3,0.15,0.13,0.03,0.26
2.03,70.58,0.16,0.14,0.03,0.27
1.86,69.69,0.16,0.14,0.04,0.27
1.82,67.74,0.17,0.15,0.04,0.27
1.79,67.2,0.18,0.16,0.05,0.28
1.78,66.25,0.18,0.16,0.05,0.28
2.16,65.18,0.19,0.17,0.06,0.29
2.17,64.38,0.2,0.18,0.07,0.3
1.88,62.97,0.21,0.19,0.08,0.3
1.99,62.22,0.22,0.19,0.1,0.31
1.85,61.66,0.22,0.2,0.1,0.31
1.9,58.84,0.23,0.21,0.12,0.32
1.87,58.86,0.23,0.22,0.13,0.32
1.81,57.05,0.24,0.22,0.13,0.33
1.85,55.97,0.25,0.23,0.14,0.33
1.71,55.18,0.25,0.23,0.15,0.33
1.79,53.4,0.25,0.24,0.16,0.34
1.69,53.18,0.26,0.25,0.17,0.34
1.71,50.73,0.26,0.26,0.19,0.35
2.16,51.31,0.27,0.27,0.2,0.35
2.07,48.72,0.28,0.27,0.2,0.36
1.85,47.91,0.28,0.28,0.21,0.36
2.17,47.64,0.29,0.28,0.22,0.36
1.74,45.8,0.29,0.29,0.23,0.37
1.22,44.45,0.3,0.3,0.23,0.37
1.12,42.46,0.3,0.3,0.24,0.37
1.06,41.53,0.31,0.31,0.25,0.37
1.5,40.9,0.31,0.31,0.26,0.37
1.84,39.34,0.32,0.32,0.26,0.38
1.47,38.57,0.32,0.32,0.27,0.38
0.95,37.16,0.33,0.33,0.27,0.38
1.24,36.81,0.33,0.33,0.28,0.38
1.31,35.81,0.33,0.34,0.28,0.38
0.16,34.19,0.33,0.34,0.28,0.38
1.65,34.66,0.34,0.34,0.29,0.38
1.4,33.67,0.34,0.35,0.29,0.39
1.83,33.31,0.34,0.35,0.3,0.39
0.92,32.3,0.34,0.35,0.3,0.39
0.93,31.5,0.35,0.36,0.3,0.39
1.22,30.72,0.35,0.36,0.31,0.39
1.15,30.06,0.35,0.36,0.31,0.39
1.2,29.22,0.36,0.36,0.31,0.39
1.32,28.72,0.36,0.37,0.32,0.39
1.52,27.67,0.36,0.37,0.32,0.39
1.02,27.44,0.36,0.37,0.32,0.39
1.16,26.7,0.36,0.37,0.32,0.39
0.83,25.91,0.37,0.37,0.33,0.39
0.71,25.37,0.37,0.38,0.33,0.39
1,24.42,0.37,0.38,0.34,0.39
1.25,23.63,0.37,0.38,0.34,0.39
1.06,23.08,0.38,0.38,0.34,0.39
0.88,21.65,0.38,0.39,0.35,0.39
1.02,21.63,0.38,0.39,0.35,0.39
0.93,20.84,0.38,0.39,0.35,0.39
1.1,20.04,0.38,0.39,0.35,0.39
0.93,19.54,0.38,0.39,0.35,0.39
1.06,18.76,0.39,0.39,0.36,0.39
0.99,17.9,0.39,0.39,0.36,0.39
0.79,16.99,0.39,0.39,0.36,0.39
0.82,16.18,0.39,0.39,0.37,0.39
0.86,15.12,0.39,0.4,0.37,0.39
0.8,14.16,0.39,0.4,0.37,0.39
0.75,12.89,0.39,0.4,0.38,0.39
0.72,11.84,0.4,0.4,0.38,0.39
0.66,10.72,0.4,0.4,0.38,0.39
0.71,9.66,0.4,0.4,0.38,0.39
0.55,8.81,0.4,0.4,0.39,0.39
0.33,8.1,0.4,0.4,0.39,0.39
0.52,7.35,0.4,0.4,0.39,0.39
0.63,6.35,0.4,0.4,0.39,0.39
0.55,5.73,0.4,0.4,0.39,0.39
0.39,4.87,0.4,0.4,0.39,0.39
0.71,4.49,0.4,0.4,0.39,0.39
0.44,3.12,0.4,0.4,0.4,0.39
0.42,2.55,0.4,0.4,0.4,0.38
0.34,1.5,0.41,0.4,0.4,0.38
0.66,0.44,0.41,0.4,0.4,0.38
0.34,-0.34,0.41,0.4,0.4,0.38
0.66,-1.46,0.41,0.4,0.4,0.38
0.14,-2.02,0.41,0.4,0.41,0.38
-0.05,-3.5,0.41,0.4,0.41,0.37
0.37,-4.36,0.4,0.4,0.41,0.37
0.14,-5.03,0.4,0.4,0.41,0.37
0.33,-6.11,0.4,0.4,0.41,0.37
-0.01,-7.01,0.4,0.4,0.41,0.37
0.35,-7.64,0.4,0.4,0.41,0.37
0.14,-8.3,0.4,0.4,0.41,0.36
-0.09,-9.11,0.4,0.4,0.41,0.36
-0.22,-9.98,0.4,0.4,0.41,0.36
0.34,-10.75,0.4,0.4,0.41,0.36
-0.15,-11.19,0.4,0.39,0.41,0.36
0.07,-11.98,0.4,0.39,0.41,0.35
-0.07,-12.7,0.4,0.39,0.41,0.35
-0.08,-13.61,0.4,0.39,0.41,0.35
-0.02,-14.09,0.4,0.39,0.41,0.35
0.01,-14.76,0.4,0.39,0.41,0.34
-0.23,-15.98,0.39,0.39,0.41,0.34
-0.21,-16.94,0.39,0.38,0.41,0.34
-0.24,-17.05,0.39,0.38,0.41,0.33
0.02,-18.23,0.39,0.38,0.41,0.33
-0.17,-19.92,0.39,0.38,0.41,0.32
-0.56,-20.46,0.39,0.38,0.41,0.32
-0.12,-20.94,0.38,0.37,0.41,0.32
-0.36,-21.61,0.38,0.37,0.41,0.32
-0.26,-21.95,0.38,0.37,0.41,0.32
-0.4,-22.8,0.38,0.37,0.41,0.31
-0.54,-22.65,0.38,0.37,0.41,0.31
-0.26,-23.3,0.38,0.37,0.41,0.31
-0.17,-23.34,0.38,0.37,0.41,0.31
-0.27,-23.74,0.38,0.37,0.41,0.31
-0.38,-24.58,0.38,0.37,0.41,0.3
-0.75,-24.92,0.37,0.36,0.41,0.3
-0.36,-25.98,0.37,0.36,0.41,0.3
-0.21,-26.72,0.37,0.36,0.41,0.29
-0.51,-27.31,0.37,0.36,0.41,0.29
-0.6,-27.62,0.37,0.36,0.41,0.29
-0.4,-28.66,0.36,0.35,0.4,0.28
-0.5,-29.71,0.36,0.35,0.4,0.28
-0.97,-30.48,0.35,0.35,0.4,0.27
-0.56,-31.63,0.35,0.34,0.4,0.27
-0.65,-32.77,0.35,0.34,0.4,0.27
-0.6,-33.5,0.34,0.34,0.4,0.26
-0.9,-33.64,0.34,0.33,0.4,0.26
-0.94,-34.84,0.34,0.33,0.4,0.26
-0.71,-34.97,0.34,0.33,0.4,0.26
-0.68,-35.79,0.33,0.33,0.4,0.25
-0.71,-36.29,0.33,0.33,0.4,0.25
-0.73,-37.39,0.32,0.32,0.39,0.25
-0.61,-37.63,0.32,0.32,0.39,0.24
-0.84,-38.93,0.31,0.31,0.39,0.23
-0.82,-39.41,0.31,0.31,0.39,0.23
-0.92,-40.68,0.3,0.31,0.39,0.22
-1.16,-42.14,0.3,0.3,0.39,0.22
-0.84,-42.54,0.29,0.3,0.39,0.21
-1.02,-43.6,0.29,0.29,0.39,0.21
-1.04,-44.03,0.28,0.29,0.38,0.2
-0.83,-45.18,0.28,0.29,0.38,0.2
-0.96,-45.92,0.28,0.29,0.38,0.2
-1,-46.96,0.27,0.28,0.38,0.19
-0.98,-47.32,0.27,0.28,0.38,0.18
-0.86,-49.17,0.26,0.27,0.38,0.18
-0.73,-48.83,0.26,0.27,0.37,0.17
-1.15,-49.99,0.25,0.27,0.37,0.16
-0.94,-51.08,0.25,0.26,0.37,0.16
-1.35,-52.16,0.24,0.26,0.36,0.15
-0.93,-52.6,0.24,0.25,0.36,0.14
-1.32,-53.51,0.23,0.25,0.36,0.14
-1.02,-54.53,0.23,0.25,0.36,0.13
-1.34,-55.05,0.22,0.24,0.35,0.12
-1.18,-55.89,0.22,0.24,0.35,0.12
-1.18,-56.71,0.21,0.23,0.35,0.11
-1.2,-57.9,0.21,0.23,0.35,0.1
-1.13,-57.93,0.2,0.22,0.34,0.1
-1.34,-58.99,0.2,0.22,0.34,0.09
-1.21,-59.55,0.2,0.21,0.34,0.09
-1.45,-61.14,0.19,0.21,0.34,0.08
-1.3,-61.23,0.18,0.2,0.33,0.07
-1.54,-62.38,0.18,0.19,0.33,0.06
-1.14,-62.69,0.17,0.19,0.33,0.06
-1.54,-63.22,0.17,0.19,0.33,0.06
-1.28,-64.48,0.17,0.18,0.33,0.05
-1.49,-64.54,0.16,0.18,0.33,0.05
-1.29,-64.57,0.16,0.17,0.32,0.05
-1.37,-65.33,0.16,0.17,0.32,0.04
-1.47,-65.72,0.16,0.17,0.32,0.04
-1.29,-66.25,0.15,0.17,0.32,0.04
-1.43,-66.82,0.15,0.16,0.32,0.04
-1.34,-66.7,0.15,0.16,0.31,0.04
-1.41,-66.81,0.15,0.16,0.31,0.03
-1.42,-66.95,0.15,0.16,0.31,0.03
-1.41,-67.32,0.15,0.15,0.31,0.03
-1.47,-67.78,0.15,0.15,0.31,0.03
-1.44,-66.79,0.15,0.15,0.31,0.03
-1.49,-67.97,0.15,0.15,0.31,0.03
-1.23,-67.98,0.15,0.15,0.31,0.03
-1.47,-68,0.15,0.15,0.31,0.03
-1.53,-67.23,0.14,0.15,0.31,0.03
-1.39,-67.93,0.14,0.15,0.31,0.03
-1.6,-67.3,0.15,0.15,0.31,0.03
-1.4,-67.72,0.15,0.16,0.31,0.03
-1.42,-66.64,0.15,0.16,0.32,0.04
-1.39,-66.19,0.16,0.17,0.32,0.04
-1.2,-65.4,0.16,0.18,0.32,0.05
-1.55,-65.31,0.17,0.18,0.33,0.06
-1.55,-63.97,0.17,0.19,0.33,0.06
-1.46,-63.01,0.18,0.2,0.33,0.07
-1.39,-62.52,0.19,0.21,0.33,0.08
-1.13,-60.2,0.2,0.22,0.34,0.09
-1.47,-60.36,0.21,0.22,0.34,0.1
-1.26,-58.26,0.21,0.23,0.35,0.11
-1.41,-56.76,0.22,0.24,0.35,0.12
-1.22,-55.66,0.23,0.25,0.36,0.13
-1.29,-54.6,0.23,0.25,0.36,0.14
-1.22,-53.02,0.24,0.26,0.37,0.15
-1.24,-51.85,0.25,0.27,0.37,0.17
-1.18,-50.26,0.26,0.27,0.37,0.17
-0.97,-48.82,0.27,0.28,0.38,0.18
-1.07,-47.67,0.27,0.28,0.38,0.19
-0.97,-46.35,0.28,0.29,0.38,0.2
-0.82,-44.77,0.29,0.3,0.38,0.21
-0.91,-43.03,0.3,0.3,0.39,0.22
-1.32,-41.72,0.31,0.31,0.39,0.23
-0.99,-40.3,0.31,0.31,0.39,0.24
-1.05,-39.03,0.32,0.32,0.39,0.24
-0.83,-37.7,0.33,0.33,0.4,0.25
-0.6,-36.59,0.33,0.33,0.4,0.26
-1,-35.63,0.34,0.34,0.4,0.26
-1.13,-34.2,0.35,0.34,0.4,0.27
-1.15,-33.01,0.35,0.34,0.4,0.27
-0.44,-31.8,0.35,0.35,0.4,0.28
-0.39,-31.41,0.36,0.35,0.4,0.28
-0.44,-30.18,0.36,0.35,0.41,0.29
-0.59,-28.57,0.36,0.36,0.41,0.29
-0.88,-28.24,0.37,0.36,0.41,0.29
-0.69,-27.31,0.37,0.36,0.41,0.3
-0.45,-25.42,0.38,0.37,0.41,0.3
-0.89,-24.88,0.38,0.37,0.41,0.31
-0.2,-24.68,0.38,0.37,0.41,0.31
-0.38,-23.21,0.38,0.37,0.41,0.31
-1.02,-22.71,0.38,0.37,0.41,0.32
-0.05,-22.15,0.38,0.38,0.41,0.32
0.98,-22.24,0.38,0.38,0.41,0.32
-0.2,-21.18,0.39,0.38,0.41,0.32
-0.3,-20.56,0.39,0.38,0.41,0.32
-0.11,-19.91,0.39,0.38,0.41,0.33
-0.3,-19.54,0.39,0.38,0.41,0.33
-0.13,-18.4,0.39,0.38,0.41,0.33
-0.24,-18.21,0.39,0.38,0.41,0.34
-0.29,-17.14,0.39,0.39,0.41,0.34
-0.1,-16.48,0.39,0.39,0.41,0.34
0.08,-16.05,0.4,0.39,0.41,0.34
-0.23,-15.18,0.4,0.39,0.41,0.35
-0.03,-14.57,0.4,0.39,0.41,0.35
-0.02,-13.68,0.4,0.39,0.41,0.35
0.05,-13.12,0.4,0.39,0.41,0.35
-0.07,-12.01,0.4,0.4,0.41,0.36
0.03,-11.14,0.4,0.4,0.41,0.36
0.05,-9.82,0.4,0.4,0.41,0.36
-0.03,-9.06,0.4,0.4,0.41,0.37
0.08,-7.81,0.4,0.4,0.41,0.37
-0.19,-6.8,0.4,0.4,0.41,0.37
0.02,-5.62,0.4,0.4,0.41,0.37
0.24,-4.44,0.4,0.4,0.41,0.38
0.16,-3.07,0.4,0.4,0.4,0.38
0.22,-1.98,0.4,0.4,0.4,0.38
0.23,-0.96,0.4,0.4,0.4,0.38
0.25,0.71,0.4,0.4,0.4,0.38
0.33,1.15,0.4,0.4,0.4,0.39
0.35,2.78,0.4,0.4,0.39,0.39
0.38,3.63,0.4,0.4,0.39,0.39
0.25,5.04,0.4,0.4,0.39,0.39
0.32,5.91,0.4,0.4,0.39,0.39
0.44,6.54,0.4,0.4,0.39,0.39
0.48,7.59,0.4,0.4,0.39,0.39
0.71,8.87,0.4,0.4,0.38,0.39
0.6,9.78,0.4,0.4,0.38,0.39
0.71,10.42,0.39,0.4,0.38,0.39
0.47,11.73,0.39,0.4,0.38,0.39
0.66,12.32,0.39,0.4,0.37,0.39
0.64,13.18,0.39,0.4,0.37,0.39
0.63,14.01,0.39,0.4,0.37,0.39
0.62,14.7,0.39,0.4,0.37,0.39
0.46,16.05,0.39,0.39,0.36,0.39
0.81,16.6,0.39,0.39,0.36,0.39
0.81,18.17,0.38,0.39,0.36,0.39
0.78,18.65,0.38,0.39,0.35,0.39
0.78,20.15,0.38,0.39,0.35,0.39
0.9,20.74,0.38,0.39,0.35,0.39
1.04,21.8,0.38,0.38,0.34,0.39
0.77,23.01,0.37,0.38,0.34,0.39
1.09,24.06,0.37,0.38,0.33,0.39
1.03,25.09,0.37,0.37,0.33,0.39
1.04,26.41,0.36,0.37,0.32,0.39
1.11,27.46,0.36,0.37,0.32,0.39
1.23,28.35,0.36,0.36,0.31,0.39
1.09,29.34,0.35,0.36,0.31,0.39
1.19,30.36,0.35,0.35,0.3,0.39
1.2,31.45,0.34,0.35,0.3,0.39
1.24,32.53,0.34,0.34,0.29,0.39
1.33,33.11,0.34,0.34,0.29,0.38
1.25,34.07,0.33,0.34,0.28,0.38
1.36,35,0.33,0.34,0.28,0.38
1.31,35.36,0.33,0.33,0.28,0.38
1.34,36.13,0.33,0.33,0.27,0.38
1.28,36.91,0.32,0.33,0.27,0.38
1.38,37.44,0.32,0.32,0.26,0.38
1.65,38.66,0.32,0.32,0.26,0.38
1.34,39.08,0.31,0.31,0.26,0.37
1.41,40.05,0.31,0.31,0.25,0.37
1.45,40.78,0.31,0.31,0.25,0.37
1.48,41.59,0.3,0.3,0.24,0.37
1.32,42.3,0.3,0.3,0.24,0.37
1.6,43.1,0.3,0.3,0.24,0.37
1.42,43.35,0.3,0.29,0.23,0.37
1.58,43.99,0.29,0.29,0.23,0.36
1.51,44.68,0.29,0.29,0.22,0.36
1.37,45.21,0.29,0.28,0.22,0.36
1.48,45.8,0.29,0.28,0.22,0.36
1.88,46.33,0.29,0.28,0.22,0.36
1.3,46.13,0.29,0.28,0.22,0.36
1.45,47.11,0.28,0.28,0.21,0.36
1.41,47.15,0.28,0.27,0.21,0.36
1.17,47.54,0.28,0.27,0.21,0.36
1.66,47.85,0.28,0.27,0.2,0.36
1.59,47.96,0.28,0.27,0.2,0.36
1.54,48.37,0.27,0.27,0.2,0.35
1.65,49.02,0.27,0.26,0.2,0.35
1.68,48.73,0.27,0.26,0.19,0.35
1.56,49.6,0.27,0.26,0.19,0.35
1.66,49.5,0.27,0.26,0.19,0.35
1.71,49.89,0.27,0.26,0.18,0.35
1.96,49.88,0.26,0.26,0.18,0.35
1.46,51.22,0.26,0.25,0.18,0.35
1.74,50.73,0.26,0.25,0.18,0.34
1.83,51.43,0.26,0.25,0.17,0.34
1.62,52.62,0.26,0.25,0.17,0.34
1.87,52.82,0.25,0.24,0.16,0.34
1.71,53.51,0.25,0.24,0.16,0.34
1.79,53.47,0.25,0.23,0.15,0.33
1.74,54.33,0.25,0.23,0.15,0.33
1.81,55.41,0.24,0.23,0.14,0.33
1.69,55.46,0.24,0.22,0.13,0.33
2.08,56.69,0.23,0.22,0.13,0.32
1.98,57.16,0.23,0.22,0.12,0.32
1.82,58.17,0.23,0.21,0.12,0.32
1.88,57.57,0.23,0.21,0.11,0.32
1.86,59.59,0.23,0.21,0.11,0.31
1.93,59.39,0.22,0.2,0.11,0.31
1.84,59.69,0.22,0.2,0.1,0.31
1.83,60.81,0.22,0.19,0.1,0.31
2.03,60.59,0.21,0.19,0.09,0.3
1.8,62.27,0.21,0.19,0.09,0.3
1.77,63.18,0.21,0.18,0.08,0.3
1.96,63.17,0.2,0.18,0.07,0.29
1.88,63.94,0.19,0.17,0.07,0.29
1.67,64.04,0.19,0.17,0.06,0.29
1.76,65.57,0.19,0.16,0.06,0.28
1.95,66.22,0.18,0.16,0.05,0.28
2.27,66.08,0.18,0.16,0.05,0.28
2.04,67.23,0.17,0.15,0.05,0.28
1.93,68.57,0.17,0.15,0.04,0.27
2.08,67.92,0.17,0.15,0.04,0.27
2.06,68.51,0.16,0.15,0.04,0.27
2.12,68.64,0.16,0.14,0.04,0.27
2.26,69.4,0.16,0.14,0.04,0.27
2.03,69.63,0.16,0.14,0.03,0.27
1.89,68.94,0.16,0.14,0.03,0.27
2.06,69.57,0.15,0.14,0.03,0.26
1.97,71.34,0.15,0.14,0.03,0.26
2.27,69.71,0.15,0.13,0.03,0.26
2.01,70.72,0.15,0.13,0.03,0.26
2.08,70.17,0.15,0.13,0.03,0.26
2.11,70.69,0.15,0.13,0.03,0.26
1.97,69.42,0.15,0.14,0.03,0.26
2.02,69.78,0.16,0.14,0.03,0.27
2.07,68.24,0.17,0.15,0.04,0.27
1.71,67.77,0.17,0.15,0.05,0.28
1.97,67.78,0.18,0.16,0.05,0.28
2.2,65.75,0.19,0.17,0.06,0.29
1.85,65.07,0.2,0.18,0.07,0.29
2.01,64.2,0.21,0.18,0.08,0.3
1.94,62.38,0.21,0.19,0.09,0.3
1.97,62.55,0.22,0.2,0.1,0.31
2.11,60.88,0.22,0.2,0.11,0.31
2.03,58.28,0.23,0.21,0.12,0.32
1.57,58.54,0.24,0.22,0.13,0.32
2.19,56.71,0.24,0.23,0.14,0.33
1.83,56.05,0.25,0.23,0.15,0.33
1.83,54.63,0.25,0.24,0.16,0.34
1.96,53.32,0.26,0.25,0.17,0.34
1.83,52.95,0.26,0.25,0.18,0.34
1.71,51.42,0.26,0.26,0.18,0.35
1.85,49.46,0.27,0.26,0.19,0.35
1.85,49.53,0.28,0.27,0.2,0.36
1.85,48.1,0.28,0.27,0.21,0.36
1.58,46.99,0.29,0.28,0.22,0.36
1.39,45.81,0.29,0.29,0.22,0.36
1.4,44.88,0.3,0.29,0.23,0.37
1.69,44.17,0.3,0.29,0.23,0.37
1.66,43.04,0.3,0.3,0.24,0.37
1.57,43.27,0.3,0.3,0.24,0.37
1.72,41.57,0.31,0.31,0.25,0.37
1.71,41.21,0.31,0.31,0.25,0.37
1.41,40.34,0.31,0.31,0.26,0.37
1.62,39.82,0.32,0.32,0.26,0.38
1.35,38.98,0.32,0.32,0.26,0.38
1.53,38.14,0.32,0.32,0.27,0.38
1.45,37.26,0.33,0.33,0.27,0.38
1.38,36.6,0.33,0.33,0.28,0.38
1.53,35.33,0.33,0.34,0.28,0.38
1.36,34.03,0.34,0.34,0.29,0.38
1.14,33.17,0.34,0.35,0.29,0.39
1.14,32.42,0.34,0.35,0.3,0.39
1.33,31.4,0.35,0.36,0.3,0.39
1.33,30.79,0.35,0.36,0.31,0.39
1.36,29.7,0.36,0.36,0.31,0.39
1.15,29.03,0.36,0.37,0.32,0.39
1.24,28.13,0.36,0.37,0.32,0.39
1.24,26.99,0.36,0.37,0.32,0.39
0.97,26.28,0.37,0.37,0.33,0.39
1.09,25.3,0.37,0.38,0.33,0.39
1.04,24.31,0.37,0.38,0.34,0.39
1,23.16,0.38,0.38,0.34,0.39
1,21.9,0.38,0.38,0.35,0.39
0.98,20.45,0.38,0.39,0.35,0.39
1.04,19.54,0.39,0.39,0.36,0.39
0.91,18.66,0.39,0.39,0.36,0.39
0.75,17.81,0.39,0.39,0.36,0.39
0.97,16.49,0.39,0.39,0.37,0.39
1.05,15.33,0.39,0.39,0.37,0.39
0.95,14.37,0.39,0.4,0.37,0.39
0.93,13.08,0.39,0.4,0.37,0.39
0.84,12.38,0.4,0.4,0.38,0.39
0.77,11.48,0.4,0.4,0.38,0.39
0.76,10.54,0.4,0.4,0.38,0.39
0.72,9.46,0.4,0.4,0.38,0.39
0.48,8.6,0.4,0.4,0.39,0.39
0.64,7.84,0.4,0.4,0.39,0.39
0.79,6.74,0.4,0.4,0.39,0.39
0.66,5.56,0.4,0.4,0.39,0.39
0.66,5.45,0.4,0.4,0.39,0.39
0.44,4.28,0.4,0.4,0.39,0.39
0.29,3.21,0.4,0.4,0.4,0.39
0.72,2.76,0.4,0.4,0.4,0.39
0.71,2.26,0.4,0.4,0.4,0.39
0.45,2.26,0.4,0.4,0.4,0.38
0.38,1.79,0.4,0.4,0.4,0.38
0.58,1.28,0.41,0.4,0.4,0.38
0.41,1.09,0.4,0.4,0.4,0.38
0.35,0.66,0.41,0.4,0.4,0.38
0.2,0.44,0.41,0.4,0.4,0.38
0.25,-0.18,0.41,0.4,0.4,0.38
0.49,-0.06,0.41,0.4,0.4,0.38
0.68,-0.11,0.41,0.4,0.4,0.38
0.57,-0.05,0.41,0.4,0.4,0.38
-0.01,0.34,0.41,0.4,0.4,0.38
0.85,-0.21,0.41,0.4,0.4,0.38
0.82,-0.8,0.41,0.4,0.4,0.38
0.2,0.07,0.41,0.4,0.4,0.38
-0.31,-0.52,0.41,0.4,0.4,0.38
0.52,-0.44,0.41,0.4,0.4,0.38
0.15,-0.14,0.41,0.4,0.4,0.38
0.5,-0.75,0.41,0.4,0.4,0.38
0.33,-0.95,0.41,0.4,0.4,0.38
0.12,-1.12,0.41,0.4,0.4,0.38
0.29,-1.01,0.41,0.4,0.4,0.38
0.34,-1.34,0.41,0.4,0.4,0.38
0.2,-1.17,0.41,0.4,0.4,0.38
0.59,-1.18,0.41,0.4,0.4,0.38
0.63,-1.23,0.41,0.4,0.4,0.38
0.44,-1.16,0.41,0.4,0.4,0.38
