-0.55,5.78,0.4,0.37,0.37,0.4
-0.24,5.75,0.4,0.37,0.37,0.4
-0.36,5.8,0.4,0.37,0.37,0.4
-0.45,5.82,0.4,0.37,0.37,0.4
-0.41,5.76,0.4,0.37,0.37,0.4
-0.35,5.78,0.4,0.37,0.37,0.4
-0.41,5.71,0.4,0.37,0.37,0.4
-0.78,5.72,0.4,0.37,0.37,0.4
-0.61,5.7,0.4,0.37,0.37,0.4
-0.33,5.63,0.4,0.37,0.37,0.4
-0.43,5.64,0.4,0.37,0.37,0.4
-0.28,5.51,0.4,0.37,0.37,0.4
-0.34,5.63,0.4,0.37,0.37,0.4
-0.31,5.27,0.4,0.37,0.37,0.4
-0.41,5.52,0.4,0.37,0.37,0.4
-0.21,5.45,0.4,0.37,0.37,0.4
-0.55,5.57,0.4,0.37,0.37,0.4
-0.32,5.46,0.4,0.37,0.37,0.4
-0.64,5.57,0.4,0.37,0.37,0.4
-0.56,5.61,0.4,0.37,0.37,0.4
-0.34,5.54,0.4,0.37,0.37,0.4
-0.54,5.53,0.4,0.37,0.37,0.4
-0.33,5.56,0.4,0.37,0.37,0.4
-0.07,5.4,0.4,0.37,0.37,0.4
-0.41,5.41,0.4,0.37,0.37,0.4
-0.34,5.32,0.4,0.37,0.37,0.4
-0.18,5.21,0.4,0.37,0.37,0.4
-0.24,4.98,0.4,0.37,0.37,0.4
-0.44,4.77,0.4,0.37,0.37,0.4
-0.33,4.4,0.4,0.37,0.37,0.4
-0.56,3.79,0.4,0.37,0.37,0.4
-0.55,3.4,0.4,0.37,0.37,0.4
-0.5,2.7,0.4,0.37,0.38,0.4
-0.45,2.45,0.4,0.37,0.38,0.4
-0.51,1.73,0.4,0.38,0.38,0.4
-0.56,1.37,0.4,0.38,0.38,0.4
-0.3,0.85,0.4,0.38,0.38,0.4
-0.52,0.33,0.4,0.38,0.38,0.4
-0.47,-0.37,0.4,0.38,0.38,0.4
-0.56,-1.25,0.4,0.38,0.38,0.4
-0.48,-2,0.4,0.38,0.38,0.39
-0.62,-3.07,0.4,0.38,0.38,0.39
-0.79,-3.72,0.4,0.38,0.38,0.39
-0.55,-4.69,0.4,0.38,0.38,0.39
-0.63,-5.18,0.4,0.38,0.39,0.39
-0.92,-5.86,0.4,0.38,0.39,0.39
-0.91,-6.29,0.4,0.38,0.39,0.39
-0.79,-6.83,0.4,0.37,0.39,0.39
-0.8,-7.3,0.4,0.37,0.39,0.39
-0.75,-7.82,0.4,0.37,0.39,0.38
-0.68,-8.47,0.4,0.37,0.39,0.38
-0.88,-9.06,0.4,0.37,0.39,0.38
-0.94,-9.66,0.4,0.37,0.39,0.38
-1,-10.2,0.4,0.37,0.39,0.38
-0.97,-10.75,0.4,0.37,0.39,0.38
-0.86,-11.27,0.4,0.37,0.39,0.38
-0.95,-11.88,0.4,0.37,0.39,0.37
-1.02,-12.4,0.4,0.37,0.39,0.37
-0.97,-13.28,0.4,0.37,0.39,0.37
-0.93,-13.92,0.39,0.37,0.39,0.37
-1.11,-14.47,0.39,0.37,0.39,0.37
-1.05,-14.63,0.39,0.37,0.39,0.37
-1.09,-15.21,0.39,0.37,0.39,0.37
-1.13,-15.55,0.39,0.37,0.39,0.37
-0.9,-15.89,0.39,0.37,0.4,0.36
-1.02,-16.52,0.39,0.37,0.39,0.36
-0.98,-16.83,0.39,0.37,0.39,0.36
-0.96,-16.93,0.39,0.37,0.4,0.36
-1.06,-17.27,0.39,0.37,0.39,0.36
-1.05,-17.48,0.39,0.37,0.4,0.36
-0.97,-17.76,0.39,0.37,0.4,0.36
-1.09,-18.17,0.39,0.36,0.4,0.36
-1.07,-18.49,0.39,0.36,0.4,0.35
-0.95,-18.99,0.39,0.36,0.4,0.35
-0.94,-19.45,0.39,0.36,0.4,0.35
-1.17,-19.75,0.39,0.36,0.4,0.35
-1.13,-20.44,0.39,0.36,0.4,0.35
-1.25,-21.1,0.39,0.36,0.4,0.34
-1.34,-21.61,0.38,0.36,0.4,0.34
-1.27,-22.29,0.38,0.36,0.4,0.34
-1.23,-22.97,0.38,0.36,0.4,0.34
-1.14,-23.34,0.38,0.35,0.4,0.34
-1.29,-23.91,0.38,0.35,0.4,0.34
-1.23,-24.29,0.38,0.35,0.4,0.33
-1.31,-24.59,0.38,0.35,0.4,0.33
-1.35,-24.94,0.38,0.35,0.4,0.33
-1.29,-25.26,0.38,0.35,0.4,0.33
-1.13,-25.57,0.38,0.35,0.4,0.33
-1.34,-25.73,0.38,0.35,0.4,0.33
-1.61,-25.59,0.37,0.35,0.41,0.33
-1.61,-25.77,0.37,0.35,0.4,0.33
-1.28,-26.02,0.37,0.35,0.4,0.33
-1.2,-26.15,0.37,0.35,0.41,0.33
-1.39,-26.5,0.37,0.35,0.41,0.33
-1.6,-26.8,0.37,0.35,0.41,0.32
-1.45,-27.16,0.37,0.35,0.41,0.32
-1.26,-27.56,0.37,0.34,0.41,0.32
-1.44,-27.91,0.37,0.34,0.41,0.32
-1.35,-28.21,0.37,0.34,0.41,0.32
-1.36,-28.62,0.37,0.34,0.41,0.32
-1.36,-28.91,0.36,0.34,0.41,0.31
-1.37,-29.51,0.36,0.34,0.41,0.31
-1.37,-29.8,0.36,0.34,0.4,0.31
-1.4,-30.23,0.36,0.34,0.4,0.31
-1.51,-30.72,0.36,0.34,0.4,0.31
-1.5,-31.24,0.36,0.34,0.4,0.31
-1.56,-31.48,0.36,0.33,0.4,0.3
-1.5,-31.9,0.35,0.33,0.4,0.3
-1.48,-32.44,0.35,0.33,0.4,0.3
-1.59,-32.75,0.35,0.33,0.4,0.3
-1.5,-33.04,0.35,0.33,0.4,0.3
-1.42,-33.22,0.35,0.33,0.4,0.3
-1.43,-33.37,0.35,0.33,0.4,0.29
-1.32,-33.63,0.35,0.33,0.39,0.29
-1.54,-34.05,0.35,0.33,0.39,0.29
-1.46,-34.36,0.35,0.33,0.39,0.29
-1.48,-34.63,0.34,0.32,0.39,0.29
-1.5,-34.98,0.34,0.32,0.39,0.28
-1.61,-35.51,0.34,0.32,0.39,0.28
-1.59,-35.86,0.34,0.32,0.39,0.28
-1.63,-36.26,0.34,0.32,0.39,0.28
-1.66,-36.57,0.33,0.32,0.39,0.28
-1.6,-36.92,0.33,0.32,0.39,0.28
-1.56,-37.14,0.33,0.32,0.39,0.27
-1.66,-37.52,0.33,0.31,0.39,0.27
-1.56,-38.07,0.33,0.31,0.39,0.27
-1.67,-38.46,0.33,0.31,0.39,0.27
-1.61,-38.71,0.33,0.31,0.39,0.27
-1.68,-39.03,0.32,0.31,0.39,0.26
-1.77,-39.49,0.32,0.31,0.39,0.26
-1.71,-39.88,0.32,0.31,0.39,0.26
-1.66,-40.39,0.32,0.3,0.39,0.26
-1.75,-40.71,0.32,0.3,0.38,0.25
-1.72,-41.09,0.31,0.3,0.38,0.25
-1.66,-41.57,0.31,0.3,0.38,0.25
-1.81,-41.89,0.31,0.3,0.38,0.25
-1.77,-42.05,0.31,0.3,0.38,0.25
-1.84,-42.45,0.31,0.3,0.38,0.24
-1.82,-42.7,0.31,0.29,0.38,0.24
-1.74,-43.08,0.31,0.29,0.38,0.24
-1.65,-43.52,0.3,0.29,0.38,0.24
-1.77,-43.57,0.3,0.29,0.38,0.24
-1.83,-44.2,0.3,0.29,0.38,0.24
-1.83,-44.41,0.3,0.29,0.38,0.23
-1.88,-44.69,0.3,0.29,0.37,0.23
-1.83,-45.19,0.29,0.28,0.37,0.23
-1.79,-45.42,0.29,0.28,0.37,0.23
-1.83,-45.96,0.29,0.28,0.37,0.22
-1.77,-46.42,0.29,0.28,0.37,0.22
-1.79,-46.75,0.29,0.28,0.37,0.22
-1.75,-47.04,0.28,0.28,0.37,0.22
-1.86,-47.19,0.28,0.28,0.37,0.22
-1.97,-47.56,0.28,0.28,0.37,0.21
-1.9,-47.86,0.28,0.27,0.36,0.21
-1.93,-48.09,0.28,0.27,0.36,0.21
-1.93,-48.16,0.28,0.27,0.36,0.21
-1.94,-48.39,0.28,0.27,0.36,0.21
-2.04,-48.67,0.28,0.27,0.36,0.21
-2.05,-48.69,0.28,0.27,0.36,0.21
-1.79,-49.16,0.27,0.27,0.36,0.2
-2.04,-49.45,0.27,0.27,0.36,0.2
-1.92,-50.08,0.27,0.27,0.36,0.2
-1.9,-50.16,0.27,0.27,0.36,0.2
-1.95,-50.37,0.27,0.26,0.36,0.2
-1.84,-50.7,0.27,0.26,0.36,0.19
-1.92,-50.97,0.27,0.26,0.36,0.19
-1.99,-51,0.26,0.26,0.36,0.19
-1.99,-51.19,0.26,0.26,0.36,0.19
-2.08,-51.28,0.26,0.26,0.36,0.19
-1.9,-51.72,0.26,0.26,0.35,0.19
-2.09,-51.63,0.26,0.26,0.35,0.19
-2.08,-51.83,0.26,0.26,0.35,0.19
-2.12,-52.18,0.26,0.26,0.35,0.18
-2.06,-52.21,0.26,0.26,0.35,0.18
-2.04,-52.8,0.25,0.25,0.35,0.18
-1.95,-53.31,0.25,0.25,0.35,0.17
-2.16,-53.63,0.25,0.25,0.35,0.17
-2.21,-54.25,0.25,0.25,0.35,0.17
-2.06,-54.59,0.24,0.25,0.35,0.16
-2.02,-55.07,0.24,0.24,0.34,0.16
-2.15,-55.48,0.24,0.24,0.34,0.15
-2.13,-55.88,0.24,0.24,0.34,0.15
-2.05,-56.15,0.23,0.24,0.34,0.15
-2.08,-56.72,0.23,0.24,0.34,0.14
-2.15,-57.1,0.23,0.23,0.34,0.14
-2.12,-57.58,0.23,0.23,0.34,0.14
-2.12,-58.26,0.22,0.23,0.33,0.13
-2.17,-58.59,0.22,0.23,0.33,0.13
-2.17,-58.91,0.22,0.22,0.33,0.12
-2.23,-59.55,0.21,0.22,0.33,0.12
-2.1,-60.33,0.21,0.22,0.32,0.11
-2.04,-60.66,0.21,0.21,0.32,0.11
-2.29,-61.3,0.21,0.21,0.32,0.11
-2.11,-61.7,0.2,0.21,0.32,0.1
-2.29,-61.79,0.2,0.21,0.31,0.1
-2.31,-62.45,0.2,0.2,0.31,0.1
-2.3,-62.62,0.2,0.2,0.31,0.09
-2.29,-62.99,0.2,0.2,0.31,0.09
-2.27,-63.23,0.19,0.2,0.31,0.09
-2.25,-63.71,0.19,0.2,0.31,0.09
-2.24,-64.13,0.19,0.19,0.31,0.08
-2.26,-64.39,0.19,0.19,0.31,0.08
-2.28,-64.88,0.19,0.19,0.3,0.08
-2.27,-65.1,0.18,0.19,0.3,0.07
-2.26,-65.1,0.18,0.19,0.3,0.07
-2.38,-65.72,0.18,0.18,0.3,0.07
-2.3,-65.82,0.18,0.18,0.3,0.07
-2.36,-66.33,0.18,0.18,0.29,0.07
-2.26,-66.63,0.17,0.18,0.29,0.06
-2.31,-66.68,0.17,0.18,0.29,0.06
-2.37,-67.32,0.17,0.17,0.29,0.06
-2.33,-67.43,0.17,0.17,0.29,0.06
-2.32,-67.77,0.17,0.17,0.29,0.05
-2.28,-68.08,0.16,0.16,0.29,0.05
-2.53,-68.33,0.16,0.16,0.28,0.05
-2.65,-68.75,0.16,0.16,0.28,0.05
-2.42,-68.96,0.16,0.16,0.28,0.05
-2.48,-69.27,0.16,0.15,0.28,0.04
-2.42,-69.69,0.15,0.15,0.28,0.04
-2.34,-69.92,0.15,0.15,0.28,0.04
-2.4,-70.38,0.15,0.15,0.28,0.04
-2.47,-70.26,0.15,0.15,0.28,0.04
-2.33,-70.29,0.15,0.15,0.28,0.04
-2.33,-70.18,0.15,0.15,0.28,0.04
-2.31,-70.52,0.15,0.15,0.28,0.04
-2.36,-70.47,0.15,0.15,0.27,0.04
-2.48,-70.71,0.15,0.14,0.27,0.04
-2.44,-70.89,0.15,0.14,0.27,0.03
-2.4,-71.43,0.14,0.14,0.27,0.03
-2.37,-71.88,0.14,0.14,0.27,0.03
-2.39,-71.86,0.14,0.13,0.27,0.03
-2.45,-72.34,0.14,0.13,0.27,0.03
-2.43,-72.4,0.14,0.13,0.27,0.03
-2.44,-73.16,0.14,0.13,0.27,0.03
-2.22,-72.78,0.13,0.13,0.26,0.03
-2.38,-73.2,0.13,0.13,0.26,0.03
-2.48,-73.02,0.13,0.13,0.26,0.03
-2.51,-73.35,0.13,0.13,0.26,0.03
-2.5,-73.31,0.13,0.13,0.26,0.03
-2.41,-73.4,0.13,0.13,0.26,0.03
-2.42,-73.17,0.13,0.13,0.26,0.03
-2.37,-73.04,0.13,0.13,0.26,0.03
-2.37,-73.03,0.13,0.13,0.26,0.03
-2.34,-72.92,0.14,0.13,0.27,0.03
-2.41,-72.37,0.14,0.13,0.27,0.03
-2.48,-72.48,0.14,0.13,0.27,0.03
-2.36,-72.04,0.14,0.14,0.27,0.03
-2.38,-71.61,0.14,0.14,0.27,0.03
-2.42,-71.4,0.15,0.14,0.27,0.04
-2.33,-70.54,0.15,0.15,0.28,0.04
-2.28,-70.35,0.15,0.15,0.28,0.04
-2.41,-69.97,0.16,0.15,0.28,0.04
-2.27,-69.51,0.16,0.16,0.28,0.05
-2.32,-68.79,0.16,0.16,0.28,0.05
-2.34,-68.22,0.16,0.17,0.29,0.05
-2.4,-68.09,0.17,0.17,0.29,0.06
-2.34,-67.64,0.17,0.17,0.29,0.06
-2.36,-67.33,0.17,0.17,0.29,0.06
-2.42,-66.76,0.17,0.18,0.29,0.06
-2.37,-66.49,0.18,0.18,0.29,0.07
-2.29,-66.36,0.18,0.18,0.3,0.07
-2.45,-65.42,0.18,0.19,0.3,0.07
-2.36,-65.49,0.18,0.19,0.3,0.08
-2.25,-64.86,0.19,0.19,0.3,0.08
-2.17,-64.67,0.19,0.19,0.31,0.08
-2.21,-63.88,0.19,0.2,0.31,0.09
-2.37,-63.53,0.2,0.2,0.31,0.09
-2.31,-62.89,0.2,0.2,0.31,0.09
-2.37,-62.46,0.2,0.21,0.32,0.1
-2.24,-61.93,0.2,0.21,0.32,0.1
-1.95,-61.68,0.21,0.21,0.32,0.11
-2.26,-60.88,0.21,0.22,0.32,0.11
-2.28,-60.61,0.21,0.22,0.33,0.12
-2.27,-60.09,0.22,0.22,0.33,0.12
-2.2,-58.95,0.22,0.23,0.33,0.13
-2.25,-58.86,0.22,0.23,0.33,0.13
-2.21,-58.35,0.23,0.23,0.34,0.14
-2.15,-57.71,0.23,0.23,0.34,0.14
-2.14,-57.29,0.23,0.24,0.34,0.14
-2.19,-56.75,0.23,0.24,0.34,0.15
-2.24,-56.19,0.24,0.24,0.34,0.15
-2.08,-55.72,0.24,0.24,0.34,0.16
-2.07,-55.54,0.24,0.24,0.35,0.16
-2.06,-54.86,0.24,0.25,0.35,0.16
-2.08,-54.47,0.25,0.25,0.35,0.17
-2.07,-53.88,0.25,0.25,0.35,0.17
-2.04,-53.23,0.25,0.25,0.35,0.18
-2.16,-52.93,0.25,0.26,0.35,0.18
-2.04,-52.07,0.26,0.26,0.36,0.18
-2.12,-51.58,0.26,0.26,0.36,0.19
-1.96,-50.97,0.27,0.26,0.36,0.19
-1.95,-50.42,0.27,0.27,0.36,0.2
-2,-49.96,0.27,0.27,0.36,0.2
-2.01,-49.48,0.27,0.27,0.37,0.2
-1.93,-49.31,0.28,0.27,0.37,0.21
-1.95,-48.82,0.28,0.27,0.37,0.21
-1.92,-48.23,0.28,0.27,0.37,0.21
-2.01,-47.79,0.28,0.28,0.37,0.22
-1.97,-47.14,0.29,0.28,0.37,0.22
-2,-46.76,0.29,0.28,0.38,0.22
-1.92,-46.16,0.29,0.28,0.38,0.23
-1.93,-45.82,0.29,0.28,0.38,0.23
-1.78,-45.46,0.3,0.29,0.38,0.23
-1.9,-44.98,0.3,0.29,0.38,0.23
-1.77,-44.39,0.3,0.29,0.38,0.23
-1.72,-44.04,0.3,0.29,0.38,0.24
-1.88,-43.74,0.3,0.29,0.38,0.24
-1.85,-43.3,0.31,0.29,0.39,0.24
-1.74,-42.83,0.31,0.3,0.39,0.24
-1.72,-42.32,0.31,0.3,0.39,0.25
-1.66,-41.59,0.31,0.3,0.39,0.25
-1.73,-41.18,0.32,0.3,0.39,0.25
-1.9,-40.81,0.32,0.3,0.39,0.26
-1.78,-40.29,0.32,0.31,0.39,0.26
-1.75,-39.8,0.32,0.31,0.39,0.26
-1.66,-39.52,0.32,0.31,0.39,0.26
-1.7,-39.04,0.33,0.31,0.39,0.27
-1.77,-38.82,0.33,0.31,0.4,0.27
-1.92,-38.69,0.33,0.31,0.4,0.27
-1.73,-38.66,0.33,0.31,0.39,0.27
-1.67,-38.58,0.33,0.31,0.4,0.27
-1.61,-38.41,0.33,0.31,0.39,0.27
-1.61,-38.43,0.33,0.31,0.4,0.27
-1.77,-38.07,0.33,0.31,0.39,0.27
-1.61,-37.9,0.33,0.31,0.39,0.27
-1.64,-37.62,0.33,0.31,0.39,0.27
-1.86,-37.3,0.33,0.32,0.39,0.28
-1.58,-37.28,0.33,0.32,0.39,0.28
-1.61,-36.87,0.34,0.32,0.39,0.28
-1.55,-36.66,0.34,0.32,0.39,0.28
-1.62,-36.39,0.34,0.32,0.4,0.28
-1.73,-35.84,0.34,0.32,0.4,0.28
-1.62,-35.9,0.34,0.32,0.4,0.28
-1.71,-35.58,0.34,0.32,0.4,0.29
-1.62,-35.28,0.34,0.32,0.4,0.29
-1.66,-34.81,0.34,0.32,0.4,0.29
-1.49,-34.62,0.35,0.32,0.4,0.29
-1.5,-34.44,0.35,0.32,0.4,0.29
-1.61,-34.18,0.35,0.33,0.4,0.29
-1.6,-34.09,0.35,0.33,0.4,0.29
-1.56,-33.71,0.35,0.33,0.4,0.29
-1.61,-33.34,0.35,0.33,0.4,0.29
-1.61,-33.01,0.35,0.33,0.4,0.3
-1.47,-32.7,0.35,0.33,0.4,0.3
-1.5,-32.38,0.35,0.33,0.41,0.3
-1.45,-32.04,0.35,0.33,0.41,0.3
-1.39,-31.98,0.36,0.33,0.41,0.3
-1.45,-31.5,0.36,0.33,0.41,0.3
-1.63,-31.2,0.36,0.34,0.41,0.31
-1.68,-30.86,0.36,0.34,0.41,0.31
-1.35,-30.27,0.36,0.34,0.41,0.31
-1.26,-30.01,0.36,0.34,0.41,0.31
-1.48,-29.47,0.36,0.34,0.41,0.31
-1.46,-29.13,0.37,0.34,0.41,0.32
-1.4,-28.65,0.37,0.34,0.41,0.32
-1.29,-28.07,0.37,0.34,0.41,0.32
-1.37,-27.83,0.37,0.35,0.41,0.32
-1.35,-27.34,0.37,0.35,0.41,0.32
-1.39,-26.94,0.37,0.35,0.41,0.32
-1.44,-26.68,0.37,0.35,0.41,0.32
-1.4,-26.36,0.37,0.35,0.4,0.33
-1.38,-26.15,0.37,0.35,0.4,0.33
-1.63,-26.09,0.37,0.35,0.4,0.33
-1.34,-25.96,0.37,0.35,0.4,0.33
-1.23,-25.7,0.37,0.35,0.4,0.33
-1.88,-25.64,0.37,0.35,0.4,0.33
-1.18,-25.56,0.38,0.35,0.4,0.33
-1.3,-25.51,0.38,0.35,0.4,0.33
-1.27,-25.47,0.38,0.35,0.4,0.33
-1.35,-25.32,0.38,0.35,0.4,0.33
-1.19,-25.22,0.38,0.35,0.4,0.33
-1.37,-25.13,0.38,0.35,0.4,0.33
-1.34,-24.88,0.38,0.35,0.4,0.33
-1.44,-24.56,0.38,0.35,0.4,0.33
-1.45,-24.29,0.38,0.35,0.4,0.33
-1.34,-23.88,0.38,0.35,0.4,0.34
-1.33,-23.62,0.38,0.36,0.4,0.34
-1.34,-23.37,0.38,0.36,0.4,0.34
-1.37,-23.03,0.38,0.36,0.4,0.34
-1.3,-22.85,0.38,0.36,0.4,0.34
-1.54,-22.81,0.38,0.36,0.4,0.34
-1.25,-22.43,0.38,0.36,0.4,0.34
-1.27,-22.09,0.38,0.36,0.4,0.34
-1.39,-21.94,0.38,0.36,0.4,0.35
-1.24,-21.37,0.38,0.36,0.4,0.35
-1.4,-21.07,0.38,0.36,0.4,0.35
-1.33,-20.77,0.39,0.36,0.4,0.35
-1.13,-20.62,0.39,0.36,0.4,0.35
-1.34,-20.59,0.39,0.36,0.4,0.35
-1.24,-20.37,0.39,0.36,0.39,0.35
-1.34,-19.97,0.39,0.36,0.4,0.35
-1.29,-19.46,0.39,0.36,0.39,0.35
-1.12,-18.98,0.39,0.36,0.39,0.36
-1.24,-18.62,0.39,0.36,0.39,0.36
-1.24,-18.23,0.39,0.36,0.4,0.36
-1.36,-18.04,0.39,0.36,0.39,0.36
-1.27,-17.82,0.39,0.36,0.39,0.36
-1.24,-17.58,0.39,0.37,0.39,0.36
-1.25,-17.18,0.39,0.37,0.4,0.36
-1.3,-16.9,0.39,0.37,0.4,0.36
-1.26,-16.6,0.39,0.37,0.4,0.36
-1.27,-16.14,0.39,0.37,0.39,0.36
-1.18,-16.01,0.39,0.37,0.39,0.37
-1.22,-15.5,0.39,0.37,0.39,0.37
-1.08,-15.18,0.39,0.37,0.39,0.37
-1.08,-14.83,0.39,0.37,0.39,0.37
-0.99,-14.03,0.4,0.37,0.39,0.37
-1.24,-13.54,0.4,0.37,0.39,0.37
-1.14,-13.04,0.4,0.37,0.39,0.37
-1.15,-12.88,0.4,0.37,0.39,0.37
-1.02,-12.4,0.4,0.37,0.39,0.38
-0.82,-11.9,0.4,0.37,0.39,0.38
-0.92,-11.55,0.4,0.37,0.39,0.38
-0.93,-11.07,0.4,0.37,0.39,0.38
-0.94,-10.38,0.4,0.37,0.39,0.38
-0.86,-10.25,0.4,0.37,0.39,0.38
-0.81,-9.83,0.4,0.37,0.39,0.38
-0.75,-9.33,0.4,0.37,0.39,0.38
-0.86,-9.17,0.4,0.37,0.39,0.38
-0.94,-8.9,0.4,0.37,0.39,0.38
-0.91,-8.58,0.4,0.37,0.39,0.38
-0.94,-8.14,0.4,0.37,0.39,0.38
-0.71,-7.87,0.4,0.37,0.39,0.38
-1.13,-7.07,0.4,0.37,0.39,0.39
-0.88,-7.1,0.4,0.37,0.39,0.39
-0.69,-6.91,0.4,0.37,0.39,0.39
-0.8,-6.58,0.4,0.38,0.39,0.39
-0.65,-6.46,0.4,0.38,0.39,0.39
-0.86,-5.98,0.4,0.38,0.39,0.39
-0.79,-5.64,0.4,0.38,0.39,0.39
-0.7,-5.18,0.4,0.38,0.39,0.39
-0.84,-4.61,0.4,0.38,0.38,0.39
-0.81,-4.37,0.4,0.38,0.38,0.39
-0.67,-4.1,0.4,0.38,0.38,0.39
-0.68,-3.65,0.4,0.38,0.38,0.39
-0.91,-3.2,0.4,0.38,0.38,0.39
-0.76,-2.66,0.4,0.38,0.38,0.39
-0.78,-2.31,0.4,0.38,0.38,0.4
-0.65,-1.89,0.4,0.38,0.38,0.4
-0.51,-1.64,0.4,0.38,0.38,0.4
-0.77,-1.11,0.4,0.38,0.38,0.4
-0.61,-0.91,0.4,0.38,0.38,0.4
-1,-0.43,0.4,0.38,0.38,0.4
-0.55,-0.4,0.4,0.38,0.38,0.4
-0.56,0.23,0.4,0.38,0.38,0.4
-0.81,0.55,0.4,0.38,0.38,0.4
-0.62,0.76,0.4,0.38,0.38,0.4
-0.38,1.19,0.4,0.38,0.38,0.4
-0.56,1.44,0.4,0.37,0.38,0.4
-0.75,2.03,0.4,0.37,0.38,0.4
-0.54,2.44,0.4,0.37,0.38,0.4
-0.53,2.9,0.4,0.37,0.38,0.4
-0.59,3.16,0.4,0.37,0.38,0.4
-0.55,3.3,0.4,0.37,0.38,0.4
-0.59,3.52,0.4,0.37,0.37,0.4
-0.45,3.63,0.4,0.37,0.37,0.4
-0.46,3.99,0.4,0.37,0.37,0.4
-0.48,3.98,0.4,0.37,0.37,0.4
-0.35,4.33,0.4,0.37,0.37,0.4
-0.45,4.47,0.4,0.37,0.37,0.4
-0.49,4.69,0.4,0.37,0.37,0.4
-0.45,5.11,0.4,0.37,0.37,0.4
-0.47,5.18,0.4,0.37,0.37,0.4
-0.24,5.35,0.4,0.37,0.37,0.4
-0.31,5.8,0.4,0.37,0.37,0.4
-0.37,6.22,0.4,0.37,0.37,0.4
-0.47,6.17,0.4,0.37,0.37,0.4
-0.33,6.87,0.4,0.37,0.37,0.4
-0.21,7.2,0.4,0.37,0.37,0.4
-0.22,7.49,0.4,0.37,0.37,0.4
-0.26,8,0.4,0.37,0.37,0.4
-0.42,8.33,0.4,0.37,0.37,0.4
-0.38,8.66,0.4,0.37,0.36,0.4
-0.29,9.35,0.39,0.37,0.36,0.4
-0.28,9.78,0.39,0.37,0.36,0.4
-0.23,10.22,0.39,0.37,0.36,0.4
-0.09,10.38,0.39,0.37,0.36,0.4
-0.26,10.65,0.39,0.37,0.36,0.4
-0.2,11.05,0.39,0.37,0.36,0.4
-0.15,11.21,0.39,0.37,0.36,0.4
-0.19,11.51,0.39,0.37,0.36,0.4
-0.26,11.84,0.39,0.37,0.36,0.4
-0.31,12.01,0.39,0.37,0.36,0.4
-0.31,12.18,0.39,0.37,0.36,0.4
-0.05,12.54,0.39,0.36,0.36,0.4
-0.26,13.06,0.39,0.36,0.35,0.4
-0.18,13.41,0.39,0.36,0.35,0.4
-0.23,13.73,0.39,0.36,0.35,0.4
-0.2,13.77,0.39,0.36,0.35,0.4
-0.19,14.16,0.39,0.36,0.35,0.4
-0.17,14.74,0.39,0.36,0.35,0.4
-0.38,15.24,0.39,0.36,0.35,0.4
-0.21,15.62,0.39,0.36,0.35,0.4
-0.2,16.29,0.38,0.36,0.34,0.4
-0.07,16.46,0.38,0.36,0.34,0.4
-0.15,17.2,0.38,0.36,0.34,0.4
-0.07,17.45,0.38,0.36,0.34,0.4
-0.07,18.19,0.38,0.36,0.34,0.4
-0.1,18.96,0.38,0.35,0.34,0.4
-0.02,19.66,0.38,0.35,0.33,0.4
-0.05,20.23,0.37,0.35,0.33,0.4
-0.1,21.08,0.37,0.35,0.33,0.4
-0.04,21.81,0.37,0.35,0.32,0.4
0.07,22.52,0.37,0.34,0.32,0.4
0.05,23.07,0.37,0.34,0.32,0.4
0.12,23.61,0.36,0.34,0.32,0.4
0.01,24.16,0.36,0.34,0.32,0.4
0.04,24.48,0.36,0.34,0.31,0.4
0.22,24.99,0.36,0.34,0.31,0.4
0.07,25.16,0.36,0.34,0.31,0.4
0.11,25.69,0.36,0.34,0.31,0.4
0.05,25.81,0.36,0.33,0.31,0.4
0.07,26.2,0.35,0.33,0.31,0.4
0.14,26.63,0.35,0.33,0.3,0.4
0.02,26.98,0.35,0.33,0.3,0.4
0.12,27.39,0.35,0.33,0.3,0.4
0.14,27.6,0.35,0.33,0.3,0.4
0.14,27.99,0.35,0.33,0.3,0.39
0.17,28.14,0.35,0.33,0.3,0.39
0.21,28.3,0.35,0.33,0.3,0.39
0.27,28.52,0.35,0.32,0.29,0.39
0.24,28.78,0.35,0.32,0.29,0.39
0.23,29.16,0.34,0.32,0.29,0.39
0.28,29.44,0.34,0.32,0.29,0.39
0.23,29.59,0.34,0.32,0.29,0.39
0.32,29.68,0.34,0.32,0.29,0.39
0.17,29.99,0.34,0.32,0.29,0.39
0.27,30.27,0.34,0.32,0.29,0.39
0.28,30.57,0.34,0.32,0.28,0.39
0.26,30.94,0.34,0.31,0.28,0.39
0.18,31.02,0.34,0.31,0.28,0.39
0.34,31.44,0.33,0.31,0.28,0.39
0.22,31.44,0.33,0.31,0.28,0.39
0.3,31.61,0.33,0.31,0.28,0.39
0.37,31.61,0.33,0.31,0.28,0.39
0.28,31.97,0.33,0.31,0.28,0.39
0.3,32.27,0.33,0.31,0.28,0.39
0.21,32.37,0.33,0.31,0.27,0.39
0.22,32.72,0.33,0.31,0.27,0.39
0.3,32.9,0.33,0.31,0.27,0.39
0.39,33.27,0.33,0.3,0.27,0.39
0.22,33.34,0.33,0.3,0.27,0.39
0.35,33.83,0.32,0.3,0.27,0.39
0.43,33.85,0.32,0.3,0.27,0.39
0.34,34.14,0.32,0.3,0.27,0.39
0.33,34.32,0.32,0.3,0.26,0.39
0.38,34.75,0.32,0.3,0.26,0.39
0.34,35.14,0.32,0.3,0.26,0.39
0.41,35.46,0.32,0.29,0.26,0.39
0.43,35.81,0.32,0.29,0.26,0.38
0.47,36.2,0.32,0.29,0.25,0.38
0.33,36.26,0.31,0.29,0.25,0.38
0.33,36.73,0.31,0.29,0.25,0.38
0.33,36.97,0.31,0.29,0.25,0.38
0.35,37.17,0.31,0.29,0.25,0.38
0.26,37.47,0.31,0.28,0.25,0.38
0.51,37.47,0.31,0.28,0.25,0.38
0.45,37.74,0.31,0.28,0.24,0.38
0.35,38.2,0.31,0.28,0.24,0.38
0.52,37.95,0.3,0.28,0.24,0.38
0.44,38.54,0.3,0.28,0.24,0.38
0.44,38.83,0.3,0.28,0.24,0.38
0.33,39.17,0.3,0.28,0.24,0.38
0.51,39.13,0.3,0.28,0.23,0.38
0.45,39.81,0.3,0.27,0.23,0.38
0.44,40.18,0.3,0.27,0.23,0.38
0.45,40.46,0.3,0.27,0.23,0.38
0.62,40.84,0.3,0.27,0.23,0.37
0.49,40.86,0.29,0.27,0.22,0.37
0.52,41.33,0.29,0.27,0.22,0.37
0.58,41.76,0.29,0.26,0.22,0.37
0.43,42.18,0.29,0.26,0.22,0.37
0.5,42.4,0.29,0.26,0.21,0.37
0.49,42.78,0.29,0.26,0.21,0.37
0.46,42.76,0.29,0.26,0.21,0.37
0.49,43.01,0.29,0.26,0.21,0.37
0.53,43.24,0.29,0.26,0.21,0.37
0.51,43.74,0.28,0.25,0.21,0.37
0.48,43.92,0.28,0.25,0.2,0.37
0.46,44.45,0.28,0.25,0.2,0.37
0.57,44.44,0.28,0.25,0.2,0.37
0.5,44.78,0.28,0.25,0.2,0.36
0.54,45.11,0.28,0.25,0.2,0.36
0.61,45.54,0.28,0.25,0.19,0.36
0.63,45.67,0.28,0.25,0.19,0.36
0.66,45.76,0.27,0.24,0.19,0.36
0.56,46.24,0.27,0.24,0.19,0.36
0.64,46.54,0.27,0.24,0.19,0.36
0.71,46.74,0.27,0.24,0.18,0.36
0.6,47.07,0.27,0.24,0.18,0.36
0.61,47.25,0.27,0.24,0.18,0.36
0.61,47.73,0.27,0.24,0.18,0.36
0.69,48.07,0.27,0.23,0.17,0.36
0.65,48.13,0.26,0.23,0.17,0.35
0.69,48.49,0.26,0.23,0.17,0.35
0.63,48.91,0.26,0.23,0.17,0.35
0.61,49.21,0.26,0.23,0.16,0.35
0.73,49.51,0.26,0.23,0.16,0.35
0.57,49.83,0.26,0.22,0.16,0.35
0.54,50.07,0.26,0.22,0.16,0.35
0.54,50.43,0.25,0.22,0.15,0.35
0.65,50.46,0.25,0.22,0.15,0.35
0.56,50.75,0.25,0.22,0.15,0.34
0.6,51.45,0.25,0.22,0.15,0.34
0.65,51.68,0.25,0.21,0.14,0.34
0.71,52.5,0.24,0.21,0.14,0.34
0.79,52.86,0.24,0.21,0.13,0.34
0.82,53.2,0.24,0.21,0.13,0.33
0.74,53.78,0.24,0.21,0.13,0.33
0.74,53.95,0.24,0.2,0.12,0.33
0.77,53.9,0.24,0.2,0.12,0.33
0.76,54.47,0.23,0.2,0.12,0.33
0.7,54.53,0.23,0.2,0.12,0.33
0.67,55.15,0.23,0.2,0.11,0.33
0.68,55.21,0.23,0.2,0.11,0.32
0.67,56.06,0.23,0.19,0.11,0.32
0.71,56.6,0.23,0.19,0.11,0.32
0.86,56.85,0.22,0.19,0.1,0.32
0.77,56.98,0.22,0.19,0.1,0.32
0.82,58.2,0.22,0.18,0.09,0.32
0.68,57.86,0.22,0.18,0.09,0.31
0.75,58.47,0.21,0.18,0.08,0.31
0.73,58.9,0.21,0.18,0.08,0.31
0.76,59.13,0.21,0.17,0.08,0.31
0.78,59.72,0.2,0.17,0.07,0.3
0.82,60.47,0.2,0.17,0.07,0.3
0.87,60.35,0.2,0.17,0.07,0.3
0.93,60.84,0.19,0.16,0.06,0.3
0.87,61.32,0.19,0.16,0.06,0.29
0.77,62.23,0.19,0.16,0.06,0.29
0.73,63.2,0.18,0.15,0.05,0.29
0.81,63.29,0.18,0.15,0.05,0.29
0.87,63.68,0.17,0.15,0.04,0.28
0.84,64.08,0.17,0.14,0.04,0.28
0.93,64.78,0.17,0.14,0.04,0.28
0.87,65.03,0.16,0.14,0.04,0.28
0.85,65.39,0.16,0.14,0.04,0.28
0.89,65.65,0.16,0.13,0.03,0.28
0.85,66.16,0.15,0.13,0.03,0.27
0.87,66.32,0.15,0.13,0.03,0.27
0.91,66.88,0.15,0.13,0.03,0.27
0.85,67.09,0.14,0.12,0.03,0.27
0.95,67.75,0.14,0.12,0.02,0.26
0.92,68.37,0.13,0.12,0.02,0.26
0.96,69.12,0.13,0.11,0.02,0.26
0.82,69.78,0.13,0.11,0.02,0.26
0.87,69.54,0.12,0.11,0.02,0.26
0.79,70.26,0.12,0.1,0.02,0.25
0.84,70.82,0.12,0.1,0.02,0.25
0.85,70.03,0.11,0.1,0.02,0.25
1.05,71.17,0.11,0.1,0.02,0.25
0.94,70.95,0.11,0.1,0.02,0.25
0.86,71.85,0.11,0.1,0.02,0.25
0.87,71.38,0.1,0.09,0.02,0.24
0.94,72.22,0.1,0.09,0.02,0.24
0.98,72.3,0.1,0.09,0.02,0.24
0.78,71.98,0.1,0.09,0.02,0.24
0.93,73.07,0.1,0.09,0.02,0.24
0.93,73.55,0.09,0.09,0.02,0.24
0.93,72.93,0.09,0.08,0.02,0.23
1.04,74.14,0.09,0.08,0.02,0.23
0.91,73.65,0.09,0.08,0.02,0.23
0.81,73.75,0.08,0.08,0.02,0.23
0.92,74.74,0.08,0.08,0.02,0.23
0.88,73.37,0.08,0.08,0.02,0.23
1.03,74.8,0.08,0.08,0.01,0.23
0.77,74.36,0.08,0.07,0.01,0.22
0.84,74.99,0.08,0.07,0.01,0.22
0.88,74.93,0.08,0.07,0.01,0.22
1.04,74.99,0.08,0.07,0.01,0.22
1.01,75.99,0.07,0.07,0.01,0.22
0.91,75.38,0.07,0.07,0.01,0.22
0.86,75.5,0.07,0.07,0.01,0.22
0.84,76.25,0.07,0.07,0.01,0.22
0.94,75.45,0.08,0.07,0.01,0.22
0.93,74.91,0.08,0.07,0.01,0.22
0.92,74.42,0.08,0.07,0.01,0.22
0.95,74.53,0.08,0.07,0.01,0.23
0.98,74.09,0.08,0.08,0.02,0.23
1.14,75,0.08,0.08,0.02,0.23
0.98,73.97,0.09,0.08,0.02,0.23
0.98,72.92,0.09,0.08,0.02,0.23
0.91,72.94,0.09,0.09,0.02,0.24
0.86,73.18,0.1,0.09,0.02,0.24
0.95,72.04,0.1,0.09,0.02,0.24
0.95,71.99,0.11,0.1,0.02,0.25
0.9,71.72,0.11,0.1,0.02,0.25
0.9,71.41,0.11,0.1,0.02,0.25
0.91,70.8,0.12,0.11,0.02,0.25
0.82,70.67,0.12,0.11,0.02,0.26
0.89,69.4,0.13,0.11,0.02,0.26
0.98,69.62,0.13,0.11,0.02,0.26
0.91,68.59,0.14,0.12,0.02,0.26
0.98,68.21,0.14,0.12,0.02,0.27
1,68.02,0.14,0.12,0.03,0.27
0.95,67.88,0.15,0.13,0.03,0.27
0.81,67,0.15,0.13,0.03,0.27
0.79,66.71,0.16,0.13,0.03,0.28
0.93,65.71,0.16,0.14,0.04,0.28
0.76,64.96,0.17,0.15,0.04,0.29
0.82,64.1,0.18,0.15,0.05,0.29
0.76,63.88,0.18,0.15,0.05,0.29
0.69,62.66,0.18,0.15,0.05,0.29
0.8,63.35,0.19,0.16,0.06,0.29
0.64,61.48,0.19,0.16,0.06,0.3
0.81,61.3,0.2,0.16,0.07,0.3
0.84,61.01,0.2,0.17,0.07,0.3
0.78,60.09,0.2,0.17,0.07,0.3
0.87,60.14,0.21,0.17,0.08,0.3
0.8,59.46,0.21,0.17,0.08,0.31
0.87,59.52,0.21,0.17,0.08,0.31
0.82,58.76,0.21,0.18,0.09,0.31
0.66,58.44,0.22,0.18,0.09,0.31
0.67,57.86,0.22,0.18,0.09,0.31
0.79,57.09,0.22,0.19,0.1,0.32
0.71,56.42,0.22,0.19,0.1,0.32
0.73,56.54,0.23,0.19,0.11,0.32
0.6,56.17,0.23,0.19,0.11,0.32
0.75,56.01,0.23,0.2,0.12,0.33
0.74,54.98,0.23,0.2,0.12,0.33
0.88,53.96,0.24,0.2,0.13,0.33
0.66,53.86,0.24,0.21,0.13,0.33
0.63,53.01,0.24,0.21,0.14,0.34
0.51,52.48,0.25,0.21,0.14,0.34
0.78,51.95,0.25,0.21,0.15,0.34
0.6,51.51,0.25,0.22,0.15,0.34
0.64,50.85,0.25,0.22,0.16,0.35
0.58,50.21,0.26,0.22,0.16,0.35
0.71,49.54,0.26,0.23,0.17,0.35
0.6,48.99,0.26,0.23,0.17,0.35
0.6,48.55,0.27,0.23,0.17,0.35
0.66,47.88,0.27,0.24,0.18,0.36
0.71,47.31,0.27,0.24,0.18,0.36
0.56,46.99,0.27,0.24,0.19,0.36
0.67,46.15,0.27,0.24,0.19,0.36
0.66,45.75,0.28,0.25,0.19,0.36
0.68,45.08,0.28,0.25,0.2,0.36
0.7,44.82,0.28,0.25,0.2,0.37
0.65,44.4,0.28,0.25,0.2,0.37
0.63,43.91,0.28,0.25,0.21,0.37
0.51,43.62,0.28,0.26,0.21,0.37
0.58,42.89,0.29,0.26,0.21,0.37
0.44,42.17,0.29,0.26,0.22,0.37
0.53,41.78,0.29,0.26,0.22,0.37
0.51,41.59,0.29,0.27,0.22,0.37
0.6,40.79,0.3,0.27,0.23,0.38
0.43,40.65,0.3,0.27,0.23,0.38
0.55,39.95,0.3,0.27,0.23,0.38
0.6,39.52,0.3,0.28,0.24,0.38
0.41,39.01,0.3,0.28,0.24,0.38
0.37,38.67,0.31,0.28,0.24,0.38
0.38,38.03,0.31,0.28,0.25,0.38
0.49,37.18,0.31,0.29,0.25,0.38
0.48,36.63,0.31,0.29,0.26,0.38
0.47,35.99,0.32,0.29,0.26,0.38
0.32,35.36,0.32,0.3,0.26,0.38
0.41,34.75,0.32,0.3,0.27,0.39
0.44,34.03,0.32,0.3,0.27,0.39
0.3,33.64,0.33,0.3,0.27,0.39
0.34,33.09,0.33,0.31,0.27,0.39
0.27,32.33,0.33,0.31,0.28,0.39
0.23,32.02,0.33,0.31,0.28,0.39
0.3,31.26,0.34,0.31,0.28,0.39
0.25,30.95,0.34,0.32,0.28,0.39
0.22,30.18,0.34,0.32,0.29,0.39
0.19,29.83,0.34,0.32,0.29,0.39
0.22,29.14,0.34,0.32,0.29,0.39
0.19,29,0.35,0.33,0.29,0.39
0.15,28.21,0.35,0.33,0.3,0.39
0.22,27.88,0.35,0.33,0.3,0.39
0.2,27.26,0.35,0.33,0.3,0.4
0.11,26.85,0.35,0.33,0.3,0.4
0.16,26.42,0.35,0.33,0.3,0.4
0.25,26.09,0.36,0.33,0.31,0.4
0.24,25.67,0.36,0.34,0.31,0.4
0.05,25.42,0.36,0.34,0.31,0.4
-0.03,25.14,0.36,0.34,0.31,0.4
0.02,24.49,0.36,0.34,0.31,0.4
0.05,24.22,0.36,0.34,0.31,0.4
-0.05,23.99,0.36,0.34,0.32,0.4
-0.05,23.78,0.36,0.34,0.32,0.4
0.04,23.44,0.36,0.34,0.32,0.4
0.18,23.1,0.37,0.34,0.32,0.4
0.06,22.81,0.37,0.34,0.32,0.4
0.25,22.51,0.37,0.34,0.32,0.4
-0.07,22.06,0.37,0.35,0.32,0.4
-0.08,21.61,0.37,0.35,0.33,0.4
-0.01,21.14,0.37,0.35,0.33,0.4
-0.02,20.58,0.37,0.35,0.33,0.4
-0.01,20.14,0.38,0.35,0.33,0.4
-0.03,19.56,0.38,0.35,0.33,0.4
-0.06,18.99,0.38,0.35,0.34,0.4
0.01,18.41,0.38,0.36,0.34,0.4
-0.01,17.82,0.38,0.36,0.34,0.4
-0.03,17,0.38,0.36,0.34,0.4
-0.14,16.53,0.38,0.36,0.34,0.4
-0.19,16.1,0.38,0.36,0.35,0.4
-0.23,15.72,0.38,0.36,0.35,0.4
0.05,15.38,0.39,0.36,0.35,0.4
-0.07,14.69,0.39,0.36,0.35,0.4
-0.15,14.33,0.39,0.36,0.35,0.4
-0.22,13.66,0.39,0.36,0.35,0.4
-0.11,13.24,0.39,0.37,0.35,0.4
-0.29,12.6,0.39,0.37,0.35,0.4
-0.28,12.15,0.39,0.37,0.36,0.4
-0.26,11.59,0.39,0.37,0.36,0.4
-0.08,11.1,0.39,0.37,0.36,0.4
-0.31,10.56,0.39,0.37,0.36,0.4
-0.37,10.16,0.39,0.37,0.36,0.4
-0.31,9.8,0.39,0.37,0.36,0.4
-0.37,9.26,0.4,0.37,0.36,0.4
-0.27,8.7,0.4,0.37,0.36,0.4
-0.37,8.36,0.4,0.37,0.36,0.4
-0.32,7.84,0.4,0.37,0.37,0.4
-0.34,7.35,0.4,0.37,0.37,0.4
-0.42,6.98,0.4,0.37,0.37,0.4
-0.35,6.55,0.4,0.37,0.37,0.4
-0.37,6.25,0.4,0.37,0.37,0.4
-0.37,6,0.4,0.37,0.37,0.4
-0.42,5.69,0.4,0.37,0.37,0.4
-0.41,5.37,0.4,0.37,0.37,0.4
-0.4,5.04,0.4,0.37,0.37,0.4
-0.46,4.82,0.4,0.37,0.37,0.4
-0.42,4.47,0.4,0.37,0.37,0.4
-0.34,4.24,0.4,0.37,0.37,0.4
-0.47,4,0.4,0.37,0.37,0.4
-0.49,3.64,0.4,0.37,0.37,0.4
-0.48,3.25,0.4,0.38,0.37,0.4
-0.4,2.85,0.4,0.38,0.37,0.4
-0.46,2.58,0.4,0.38,0.37,0.4
-0.52,2.38,0.4,0.38,0.38,0.4
-0.56,1.9,0.4,0.38,0.38,0.4
-0.48,1.75,0.4,0.38,0.38,0.4
-0.41,1.25,0.4,0.38,0.38,0.4
-0.37,1.09,0.4,0.38,0.38,0.4
-0.54,0.59,0.4,0.38,0.38,0.4
-0.59,0.23,0.4,0.38,0.38,0.4
-0.51,-0.25,0.4,0.38,0.38,0.4
-0.6,-0.55,0.4,0.38,0.38,0.4
-0.61,-0.91,0.4,0.38,0.38,0.4
-0.6,-1.25,0.4,0.38,0.38,0.4
-0.58,-1.52,0.4,0.38,0.38,0.39
-0.67,-1.96,0.4,0.38,0.38,0.39
-0.58,-2.51,0.4,0.38,0.38,0.39
-0.68,-3.06,0.4,0.38,0.38,0.39
-0.62,-3.45,0.4,0.38,0.39,0.39
-0.7,-3.78,0.4,0.38,0.39,0.39
-0.69,-4.16,0.4,0.38,0.39,0.39
-0.82,-4.35,0.4,0.38,0.39,0.39
-1,-4.98,0.4,0.38,0.39,0.39
-0.75,-5.47,0.4,0.38,0.39,0.39
-0.83,-6.02,0.4,0.37,0.39,0.39
-0.82,-6.4,0.4,0.37,0.39,0.39
-0.75,-6.81,0.4,0.37,0.39,0.39
-0.92,-7.25,0.4,0.37,0.39,0.38
-0.88,-7.76,0.4,0.37,0.39,0.38
-0.76,-7.91,0.4,0.37,0.39,0.38
-0.76,-8.25,0.4,0.37,0.39,0.38
-0.86,-8.56,0.4,0.37,0.39,0.38
-0.91,-8.92,0.4,0.37,0.39,0.38
-0.96,-9.28,0.4,0.37,0.39,0.38
-1.1,-9.78,0.4,0.37,0.39,0.38
-0.81,-10.23,0.4,0.37,0.39,0.38
-0.83,-10.69,0.4,0.37,0.39,0.38
-0.93,-11.01,0.4,0.37,0.39,0.38
-1.07,-11.6,0.4,0.37,0.39,0.38
-0.91,-11.84,0.4,0.37,0.39,0.37
-1.01,-11.95,0.4,0.37,0.39,0.37
-1.07,-11.98,0.4,0.37,0.39,0.38
-1.02,-11.97,0.4,0.37,0.39,0.38
-0.94,-11.96,0.4,0.37,0.39,0.38
-0.91,-12.16,0.4,0.37,0.39,0.38
-0.99,-12.35,0.4,0.37,0.39,0.37
-0.98,-13.15,0.4,0.37,0.39,0.37
-0.91,-13.73,0.4,0.37,0.39,0.37
-1.14,-14.14,0.4,0.37,0.39,0.37
-0.92,-14.64,0.39,0.37,0.39,0.37
-1.23,-14.62,0.39,0.37,0.39,0.37
-1.11,-15.16,0.39,0.37,0.39,0.37
-1.13,-15.11,0.39,0.37,0.39,0.37
-1.31,-15.62,0.39,0.37,0.39,0.37
-1.01,-15.61,0.39,0.37,0.39,0.37
-1.03,-15.82,0.39,0.37,0.39,0.37
-1.17,-15.81,0.39,0.37,0.39,0.37
-1.06,-16.02,0.39,0.37,0.39,0.36
-1.11,-16.31,0.39,0.37,0.39,0.36
-1.2,-16.84,0.39,0.37,0.39,0.36
-1.18,-17.06,0.39,0.37,0.39,0.36
-1.1,-17.08,0.39,0.37,0.4,0.36
-1.28,-17.76,0.39,0.37,0.4,0.36
-1.15,-17.81,0.39,0.37,0.4,0.36
-0.96,-17.9,0.39,0.36,0.4,0.36
-1.09,-18.66,0.39,0.36,0.4,0.36
-1.05,-18.71,0.39,0.36,0.4,0.35
-1.15,-19.5,0.39,0.36,0.4,0.35
-1,-19.99,0.39,0.36,0.4,0.35
-1.13,-20.6,0.39,0.36,0.4,0.35
-1.23,-21.05,0.38,0.36,0.4,0.34
-1.25,-21.31,0.38,0.36,0.4,0.34
-1.13,-21.81,0.38,0.36,0.4,0.34
-1.27,-22.29,0.38,0.36,0.4,0.34
-1.34,-22.79,0.38,0.36,0.4,0.34
-1.33,-23.47,0.38,0.35,0.4,0.34
-1.34,-24.25,0.38,0.35,0.4,0.33
-1.36,-24.84,0.38,0.35,0.4,0.33
-1.39,-25.27,0.38,0.35,0.4,0.33
-1.39,-25.61,0.37,0.35,0.4,0.33
-1.31,-26.13,0.37,0.35,0.41,0.33
-1.55,-26.41,0.37,0.35,0.41,0.33
-1.55,-26.53,0.37,0.35,0.41,0.33
-1.43,-26.79,0.37,0.35,0.41,0.33
-1.47,-27.12,0.37,0.35,0.41,0.32
-1.49,-27.53,0.37,0.34,0.41,0.32
-1.39,-27.95,0.37,0.34,0.41,0.32
-1.29,-28.41,0.37,0.34,0.41,0.32
-1.33,-28.83,0.37,0.34,0.41,0.32
-1.3,-29.34,0.36,0.34,0.41,0.31
-1.42,-29.92,0.36,0.34,0.41,0.31
-1.43,-30.54,0.36,0.34,0.41,0.31
-1.4,-30.93,0.36,0.34,0.4,0.31
-1.51,-31.16,0.36,0.34,0.4,0.31
-1.57,-31.56,0.36,0.33,0.4,0.3
-1.52,-31.97,0.35,0.33,0.4,0.3
-1.55,-32.42,0.35,0.33,0.4,0.3
-1.56,-32.77,0.35,0.33,0.4,0.3
-1.44,-33.19,0.35,0.33,0.4,0.3
-1.6,-33.53,0.35,0.33,0.4,0.29
-1.46,-33.96,0.35,0.33,0.4,0.29
-1.53,-34.3,0.35,0.33,0.4,0.29
-1.64,-34.77,0.34,0.32,0.4,0.29
-1.66,-35.1,0.34,0.32,0.4,0.28
-1.67,-35.48,0.34,0.32,0.4,0.28
-1.58,-35.76,0.34,0.32,0.39,0.28
-1.66,-35.92,0.34,0.32,0.39,0.28
-1.71,-36.22,0.34,0.32,0.39,0.28
-1.7,-36.49,0.34,0.32,0.39,0.28
-1.85,-36.71,0.34,0.32,0.39,0.28
-1.77,-36.74,0.33,0.32,0.39,0.28
-1.84,-37.06,0.33,0.32,0.39,0.27
-1.78,-37.47,0.33,0.31,0.39,0.27
-1.61,-37.84,0.33,0.31,0.39,0.27
-1.67,-38.09,0.33,0.31,0.39,0.27
-1.77,-38.48,0.33,0.31,0.39,0.27
-1.7,-38.78,0.33,0.31,0.39,0.26
-1.77,-39.22,0.32,0.31,0.39,0.26
-1.73,-39.54,0.32,0.31,0.39,0.26
-1.69,-40.1,0.32,0.3,0.39,0.26
-1.67,-40.46,0.32,0.3,0.39,0.25
-1.73,-41.2,0.32,0.3,0.38,0.25
-1.59,-41.35,0.31,0.3,0.38,0.25
-1.66,-41.65,0.31,0.3,0.38,0.25
-1.73,-41.96,0.31,0.3,0.38,0.25
-1.8,-42.44,0.31,0.29,0.38,0.24
-1.86,-42.73,0.31,0.29,0.38,0.24
-1.91,-43.22,0.3,0.29,0.38,0.24
-1.99,-43.57,0.3,0.29,0.38,0.24
-1.93,-43.89,0.3,0.29,0.38,0.24
-2.11,-44.25,0.3,0.29,0.38,0.23
-2.07,-44.66,0.3,0.29,0.37,0.23
-2.03,-44.92,0.29,0.29,0.37,0.23
-2.23,-45.43,0.29,0.28,0.37,0.23
-1.97,-45.63,0.29,0.28,0.37,0.22
-2.19,-46.35,0.29,0.28,0.37,0.22
-1.97,-47.16,0.28,0.28,0.37,0.22
-1.93,-47.24,0.28,0.27,0.37,0.21
-1.94,-48.12,0.28,0.27,0.36,0.21
-1.93,-48.42,0.28,0.27,0.36,0.21
-2.09,-48.95,0.27,0.27,0.36,0.21
-2.05,-49.4,0.27,0.27,0.36,0.2
-2.08,-49.7,0.27,0.27,0.36,0.2
-1.93,-50.29,0.27,0.26,0.36,0.2
-2.03,-50.64,0.27,0.26,0.36,0.19
-2.04,-51.04,0.26,0.26,0.36,0.19
-1.97,-51.57,0.26,0.26,0.36,0.19
-2.04,-51.94,0.26,0.26,0.35,0.18
-2.06,-52.07,0.26,0.26,0.35,0.18
-2.26,-52.52,0.25,0.25,0.35,0.18
-2.15,-52.9,0.25,0.25,0.35,0.17
-2.18,-53.43,0.25,0.25,0.35,0.17
-2.1,-53.89,0.25,0.25,0.35,0.17
-2.13,-54.09,0.25,0.25,0.35,0.17
-2.12,-54.32,0.24,0.25,0.35,0.16
-2.24,-54.4,0.24,0.25,0.35,0.16
-2.21,-54.7,0.24,0.25,0.35,0.16
-1.99,-54.69,0.24,0.24,0.35,0.16
-1.99,-54.83,0.24,0.24,0.35,0.16
-2.42,-54.91,0.24,0.24,0.35,0.16
-2.07,-55.38,0.24,0.24,0.34,0.15
-2.23,-55.67,0.24,0.24,0.34,0.15
-2.21,-55.64,0.24,0.24,0.34,0.15
-2.14,-56.09,0.24,0.24,0.34,0.15
-2.13,-56.04,0.24,0.24,0.34,0.15
-2.3,-56.04,0.23,0.24,0.34,0.15
-2.11,-56.37,0.23,0.24,0.34,0.15
-2.02,-56.35,0.23,0.24,0.34,0.15
-2,-56.64,0.23,0.24,0.34,0.14
-2.25,-56.96,0.23,0.23,0.34,0.14
-2.22,-57.79,0.22,0.23,0.34,0.14
-2.22,-57.93,0.22,0.23,0.33,0.13
-2.17,-58.77,0.22,0.23,0.33,0.13
-2.14,-58.99,0.22,0.22,0.33,0.12
-2.27,-59.44,0.21,0.22,0.33,0.12
-2.37,-60.15,0.21,0.22,0.33,0.11
-2.15,-60.28,0.21,0.22,0.32,0.11
-2.27,-60.76,0.21,0.21,0.32,0.11
-2.25,-61.06,0.21,0.21,0.32,0.11
-2.17,-61.21,0.2,0.21,0.32,0.1
-2.08,-61.52,0.2,0.21,0.32,0.1
-2.15,-61.85,0.2,0.21,0.32,0.1
-2.31,-62.13,0.2,0.2,0.31,0.09
-2.28,-62.31,0.2,0.2,0.31,0.09
-2.21,-62.9,0.19,0.2,0.31,0.09
-2.42,-63.27,0.19,0.19,0.31,0.08
-2.4,-63.92,0.19,0.19,0.31,0.08
-2.3,-64.54,0.18,0.19,0.3,0.08
-2.3,-64.79,0.18,0.19,0.3,0.07
-2.26,-65.29,0.18,0.18,0.3,0.07
-2.31,-65.54,0.18,0.18,0.3,0.07
-2.47,-66.36,0.17,0.18,0.29,0.06
-2.43,-66.54,0.17,0.17,0.29,0.06
-2.45,-67.25,0.17,0.17,0.29,0.06
-2.25,-67.71,0.17,0.17,0.29,0.05
-2.17,-67.78,0.16,0.17,0.29,0.05
-2.44,-68.46,0.16,0.16,0.29,0.05
-2.45,-68.63,0.16,0.16,0.28,0.04
-2.31,-69.15,0.16,0.16,0.28,0.04
-2.36,-69.33,0.15,0.15,0.28,0.04
-2.35,-69.76,0.15,0.15,0.28,0.04
-2.44,-70.43,0.15,0.15,0.28,0.04
-2.37,-70.87,0.15,0.14,0.27,0.03
-2.31,-71.25,0.14,0.14,0.27,0.03
-2.38,-71.05,0.14,0.14,0.27,0.03
-2.43,-71.42,0.14,0.14,0.27,0.03
-2.48,-71.39,0.14,0.14,0.27,0.03
-2.39,-71.66,0.14,0.13,0.27,0.03
-2.42,-72.08,0.14,0.13,0.27,0.03
-2.51,-72.43,0.13,0.13,0.27,0.02
-2.42,-72.67,0.13,0.12,0.26,0.02
-2.54,-73.59,0.13,0.12,0.26,0.02
-2.4,-73.47,0.12,0.12,0.26,0.02
-2.47,-74.18,0.12,0.11,0.26,0.02
-2.42,-74.47,0.12,0.11,0.25,0.02
-2.42,-74.58,0.12,0.11,0.25,0.02
-2.56,-75.42,0.11,0.11,0.25,0.02
-2.34,-75.37,0.11,0.1,0.25,0.02
-2.48,-75.31,0.11,0.1,0.25,0.02
-2.6,-75.59,0.11,0.1,0.24,0.02
-2.71,-75.86,0.11,0.1,0.24,0.02
-2.46,-76.15,0.11,0.1,0.24,0.02
-2.46,-76.23,0.11,0.1,0.24,0.02
-2.64,-76.78,0.1,0.1,0.24,0.02
-2.27,-76.9,0.1,0.09,0.24,0.02
-2.41,-77.32,0.1,0.09,0.24,0.02
-2.27,-76.43,0.1,0.09,0.24,0.02
-2.37,-76.94,0.1,0.09,0.24,0.02
-2.48,-77.07,0.1,0.09,0.24,0.02
-2.36,-76.92,0.1,0.1,0.24,0.02
-2.34,-76.2,0.11,0.1,0.24,0.02
-2.31,-75.94,0.12,0.11,0.25,0.02
-2.3,-74.62,0.12,0.12,0.26,0.02
-2.53,-73.6,0.13,0.12,0.26,0.02
-2.48,-73.62,0.14,0.13,0.27,0.03
-2.66,-71.62,0.14,0.14,0.27,0.03
-2.5,-71,0.15,0.14,0.27,0.03
-2.44,-70.54,0.15,0.15,0.28,0.04
-2.29,-69.15,0.16,0.15,0.28,0.04
-2.39,-69.12,0.16,0.16,0.29,0.05
-2.48,-67.89,0.17,0.17,0.29,0.05
-2.39,-67.22,0.17,0.17,0.29,0.06
-2.35,-66.25,0.18,0.18,0.3,0.07
-2.4,-65.23,0.18,0.19,0.3,0.08
-2.24,-64.5,0.19,0.2,0.31,0.08
-2.15,-63.24,0.2,0.2,0.31,0.09
-2.26,-62.58,0.2,0.21,0.32,0.1
-2.26,-62.26,0.2,0.21,0.32,0.1
-2.14,-61.34,0.21,0.21,0.32,0.11
-2.34,-60.8,0.21,0.22,0.33,0.11
-2.15,-60.5,0.21,0.22,0.33,0.12
-2.23,-59.46,0.22,0.22,0.33,0.12
-2.31,-58.73,0.22,0.23,0.33,0.13
-2.2,-58.02,0.23,0.23,0.34,0.14
-1.96,-57.34,0.23,0.24,0.34,0.15
-2.07,-56.26,0.24,0.24,0.34,0.15
-2.04,-55.74,0.24,0.24,0.35,0.16
-2.33,-54.88,0.24,0.25,0.35,0.16
-2.27,-54.38,0.25,0.25,0.35,0.17
-1.99,-53.72,0.25,0.25,0.35,0.17
-2.1,-52.87,0.25,0.25,0.35,0.18
-2.08,-52.8,0.26,0.26,0.36,0.18
-2.17,-52.32,0.26,0.26,0.36,0.18
-2.01,-51.68,0.26,0.26,0.36,0.19
-1.95,-50.63,0.27,0.26,0.36,0.2
-1.96,-50.08,0.27,0.27,0.36,0.2
-2.16,-49.51,0.27,0.27,0.36,0.2
-1.91,-48.92,0.28,0.27,0.37,0.21
-1.72,-48.16,0.28,0.28,0.37,0.21
-2.08,-47.36,0.29,0.28,0.37,0.22
-1.86,-46.46,0.29,0.28,0.38,0.22
-1.96,-45.78,0.29,0.28,0.38,0.23
-1.9,-45.1,0.3,0.29,0.38,0.23
-1.96,-44.15,0.3,0.29,0.38,0.24
-1.73,-43.65,0.31,0.29,0.38,0.24
-1.89,-42.81,0.31,0.3,0.39,0.24
-1.87,-41.96,0.31,0.3,0.39,0.25
-1.87,-41.58,0.32,0.3,0.39,0.25
-1.75,-40.75,0.32,0.3,0.39,0.26
-2.1,-39.76,0.32,0.31,0.39,0.26
-1.6,-39.37,0.33,0.31,0.39,0.27
-1.72,-38.59,0.33,0.31,0.39,0.27
-1.91,-38.08,0.33,0.31,0.39,0.27
-2,-37.34,0.33,0.32,0.39,0.27
-1.8,-37.02,0.33,0.32,0.4,0.28
-1.98,-36.35,0.34,0.32,0.39,0.28
-1.73,-35.74,0.34,0.32,0.4,0.28
-1.57,-35.15,0.34,0.32,0.4,0.29
-1.57,-34.52,0.35,0.33,0.4,0.29
-1.66,-34.1,0.35,0.33,0.4,0.29
-1.62,-33.54,0.35,0.33,0.4,0.3
-1.8,-32.71,0.35,0.33,0.41,0.3
-1.66,-32.34,0.35,0.33,0.41,0.3
-1.54,-32.05,0.35,0.33,0.41,0.3
-1.59,-31.41,0.36,0.33,0.41,0.3
-1.65,-31.02,0.36,0.34,0.41,0.31
-1.52,-30.66,0.36,0.34,0.41,0.31
-1.5,-30.18,0.36,0.34,0.41,0.31
-1.53,-29.53,0.36,0.34,0.41,0.31
-1.61,-29.04,0.36,0.34,0.41,0.32
-1.5,-28.58,0.37,0.34,0.41,0.32
-1.43,-28.07,0.37,0.34,0.41,0.32
-1.41,-27.41,0.37,0.34,0.41,0.32
-1.39,-26.99,0.37,0.35,0.41,0.32
-1.39,-26.56,0.37,0.35,0.41,0.33
-1.29,-26.08,0.37,0.35,0.41,0.33
-1.46,-25.99,0.37,0.35,0.41,0.33
-1.36,-25.37,0.38,0.35,0.4,0.33
-1.39,-25.32,0.38,0.35,0.41,0.33
-1.48,-24.81,0.38,0.35,0.4,0.33
-1.31,-24.27,0.38,0.35,0.4,0.33
-1.24,-23.78,0.38,0.35,0.4,0.34
-1.38,-23.36,0.38,0.35,0.4,0.34
-1.4,-23.18,0.38,0.36,0.4,0.34
-1.37,-22.91,0.38,0.36,0.4,0.34
-1.41,-22.54,0.38,0.36,0.4,0.34
-1.35,-22.4,0.38,0.36,0.4,0.34
-1.32,-22.03,0.38,0.36,0.4,0.34
-1.17,-21.66,0.38,0.36,0.4,0.35
-1.29,-21.39,0.38,0.36,0.4,0.35
-1.25,-20.73,0.39,0.36,0.4,0.35
-1.41,-20.49,0.39,0.36,0.4,0.35
-1.36,-20.26,0.39,0.36,0.4,0.35
-1.27,-20.14,0.39,0.36,0.4,0.35
-1.27,-19.59,0.39,0.36,0.4,0.35
-1.34,-19.11,0.39,0.36,0.4,0.36
-1.36,-18.41,0.39,0.36,0.4,0.36
-1.21,-17.97,0.39,0.36,0.4,0.36
-1.17,-17.5,0.39,0.37,0.4,0.36
-1.11,-17.12,0.39,0.37,0.4,0.36
-1.07,-16.68,0.39,0.37,0.4,0.36
-1.15,-16.42,0.39,0.37,0.4,0.36
-1.13,-16.09,0.39,0.37,0.39,0.36
-1.06,-15.93,0.39,0.37,0.39,0.37
-1.13,-15.62,0.39,0.37,0.4,0.37
-1.11,-15.16,0.39,0.37,0.4,0.37
-1.07,-14.91,0.39,0.37,0.39,0.37
-1.12,-14.68,0.39,0.37,0.39,0.37
-1.02,-14.31,0.39,0.37,0.39,0.37
-1,-14.01,0.39,0.37,0.39,0.37
-0.98,-13.79,0.39,0.37,0.39,0.37
-0.99,-13.37,0.4,0.37,0.39,0.37
-0.98,-12.96,0.4,0.37,0.39,0.37
-1.06,-12.52,0.4,0.37,0.39,0.37
-1.02,-12.05,0.4,0.37,0.39,0.38
-0.96,-11.56,0.4,0.37,0.39,0.38
-0.86,-11.32,0.4,0.37,0.39,0.38
-0.75,-10.97,0.4,0.37,0.39,0.38
-0.86,-10.61,0.4,0.37,0.39,0.38
-0.91,-10.4,0.4,0.37,0.39,0.38
-0.91,-10.15,0.4,0.37,0.39,0.38
-0.82,-9.75,0.4,0.37,0.39,0.38
-0.85,-9.49,0.4,0.37,0.39,0.38
-0.8,-9.1,0.4,0.37,0.39,0.38
-0.83,-8.85,0.4,0.37,0.39,0.38
-0.79,-8.52,0.4,0.37,0.39,0.38
-0.94,-8.24,0.4,0.37,0.39,0.38
-0.91,-7.88,0.4,0.37,0.39,0.38
-0.78,-7.55,0.4,0.37,0.39,0.38
-0.85,-7.33,0.4,0.37,0.39,0.39
-0.78,-6.87,0.4,0.38,0.39,0.39
-0.68,-6.47,0.4,0.38,0.39,0.39
-0.8,-5.92,0.4,0.38,0.39,0.39
-0.85,-5.59,0.4,0.38,0.39,0.39
-0.69,-5.25,0.4,0.38,0.39,0.39
-0.73,-4.99,0.4,0.38,0.39,0.39
-0.85,-4.57,0.4,0.38,0.39,0.39
-0.91,-4.2,0.4,0.38,0.39,0.39
-0.81,-4.01,0.4,0.38,0.39,0.39
-0.58,-3.56,0.4,0.38,0.38,0.39
-0.64,-3.27,0.4,0.38,0.39,0.39
-0.61,-2.89,0.4,0.38,0.38,0.39
-0.56,-2.56,0.4,0.38,0.38,0.39
-0.74,-2.2,0.4,0.38,0.38,0.39
-0.69,-1.8,0.4,0.38,0.38,0.39
-0.64,-1.7,0.4,0.38,0.38,0.4
-0.51,-1.52,0.4,0.38,0.38,0.4
-0.46,-1.22,0.4,0.38,0.38,0.4
-0.52,-0.64,0.4,0.38,0.38,0.4
-0.59,-0.08,0.4,0.38,0.38,0.4
-0.54,0.61,0.4,0.38,0.38,0.4
-0.74,1.01,0.4,0.38,0.38,0.4
-0.59,1.7,0.4,0.37,0.38,0.4
-0.58,2.01,0.4,0.37,0.38,0.4
-0.56,2.13,0.4,0.37,0.38,0.4
-0.56,2.36,0.4,0.37,0.38,0.4
-0.55,2.77,0.4,0.37,0.38,0.4
-0.43,3.4,0.4,0.37,0.37,0.4
-0.46,3.84,0.4,0.37,0.37,0.4
-0.53,4.24,0.4,0.37,0.37,0.4
-0.32,4.83,0.4,0.37,0.37,0.4
-0.37,5.3,0.4,0.37,0.37,0.4
-0.41,5.77,0.4,0.37,0.37,0.4
-0.35,6.08,0.4,0.37,0.37,0.4
-0.37,6.54,0.4,0.37,0.37,0.4
-0.36,6.88,0.4,0.37,0.37,0.4
-0.33,7.51,0.4,0.37,0.37,0.4
-0.44,8.33,0.4,0.37,0.37,0.4
-0.09,9.14,0.39,0.37,0.36,0.4
-0.33,9.8,0.39,0.37,0.36,0.4
-0.32,10.29,0.39,0.37,0.36,0.4
-0.3,11.04,0.39,0.37,0.36,0.4
-0.23,11.67,0.39,0.37,0.36,0.4
-0.12,12.5,0.39,0.37,0.36,0.4
-0.13,13.01,0.39,0.36,0.35,0.4
-0.14,13.89,0.39,0.36,0.35,0.4
-0.07,14.43,0.39,0.36,0.35,0.4
-0.16,15.13,0.39,0.36,0.35,0.4
-0,15.77,0.38,0.36,0.35,0.4
-0.05,16.62,0.38,0.36,0.34,0.4
-0.18,17.17,0.38,0.36,0.34,0.4
-0.1,17.86,0.38,0.36,0.34,0.4
-0.13,18.7,0.38,0.35,0.34,0.4
0.01,19.49,0.38,0.35,0.33,0.4
-0.1,20.1,0.37,0.35,0.33,0.4
-0.01,20.96,0.37,0.35,0.33,0.4
0.02,21.57,0.37,0.35,0.32,0.4
0.1,22.4,0.37,0.35,0.32,0.4
-0.04,22.97,0.37,0.34,0.32,0.4
0.04,23.42,0.36,0.34,0.32,0.4
0.04,24.04,0.36,0.34,0.32,0.4
0.1,24.46,0.36,0.34,0.31,0.4
0.09,25.21,0.36,0.34,0.31,0.4
0.04,25.72,0.36,0.33,0.31,0.4
0.12,26.28,0.35,0.33,0.3,0.4
0.2,27.06,0.35,0.33,0.3,0.4
0.14,27.8,0.35,0.33,0.3,0.39
0.23,28.34,0.35,0.32,0.29,0.39
0.04,28.9,0.35,0.32,0.29,0.39
0.17,29.64,0.34,0.32,0.29,0.39
0.16,30.36,0.34,0.32,0.29,0.39
0.23,30.79,0.34,0.31,0.28,0.39
0.25,31.44,0.33,0.31,0.28,0.39
0.31,32.7,0.33,0.31,0.27,0.39
0.53,33.22,0.33,0.3,0.27,0.39
0.25,34.1,0.32,0.3,0.26,0.39
0.35,35.16,0.32,0.29,0.26,0.39
0.44,35.8,0.32,0.29,0.25,0.38
0.58,36.51,0.31,0.29,0.25,0.38
0.57,37.62,0.31,0.28,0.24,0.38
0.55,38.72,0.3,0.28,0.24,0.38
0.41,40.1,0.3,0.27,0.23,0.37
0.51,40.89,0.29,0.26,0.22,0.37
0.48,42.56,0.29,0.26,0.21,0.37
0.6,43.39,0.28,0.26,0.21,0.37
0.51,43.75,0.28,0.25,0.2,0.37
0.64,44.82,0.28,0.25,0.19,0.36
0.68,45.78,0.27,0.24,0.19,0.36
0.73,47.59,0.27,0.24,0.18,0.36
0.6,47.4,0.26,0.23,0.17,0.35
0.76,49.23,0.26,0.23,0.16,0.35
0.78,49.86,0.26,0.22,0.16,0.35
0.68,51.04,0.25,0.22,0.15,0.34
0.67,51.67,0.25,0.21,0.14,0.34
0.72,52.3,0.24,0.21,0.13,0.34
0.78,53.8,0.24,0.2,0.12,0.33
0.71,54.72,0.23,0.2,0.12,0.33
0.75,56.26,0.22,0.19,0.1,0.32
0.81,56.87,0.22,0.18,0.1,0.32
0.8,58.82,0.21,0.18,0.08,0.31
0.9,59.4,0.2,0.17,0.08,0.3
0.8,60.6,0.19,0.16,0.06,0.3
0.88,61.68,0.19,0.16,0.06,0.29
0.82,62.94,0.18,0.15,0.05,0.29
0.84,63.8,0.17,0.14,0.04,0.28
0.82,64.81,0.16,0.14,0.04,0.28
0.75,66.38,0.15,0.13,0.03,0.27
0.92,66.92,0.15,0.13,0.03,0.27
0.75,68.35,0.14,0.12,0.02,0.27
0.96,67.78,0.13,0.12,0.02,0.26
0.77,68.82,0.13,0.11,0.02,0.26
0.93,69.91,0.12,0.11,0.02,0.26
0.87,70.1,0.12,0.1,0.02,0.25
0.86,70.8,0.11,0.1,0.02,0.25
0.81,71.51,0.11,0.1,0.02,0.25
0.92,71.79,0.1,0.09,0.02,0.24
0.87,72.83,0.1,0.09,0.02,0.24
1.05,73.08,0.09,0.08,0.02,0.23
1.14,74.04,0.09,0.08,0.02,0.23
0.93,73.85,0.08,0.08,0.02,0.23
0.94,74.43,0.08,0.07,0.01,0.22
0.96,74.89,0.07,0.07,0.01,0.22
0.98,75.55,0.07,0.06,0.01,0.21
0.98,75.65,0.07,0.06,0.01,0.21
0.92,76.63,0.06,0.06,0.01,0.21
0.97,78.02,0.06,0.06,0.01,0.21
0.95,78.04,0.06,0.06,0.01,0.21
1.09,78.03,0.05,0.06,0.01,0.2
1.11,78.09,0.05,0.05,0.01,0.2
1.06,77.93,0.05,0.05,0.01,0.2
0.96,78.55,0.04,0.05,0.01,0.2
0.99,78.82,0.03,0.05,0.01,0.2
0.97,77.69,0.04,0.05,0.01,0.2
0.93,78.05,0.04,0.05,0.01,0.2
0.98,78.2,0.04,0.05,0.01,0.2
0.98,77.94,0.05,0.05,0.01,0.2
0.93,77.42,0.05,0.06,0.01,0.2
1.08,76.67,0.06,0.06,0.01,0.21
1.04,77.72,0.07,0.06,0.01,0.21
1.03,76.03,0.07,0.07,0.01,0.22
0.84,75.55,0.08,0.07,0.01,0.22
1.01,74.31,0.08,0.07,0.02,0.22
0.98,75.04,0.09,0.08,0.02,0.23
1.11,74.42,0.09,0.08,0.02,0.23
0.96,72.6,0.1,0.09,0.02,0.24
0.85,73.16,0.11,0.09,0.02,0.24
0.94,71.75,0.11,0.1,0.02,0.25
0.83,71.42,0.12,0.1,0.02,0.25
0.93,69.65,0.12,0.11,0.02,0.26
0.83,70.84,0.13,0.11,0.02,0.26
0.84,69.3,0.13,0.12,0.02,0.26
0.97,68.71,0.14,0.12,0.02,0.27
0.93,67.89,0.14,0.12,0.03,0.27
0.77,67.9,0.15,0.13,0.03,0.27
0.87,65.54,0.16,0.14,0.04,0.28
0.92,65.88,0.16,0.14,0.04,0.28
0.81,64.42,0.17,0.14,0.04,0.28
0.82,65.19,0.18,0.15,0.05,0.29
0.82,63.64,0.18,0.15,0.05,0.29
0.74,62.5,0.19,0.16,0.06,0.3
0.81,61.28,0.2,0.16,0.07,0.3
0.85,60.77,0.2,0.17,0.07,0.3
0.86,59.57,0.21,0.17,0.08,0.31
0.78,58.38,0.21,0.18,0.09,0.31
0.93,58.04,0.22,0.18,0.1,0.31
0.69,57.19,0.23,0.19,0.11,0.32
0.66,55.61,0.23,0.2,0.12,0.32
0.71,54.99,0.24,0.2,0.13,0.33
0.74,54.16,0.24,0.21,0.14,0.33
0.64,52.97,0.24,0.21,0.14,0.34
0.7,52.35,0.25,0.21,0.15,0.34
0.71,51.67,0.25,0.22,0.15,0.34
0.7,50.45,0.26,0.22,0.16,0.35
0.64,49.94,0.26,0.23,0.17,0.35
0.59,48.29,0.27,0.23,0.17,0.35
0.59,48.67,0.27,0.23,0.18,0.35
0.8,47.26,0.27,0.24,0.18,0.36
0.69,47.08,0.27,0.24,0.19,0.36
0.49,46.13,0.28,0.24,0.19,0.36
0.66,45.42,0.28,0.25,0.2,0.37
0.5,43.58,0.28,0.26,0.21,0.37
0.59,42.45,0.29,0.26,0.22,0.37
0.64,42.03,0.29,0.27,0.22,0.37
0.52,40.45,0.3,0.27,0.23,0.38
0.45,39.27,0.3,0.28,0.24,0.38
0.49,38.65,0.31,0.28,0.24,0.38
0.55,37.67,0.31,0.29,0.25,0.38
0.41,37,0.31,0.29,0.25,0.38
0.44,36.32,0.31,0.29,0.26,0.38
0.44,35.95,0.32,0.29,0.26,0.38
0.33,34.87,0.32,0.3,0.27,0.39
0.45,33.71,0.33,0.3,0.27,0.39
0.43,33.33,0.33,0.31,0.27,0.39
0.46,32.56,0.33,0.31,0.28,0.39
0.44,31.89,0.33,0.31,0.28,0.39
0.39,31.22,0.34,0.32,0.28,0.39
0.23,30.38,0.34,0.32,0.29,0.39
0.29,29.47,0.34,0.32,0.29,0.39
0.33,28.91,0.35,0.33,0.3,0.39
0.21,27.96,0.35,0.33,0.3,0.39
0.2,27.33,0.35,0.33,0.3,0.4
0.21,25.88,0.36,0.33,0.31,0.4
0.2,25.25,0.36,0.34,0.31,0.4
0.2,24.47,0.36,0.34,0.32,0.4
0.04,23.61,0.36,0.34,0.32,0.4
0.11,23.01,0.37,0.34,0.32,0.4
0.03,21.89,0.37,0.35,0.33,0.4
0.08,21.03,0.37,0.35,0.33,0.4
-0.04,20.68,0.38,0.35,0.33,0.4
0.01,19.31,0.38,0.35,0.34,0.4
-0.13,18.37,0.38,0.36,0.34,0.4
-0.21,17.48,0.38,0.36,0.34,0.4
-0.15,16.42,0.38,0.36,0.35,0.4
-0.21,15.58,0.39,0.36,0.35,0.4
-0.24,14.7,0.39,0.36,0.35,0.4
-0.26,14,0.39,0.36,0.35,0.4
-0.26,12.59,0.39,0.36,0.36,0.4
-0.45,12.03,0.39,0.37,0.36,0.4
-0.41,10.99,0.39,0.37,0.36,0.4
-0.17,10.05,0.39,0.37,0.36,0.4
-0.31,9.33,0.4,0.37,0.36,0.4
-0.08,8.78,0.4,0.37,0.37,0.4
-0.31,8.11,0.4,0.37,0.37,0.4
-0.32,7.47,0.4,0.37,0.37,0.4
-0.38,6.53,0.4,0.37,0.37,0.4
-0.43,5.85,0.4,0.37,0.37,0.4
-0.33,4.72,0.4,0.37,0.37,0.4
-0.55,3.56,0.4,0.37,0.38,0.4
-0.52,2.63,0.4,0.38,0.38,0.4
-0.74,2.12,0.4,0.38,0.38,0.4
-0.66,1.05,0.4,0.38,0.38,0.4
-0.59,0.24,0.4,0.38,0.38,0.4
-0.64,-0.21,0.4,0.38,0.38,0.4
-0.46,-0.26,0.4,0.38,0.38,0.4
-0.64,-0.09,0.4,0.38,0.38,0.4
-0.58,0.12,0.4,0.38,0.38,0.4
-0.48,0.15,0.4,0.38,0.38,0.4
-0.41,0.51,0.4,0.38,0.38,0.4
-0.46,1.5,0.4,0.37,0.38,0.4
-0.58,2.76,0.4,0.37,0.37,0.4
-0.46,3.25,0.4,0.37,0.37,0.4
-0.48,3.76,0.4,0.37,0.37,0.4
-0.51,4.31,0.4,0.37,0.37,0.4
-0.46,4.5,0.4,0.37,0.37,0.4
-0.44,4.83,0.4,0.37,0.37,0.4
-0.35,5.12,0.4,0.37,0.37,0.4
-0.37,5.68,0.4,0.37,0.37,0.4
-0.47,6.24,0.4,0.37,0.37,0.4
-0.37,6.58,0.4,0.37,0.37,0.4
-0.35,7.16,0.4,0.37,0.37,0.4
-0.42,7.84,0.4,0.37,0.37,0.4
-0.26,7.97,0.4,0.37,0.36,0.4
-0.33,8.62,0.4,0.37,0.36,0.4
-0.26,9.14,0.39,0.37,0.36,0.4
-0.33,9.59,0.39,0.37,0.36,0.4
-0.28,9.94,0.39,0.37,0.36,0.4
-0.3,10.1,0.39,0.37,0.36,0.4
