-0.21,9.98,0.38,0.41,0.39,0.24
-0.22,10.12,0.38,0.41,0.39,0.24
-0.4,10.06,0.38,0.41,0.39,0.24
-0.26,10.15,0.38,0.41,0.39,0.24
-0.22,10.23,0.38,0.41,0.39,0.24
-0.21,10.38,0.38,0.41,0.39,0.24
-0.2,10.62,0.38,0.41,0.39,0.24
-0.18,10.78,0.38,0.41,0.38,0.24
-0.14,11.11,0.38,0.41,0.38,0.24
-0.08,11.14,0.38,0.41,0.38,0.24
-0.17,11.37,0.38,0.41,0.38,0.24
-0.15,11.56,0.38,0.41,0.38,0.24
-0.2,11.89,0.38,0.41,0.38,0.24
-0.21,12.02,0.38,0.41,0.38,0.24
-0.15,12.22,0.38,0.41,0.38,0.24
-0.08,12.43,0.38,0.41,0.38,0.24
-0.17,12.81,0.38,0.41,0.38,0.24
-0.12,13.11,0.38,0.41,0.38,0.24
-0.2,13.51,0.38,0.41,0.38,0.24
-0.21,13.83,0.38,0.41,0.38,0.24
-0.12,13.9,0.38,0.41,0.38,0.24
0.01,14.29,0.38,0.41,0.38,0.24
-0.12,14.63,0.38,0.41,0.38,0.24
-0.04,14.97,0.38,0.41,0.38,0.24
-0.04,15.41,0.38,0.41,0.38,0.24
-0.14,15.57,0.38,0.41,0.37,0.24
-0.09,15.8,0.38,0.41,0.37,0.24
-0.09,15.95,0.38,0.41,0.37,0.24
-0.09,16.21,0.38,0.41,0.37,0.24
0.02,16.54,0.38,0.4,0.37,0.24
-0.07,17.07,0.38,0.4,0.37,0.24
-0.01,17.26,0.37,0.4,0.37,0.24
0.01,17.62,0.37,0.4,0.37,0.24
-0.03,17.95,0.37,0.4,0.37,0.24
0.12,18.31,0.37,0.4,0.37,0.24
0.01,18.74,0.37,0.4,0.37,0.24
-0.08,18.89,0.37,0.4,0.36,0.24
0.06,19.38,0.37,0.4,0.36,0.24
0.05,19.51,0.37,0.4,0.36,0.24
0.02,19.76,0.37,0.4,0.36,0.24
0.16,20.11,0.37,0.4,0.36,0.24
0.2,20.17,0.37,0.4,0.36,0.24
0.05,20.43,0.37,0.4,0.36,0.24
0.12,20.54,0.37,0.4,0.36,0.24
0.17,20.7,0.37,0.4,0.36,0.24
-0.02,20.92,0.37,0.4,0.36,0.24
0.17,21.09,0.37,0.4,0.36,0.24
0.13,21.07,0.37,0.39,0.36,0.24
0.08,21.21,0.37,0.39,0.36,0.24
0.02,21.62,0.37,0.39,0.36,0.24
0.21,21.52,0.37,0.39,0.35,0.24
0.22,21.86,0.36,0.39,0.35,0.24
0.1,22.18,0.36,0.39,0.35,0.24
0.14,22.39,0.36,0.39,0.35,0.24
0.14,22.81,0.36,0.39,0.35,0.24
0.15,22.85,0.36,0.39,0.35,0.24
0.02,23.08,0.36,0.39,0.35,0.24
0.02,23.29,0.36,0.39,0.35,0.24
0.15,23.52,0.36,0.39,0.35,0.24
0.2,23.88,0.36,0.39,0.34,0.24
0.1,24.63,0.36,0.38,0.34,0.24
0.13,25.11,0.36,0.38,0.34,0.24
0.06,25.6,0.35,0.38,0.34,0.24
0.18,25.94,0.35,0.38,0.34,0.24
0.19,26.15,0.35,0.38,0.34,0.24
0.2,26.45,0.35,0.38,0.33,0.24
0.4,26.77,0.35,0.38,0.33,0.24
0.41,27.06,0.35,0.38,0.33,0.24
0.24,27.45,0.35,0.38,0.33,0.24
0.28,27.83,0.35,0.37,0.33,0.24
0.37,28.14,0.35,0.37,0.33,0.24
0.21,28.65,0.35,0.37,0.32,0.24
0.38,28.54,0.35,0.37,0.32,0.24
0.37,28.96,0.35,0.37,0.32,0.24
0.37,28.83,0.34,0.37,0.32,0.24
0.38,29.44,0.34,0.37,0.32,0.24
0.32,29.54,0.34,0.37,0.32,0.24
0.33,29.92,0.34,0.37,0.32,0.24
0.44,30.31,0.34,0.37,0.32,0.24
0.44,30.49,0.34,0.36,0.32,0.24
0.25,30.65,0.34,0.36,0.31,0.24
0.48,31.25,0.34,0.36,0.31,0.24
0.38,31.25,0.34,0.36,0.31,0.24
0.39,31.44,0.34,0.36,0.31,0.24
0.5,31.76,0.33,0.36,0.31,0.24
0.5,31.99,0.33,0.36,0.31,0.24
0.45,32.32,0.33,0.36,0.31,0.24
0.24,32.54,0.33,0.35,0.31,0.24
0.38,32.69,0.33,0.35,0.31,0.24
0.44,32.8,0.33,0.35,0.3,0.24
0.49,33.03,0.33,0.35,0.3,0.24
0.36,33.3,0.33,0.35,0.3,0.24
0.35,33.48,0.33,0.35,0.3,0.24
0.33,33.71,0.33,0.35,0.3,0.24
0.44,34.03,0.33,0.35,0.3,0.24
0.35,34.08,0.33,0.35,0.3,0.24
0.42,34.19,0.33,0.35,0.3,0.24
0.4,34.68,0.32,0.35,0.3,0.24
0.49,34.68,0.32,0.34,0.3,0.24
0.49,34.88,0.32,0.34,0.29,0.24
0.49,35.1,0.32,0.34,0.29,0.24
0.49,35.41,0.32,0.34,0.29,0.24
0.64,35.57,0.32,0.34,0.29,0.24
0.66,35.77,0.32,0.34,0.29,0.24
0.58,35.83,0.32,0.34,0.29,0.24
0.46,35.97,0.32,0.34,0.29,0.24
0.6,36.33,0.32,0.34,0.29,0.24
0.53,36.56,0.32,0.34,0.29,0.24
0.52,36.35,0.32,0.34,0.29,0.24
0.6,36.46,0.32,0.34,0.29,0.24
0.59,36.59,0.32,0.34,0.29,0.24
0.57,36.77,0.32,0.34,0.28,0.24
0.56,37.09,0.32,0.33,0.28,0.24
0.71,37.15,0.31,0.33,0.28,0.24
0.6,37.41,0.31,0.33,0.28,0.24
0.59,37.65,0.31,0.33,0.28,0.24
0.49,37.57,0.31,0.33,0.28,0.23
0.58,37.81,0.31,0.33,0.28,0.23
0.54,38.27,0.31,0.33,0.27,0.23
0.49,38.57,0.31,0.33,0.27,0.23
0.55,38.83,0.31,0.33,0.27,0.23
0.56,39.11,0.3,0.32,0.27,0.23
0.57,39.45,0.3,0.32,0.27,0.23
0.53,39.79,0.3,0.32,0.26,0.23
0.55,39.89,0.3,0.32,0.26,0.23
0.53,39.88,0.3,0.32,0.26,0.23
0.56,40.24,0.3,0.32,0.26,0.23
0.68,40.5,0.3,0.32,0.26,0.23
0.58,41.05,0.3,0.31,0.26,0.23
0.61,41.32,0.3,0.31,0.25,0.23
0.66,41.21,0.29,0.31,0.25,0.23
0.7,41.45,0.29,0.31,0.25,0.23
0.71,41.69,0.29,0.31,0.25,0.23
0.66,42.2,0.29,0.31,0.25,0.23
0.63,42.2,0.29,0.31,0.25,0.23
0.6,42.53,0.29,0.31,0.24,0.23
0.66,42.69,0.29,0.3,0.24,0.23
0.66,42.99,0.29,0.3,0.24,0.23
0.49,43.29,0.29,0.3,0.24,0.23
0.66,43.46,0.29,0.3,0.24,0.23
0.64,43.73,0.29,0.3,0.23,0.23
0.65,43.88,0.28,0.3,0.23,0.23
0.74,44.18,0.28,0.3,0.23,0.23
0.7,44.31,0.28,0.29,0.23,0.23
0.67,44.79,0.28,0.29,0.23,0.23
0.76,45.1,0.28,0.29,0.23,0.23
0.78,45.21,0.28,0.29,0.22,0.23
0.63,45.48,0.28,0.29,0.22,0.23
0.66,45.99,0.27,0.28,0.22,0.22
0.67,46.39,0.27,0.28,0.21,0.22
0.76,47,0.27,0.28,0.21,0.22
0.69,47.5,0.27,0.28,0.2,0.22
0.7,47.69,0.27,0.27,0.2,0.22
0.72,48.37,0.27,0.27,0.2,0.22
0.76,48.76,0.26,0.27,0.19,0.22
0.88,49.24,0.26,0.27,0.19,0.22
0.76,49.46,0.26,0.26,0.19,0.22
0.88,49.96,0.26,0.26,0.18,0.22
0.92,50.35,0.26,0.26,0.18,0.22
0.94,50.72,0.26,0.26,0.18,0.22
1.01,50.91,0.25,0.25,0.17,0.22
0.87,51.25,0.25,0.25,0.17,0.22
0.8,51.77,0.25,0.25,0.17,0.22
0.74,51.74,0.25,0.25,0.17,0.22
0.72,52.24,0.25,0.25,0.17,0.22
0.8,52.34,0.25,0.25,0.16,0.22
0.85,52.6,0.25,0.24,0.16,0.22
0.96,53.28,0.24,0.24,0.16,0.22
0.96,52.87,0.24,0.24,0.15,0.21
0.82,53.47,0.24,0.24,0.15,0.21
0.96,54.01,0.24,0.23,0.15,0.21
0.87,54.66,0.24,0.23,0.14,0.21
0.85,55.17,0.24,0.23,0.14,0.21
0.93,55.44,0.23,0.23,0.13,0.21
0.93,55.97,0.23,0.22,0.13,0.21
1,56.23,0.23,0.22,0.13,0.21
0.95,56.82,0.23,0.22,0.12,0.21
0.92,57.17,0.23,0.21,0.12,0.21
0.77,57.9,0.22,0.21,0.11,0.2
0.81,58.38,0.22,0.21,0.11,0.2
0.94,58.91,0.22,0.2,0.1,0.2
0.93,59.27,0.21,0.2,0.1,0.2
0.87,59.55,0.21,0.2,0.1,0.2
0.92,60.2,0.21,0.19,0.09,0.2
0.99,60.4,0.21,0.19,0.09,0.2
1.08,60.82,0.2,0.19,0.08,0.19
1.02,61.22,0.2,0.18,0.08,0.19
1,61.63,0.2,0.18,0.07,0.19
1.09,61.72,0.2,0.18,0.07,0.19
0.98,62.16,0.19,0.17,0.07,0.19
0.97,62.88,0.19,0.17,0.07,0.19
0.96,63.13,0.19,0.17,0.06,0.19
0.99,63.43,0.19,0.17,0.06,0.19
1.03,63.74,0.18,0.17,0.06,0.18
1.09,64.05,0.18,0.16,0.06,0.18
1.03,64.38,0.18,0.16,0.05,0.18
0.95,64.82,0.18,0.16,0.05,0.18
0.97,65.02,0.17,0.16,0.05,0.18
1.03,65.37,0.17,0.15,0.05,0.18
1.02,66,0.17,0.15,0.04,0.18
1.03,65.85,0.17,0.15,0.04,0.18
0.97,65.81,0.17,0.15,0.04,0.18
0.95,66.73,0.16,0.15,0.04,0.18
1,66.68,0.16,0.14,0.04,0.18
1.08,67.13,0.16,0.14,0.03,0.17
0.85,67.16,0.16,0.14,0.03,0.17
1.12,67.56,0.15,0.13,0.03,0.17
1.03,68.16,0.15,0.13,0.03,0.17
1.09,68,0.15,0.13,0.03,0.17
1.02,69.17,0.15,0.13,0.03,0.17
0.95,68.82,0.15,0.13,0.03,0.17
1.1,69.64,0.14,0.12,0.02,0.17
1.04,69.84,0.14,0.12,0.02,0.16
1.04,70.39,0.14,0.12,0.02,0.16
1.11,70.44,0.13,0.11,0.02,0.16
0.87,70.96,0.13,0.11,0.02,0.16
1.14,72.15,0.13,0.11,0.02,0.16
1.12,71.55,0.12,0.1,0.02,0.16
1.09,71.94,0.12,0.1,0.02,0.15
1.03,72.29,0.12,0.1,0.02,0.15
1.08,73.33,0.12,0.1,0.02,0.15
1.12,73.23,0.11,0.09,0.02,0.15
1.09,74.21,0.11,0.09,0.02,0.15
1.02,74.23,0.1,0.08,0.02,0.14
1.09,74.13,0.1,0.08,0.02,0.14
1.14,75.48,0.1,0.08,0.01,0.14
1.19,75.09,0.09,0.07,0.01,0.14
1.1,75.66,0.08,0.07,0.01,0.14
1.14,76.38,0.07,0.07,0.01,0.13
1.14,77.06,0.06,0.07,0.01,0.13
0.98,76.91,0.05,0.06,0.01,0.13
1.04,77.82,0.03,0.06,0.01,0.13
1.19,77.99,0.02,0.06,0.01,0.13
1.15,78.85,0.02,0.05,0.01,0.12
1.07,78.13,0.01,0.04,0.01,0.12
1.14,78.88,0.01,0.03,0.01,0.12
1.15,79.47,0.01,0.02,0.01,0.11
1.14,79.26,0.01,0.02,0.01,0.11
1.19,80.74,0.01,0.02,0.01,0.1
1.14,80.17,0.01,0.01,0.01,0.07
1.04,80.45,0.01,0.01,0.01,0.04
1.19,79.8,0.01,0.01,0,0.02
1.13,81.81,0.01,0.01,0,0.02
1.06,81.56,0.01,0.01,0,0.01
1.15,81.2,0.01,0.01,0,0.01
1.14,83.76,0.01,0.01,0,0.01
1.14,82.63,0.01,0.01,0,0.01
1.12,82.36,0.01,0.01,0,0.01
1.09,82.96,0.01,0.01,0,0.01
0.96,82.79,0.01,0.01,0,0.01
1.13,82.72,0.01,0.01,0,0.01
1.09,82.36,0.01,0.01,0,0.01
0.99,82.24,0.01,0.01,0,0.02
1.04,82.03,0.01,0.01,0,0.02
0.86,80.99,0.01,0.01,0,0.02
1.12,82.15,0.01,0.01,0,0.02
1.09,81.17,0.01,0.01,0.01,0.03
1.08,82.32,0.01,0.01,0.01,0.04
1.19,81.18,0.01,0.01,0.01,0.07
1.14,80.1,0.01,0.01,0.01,0.09
1.11,80.77,0.01,0.02,0.01,0.1
1.05,79.48,0.01,0.02,0.01,0.11
1.04,80.39,0.01,0.02,0.01,0.11
1.13,79.93,0.01,0.02,0.01,0.11
1.2,79.52,0.01,0.03,0.01,0.12
1.25,78.58,0.01,0.03,0.01,0.12
1.09,78.38,0.01,0.04,0.01,0.12
1.08,79.23,0.02,0.05,0.01,0.12
1.13,78.1,0.02,0.05,0.01,0.12
1.09,78.45,0.02,0.05,0.01,0.13
1.04,77.48,0.02,0.06,0.01,0.13
1.12,77.87,0.02,0.06,0.01,0.13
1.2,77.5,0.03,0.06,0.01,0.13
1.13,77.39,0.04,0.06,0.01,0.13
1.09,76.74,0.06,0.07,0.01,0.13
1.11,77.34,0.07,0.07,0.01,0.13
0.96,76.22,0.08,0.07,0.01,0.14
0.99,75.23,0.09,0.07,0.01,0.14
1.13,75.28,0.09,0.08,0.01,0.14
0.97,76.33,0.1,0.08,0.01,0.14
1.07,75.07,0.1,0.08,0.01,0.14
1.09,74.75,0.1,0.08,0.01,0.14
1.01,74.4,0.1,0.09,0.02,0.15
0.98,74.01,0.11,0.09,0.02,0.15
1.08,73.62,0.11,0.09,0.02,0.15
1.08,73.56,0.11,0.1,0.02,0.15
1.05,73,0.12,0.1,0.02,0.15
1.04,71.95,0.12,0.1,0.02,0.15
1.01,71.94,0.13,0.11,0.02,0.16
1.05,71.51,0.13,0.11,0.02,0.16
1.02,71.27,0.13,0.11,0.02,0.16
1.12,70.8,0.13,0.11,0.02,0.16
0.98,70.22,0.14,0.12,0.02,0.16
0.95,70.24,0.14,0.12,0.02,0.16
1.14,69.81,0.14,0.12,0.02,0.16
1.02,69.96,0.14,0.12,0.02,0.17
1.05,69.14,0.15,0.13,0.03,0.17
1.01,69.28,0.15,0.13,0.03,0.17
0.99,68.52,0.15,0.13,0.03,0.17
1.08,67.65,0.16,0.14,0.03,0.17
1.04,67.18,0.16,0.14,0.04,0.17
1.04,67,0.16,0.14,0.04,0.17
0.83,66.99,0.16,0.14,0.04,0.18
0.93,66.19,0.17,0.15,0.04,0.18
1.14,66.01,0.17,0.15,0.04,0.18
0.93,65.24,0.17,0.16,0.05,0.18
0.96,65.23,0.18,0.16,0.05,0.18
0.93,64.63,0.18,0.16,0.05,0.18
1.01,64.23,0.18,0.16,0.06,0.18
1.04,64,0.18,0.17,0.06,0.18
1.01,63.5,0.19,0.17,0.06,0.19
0.93,63.57,0.19,0.17,0.06,0.19
1.02,62.9,0.19,0.17,0.07,0.19
0.92,62.58,0.19,0.18,0.07,0.19
0.98,62.2,0.2,0.18,0.07,0.19
0.98,61.92,0.2,0.18,0.08,0.19
0.87,61.17,0.2,0.19,0.08,0.19
0.88,61.21,0.2,0.19,0.08,0.19
0.94,60.51,0.21,0.19,0.09,0.2
0.86,60.11,0.21,0.2,0.1,0.2
0.88,59.41,0.22,0.2,0.1,0.2
0.76,58.65,0.22,0.21,0.11,0.2
0.82,58.12,0.22,0.21,0.11,0.2
1.03,57.88,0.22,0.21,0.11,0.2
0.98,57.65,0.23,0.21,0.12,0.21
0.75,56.98,0.23,0.22,0.12,0.21
0.82,56.78,0.23,0.22,0.13,0.21
0.95,56.36,0.23,0.22,0.13,0.21
0.88,55.89,0.23,0.22,0.13,0.21
0.88,55.76,0.24,0.23,0.14,0.21
0.87,55.09,0.24,0.23,0.14,0.21
0.88,55.06,0.24,0.23,0.14,0.21
0.8,54.5,0.24,0.23,0.14,0.21
0.76,54.32,0.24,0.24,0.15,0.21
0.92,53.96,0.24,0.24,0.15,0.21
0.85,53.61,0.24,0.24,0.15,0.21
0.75,53.45,0.24,0.24,0.15,0.21
0.88,53.3,0.24,0.24,0.16,0.21
0.84,52.98,0.25,0.25,0.16,0.22
0.76,52.56,0.25,0.25,0.16,0.22
0.83,52.3,0.25,0.25,0.17,0.22
0.81,52.07,0.25,0.25,0.17,0.22
0.75,51.59,0.25,0.25,0.17,0.22
0.82,51.15,0.26,0.26,0.18,0.22
0.82,50.88,0.26,0.26,0.18,0.22
0.84,50.39,0.26,0.26,0.18,0.22
0.83,50.23,0.26,0.26,0.19,0.22
0.76,49.72,0.26,0.26,0.19,0.22
0.74,49.44,0.26,0.27,0.19,0.22
0.87,49.33,0.26,0.27,0.19,0.22
0.71,49.07,0.26,0.27,0.19,0.22
0.71,48.65,0.26,0.27,0.2,0.22
0.7,48.54,0.27,0.27,0.2,0.22
0.76,48.22,0.27,0.27,0.2,0.22
0.8,48.12,0.27,0.28,0.2,0.22
0.73,47.87,0.27,0.28,0.2,0.22
0.66,47.81,0.27,0.28,0.21,0.22
0.57,47.27,0.27,0.28,0.21,0.22
0.69,47.26,0.27,0.28,0.21,0.22
0.75,47.1,0.27,0.28,0.21,0.22
0.69,46.64,0.27,0.28,0.21,0.22
0.61,46.37,0.27,0.28,0.22,0.22
0.76,46.13,0.27,0.29,0.22,0.22
0.73,46.01,0.28,0.29,0.22,0.23
0.8,45.89,0.28,0.29,0.22,0.23
0.72,45.53,0.28,0.29,0.22,0.23
0.77,45.38,0.28,0.29,0.22,0.23
0.77,44.82,0.28,0.29,0.23,0.23
0.79,44.55,0.28,0.3,0.23,0.23
0.81,44.56,0.28,0.3,0.23,0.23
0.62,43.84,0.29,0.3,0.23,0.23
0.55,43.61,0.29,0.3,0.23,0.23
0.71,43.73,0.29,0.3,0.24,0.23
0.61,43.54,0.29,0.3,0.24,0.23
0.51,43.24,0.29,0.3,0.24,0.23
0.6,43,0.29,0.3,0.24,0.23
0.61,42.94,0.29,0.31,0.24,0.23
0.6,42.64,0.29,0.31,0.24,0.23
0.51,42.57,0.29,0.31,0.24,0.23
0.5,42.59,0.29,0.31,0.24,0.23
0.6,42.5,0.29,0.31,0.24,0.23
0.55,42.68,0.29,0.31,0.25,0.23
0.49,42.48,0.29,0.31,0.25,0.23
0.49,42.35,0.29,0.31,0.25,0.23
0.56,41.73,0.29,0.31,0.25,0.23
0.51,41.64,0.29,0.31,0.25,0.23
0.77,41.1,0.3,0.31,0.25,0.23
0.82,41.1,0.3,0.31,0.26,0.23
0.48,40.96,0.3,0.32,0.26,0.23
0.28,40.66,0.3,0.32,0.26,0.23
0.73,40.5,0.3,0.32,0.26,0.23
0.9,40.37,0.3,0.32,0.26,0.23
0.71,40.55,0.3,0.32,0.26,0.23
0.56,39.94,0.3,0.32,0.26,0.23
0.64,40.05,0.3,0.32,0.26,0.23
0.5,39.78,0.3,0.32,0.27,0.23
0.79,39.39,0.3,0.32,0.27,0.23
0.61,39.33,0.31,0.32,0.27,0.23
0.76,39.06,0.31,0.33,0.27,0.23
0.75,38.35,0.31,0.33,0.27,0.23
0.49,37.92,0.31,0.33,0.28,0.24
0.51,37.3,0.31,0.33,0.28,0.24
0.66,37.18,0.32,0.34,0.28,0.24
0.5,36.39,0.32,0.34,0.29,0.24
0.6,36.07,0.32,0.34,0.29,0.24
0.49,35.59,0.32,0.34,0.29,0.24
0.65,35.33,0.32,0.34,0.29,0.24
0.62,34.93,0.32,0.35,0.3,0.24
0.69,34.29,0.33,0.35,0.3,0.24
0.62,33.83,0.33,0.35,0.3,0.24
0.49,33.71,0.33,0.35,0.3,0.24
0.46,33.45,0.33,0.35,0.3,0.24
0.4,33.24,0.33,0.35,0.31,0.24
0.39,32.85,0.33,0.36,0.31,0.24
0.57,32.3,0.33,0.36,0.31,0.24
0.43,31.97,0.33,0.36,0.31,0.24
0.46,31.66,0.34,0.36,0.31,0.24
0.33,31.19,0.34,0.36,0.31,0.24
0.33,30.74,0.34,0.36,0.32,0.24
0.49,30.4,0.34,0.37,0.32,0.24
0.25,29.34,0.35,0.37,0.32,0.24
0.41,28.54,0.35,0.37,0.33,0.24
0.48,28.09,0.35,0.37,0.33,0.24
0.47,27.66,0.35,0.38,0.33,0.24
0.37,27.25,0.35,0.38,0.33,0.24
0.41,26.87,0.35,0.38,0.33,0.24
0.23,26.88,0.35,0.38,0.33,0.24
0.29,26.54,0.35,0.38,0.33,0.24
0.39,26.56,0.35,0.38,0.34,0.24
0.24,26.25,0.35,0.38,0.34,0.24
0.23,25.61,0.35,0.38,0.34,0.24
0.23,25.5,0.35,0.38,0.34,0.24
0.36,25.05,0.36,0.38,0.34,0.24
0.2,24.79,0.36,0.39,0.34,0.24
0.26,24.51,0.36,0.39,0.34,0.24
0.14,24.23,0.36,0.39,0.35,0.24
0.2,23.82,0.36,0.39,0.35,0.24
0.14,23.62,0.36,0.39,0.35,0.24
0.21,23.06,0.36,0.39,0.35,0.24
0.17,22.43,0.36,0.39,0.35,0.24
0.11,21.89,0.37,0.39,0.35,0.24
0.18,21.32,0.37,0.4,0.36,0.24
0.35,21.12,0.37,0.4,0.36,0.24
0.22,20.52,0.37,0.4,0.36,0.24
0.13,19.96,0.37,0.4,0.36,0.24
0.16,19.27,0.37,0.4,0.36,0.24
0.05,18.78,0.37,0.4,0.37,0.24
0.01,18.52,0.37,0.4,0.37,0.24
0.08,18.07,0.37,0.4,0.37,0.24
0.02,17.83,0.37,0.4,0.37,0.24
-0.05,17.12,0.37,0.4,0.37,0.24
0.01,16.49,0.38,0.41,0.37,0.24
0.01,16.23,0.38,0.41,0.37,0.24
0.06,15.77,0.38,0.41,0.37,0.24
-0.11,15.4,0.38,0.41,0.38,0.24
-0.06,14.77,0.38,0.41,0.38,0.24
-0.14,14.1,0.38,0.41,0.38,0.24
0.12,13.86,0.38,0.41,0.38,0.24
-0,13.32,0.38,0.41,0.38,0.24
-0.07,12.94,0.38,0.41,0.38,0.24
-0,12.69,0.38,0.41,0.38,0.24
-0.07,12.22,0.38,0.41,0.38,0.24
-0.12,11.95,0.38,0.41,0.38,0.24
-0.1,11.7,0.38,0.41,0.38,0.24
-0.17,11.27,0.38,0.41,0.38,0.24
-0.02,11.06,0.38,0.41,0.39,0.24
-0.16,10.53,0.38,0.41,0.39,0.24
-0.17,10.23,0.38,0.41,0.39,0.24
-0.27,10,0.38,0.42,0.39,0.24
-0.21,9.55,0.38,0.42,0.39,0.24
-0.2,9.24,0.38,0.42,0.39,0.24
-0.26,9.08,0.38,0.42,0.39,0.24
-0.36,8.74,0.38,0.42,0.39,0.24
-0.33,8.41,0.38,0.42,0.39,0.24
-0.23,8.16,0.38,0.42,0.39,0.24
-0.28,7.81,0.38,0.42,0.39,0.24
-0.24,7.37,0.38,0.42,0.39,0.24
-0.19,6.96,0.38,0.42,0.39,0.24
-0.27,6.54,0.38,0.42,0.39,0.24
-0.23,6.08,0.38,0.42,0.39,0.24
-0.33,5.97,0.38,0.42,0.39,0.24
-0.42,5.54,0.38,0.42,0.39,0.24
-0.36,5.44,0.38,0.42,0.39,0.24
-0.37,5.32,0.38,0.42,0.39,0.24
-0.34,5.14,0.38,0.42,0.39,0.24
-0.22,4.88,0.38,0.42,0.39,0.24
-0.4,4.49,0.39,0.42,0.4,0.24
-0.31,4.24,0.39,0.42,0.4,0.24
-0.42,3.73,0.39,0.42,0.4,0.24
-0.41,3.3,0.39,0.42,0.4,0.24
-0.32,2.56,0.39,0.42,0.4,0.24
-0.47,2.04,0.39,0.42,0.4,0.24
-0.4,1.73,0.39,0.42,0.4,0.24
-0.28,1.19,0.39,0.42,0.4,0.24
-0.71,0.88,0.39,0.42,0.4,0.24
-0.37,0.76,0.39,0.42,0.4,0.24
-0.56,0.71,0.39,0.42,0.4,0.24
-0.49,0.28,0.39,0.42,0.4,0.24
-0.63,-0.26,0.39,0.42,0.4,0.24
-0.53,-0.58,0.39,0.42,0.4,0.24
-0.4,-0.64,0.39,0.42,0.4,0.24
-0.46,-1.17,0.39,0.42,0.4,0.24
-0.56,-1.33,0.39,0.42,0.4,0.24
-0.44,-1.48,0.39,0.42,0.4,0.24
-0.62,-1.61,0.39,0.42,0.4,0.24
-0.56,-1.83,0.39,0.42,0.4,0.24
-0.53,-1.81,0.39,0.42,0.4,0.24
-0.53,-2.17,0.39,0.42,0.4,0.24
-0.61,-2.56,0.39,0.42,0.4,0.24
-0.51,-3.02,0.39,0.42,0.4,0.24
-0.56,-3.37,0.39,0.42,0.4,0.24
-0.74,-3.34,0.39,0.42,0.4,0.24
-0.6,-3.39,0.39,0.42,0.4,0.24
-0.61,-3.39,0.39,0.42,0.4,0.24
-0.88,-3.25,0.39,0.42,0.4,0.24
-0.58,-3.3,0.39,0.42,0.4,0.24
-0.8,-3.18,0.39,0.42,0.4,0.24
-0.75,-3.18,0.39,0.42,0.4,0.24
-0.48,-3.24,0.39,0.42,0.4,0.24
-0.58,-3.28,0.39,0.42,0.4,0.24
-0.59,-4.01,0.39,0.42,0.4,0.24
-0.66,-4.8,0.38,0.42,0.4,0.24
-0.64,-5.19,0.38,0.42,0.4,0.24
-0.69,-5.97,0.38,0.42,0.4,0.24
-0.67,-6.67,0.38,0.42,0.4,0.24
-0.75,-7.18,0.38,0.42,0.4,0.24
-0.74,-8.24,0.38,0.42,0.41,0.23
-0.73,-8.63,0.38,0.42,0.41,0.23
-0.97,-9.71,0.38,0.42,0.41,0.23
-0.9,-10.42,0.38,0.42,0.41,0.23
-0.73,-11.01,0.38,0.42,0.41,0.23
-0.87,-11.92,0.38,0.42,0.41,0.23
-0.91,-12.46,0.38,0.42,0.41,0.23
-0.78,-13.71,0.38,0.41,0.41,0.23
-0.98,-14.19,0.38,0.41,0.41,0.23
-0.96,-14.79,0.37,0.41,0.4,0.23
-1.06,-15.3,0.37,0.41,0.4,0.23
-0.96,-15.9,0.37,0.41,0.4,0.23
-0.89,-16.62,0.37,0.41,0.4,0.23
-1.02,-16.87,0.37,0.41,0.4,0.23
-1.05,-17.51,0.37,0.41,0.4,0.22
-1.06,-18.16,0.37,0.41,0.4,0.22
-1.04,-18.58,0.37,0.41,0.4,0.22
-1.1,-18.89,0.37,0.41,0.4,0.22
-1.09,-19.37,0.37,0.41,0.4,0.22
-0.97,-19.86,0.37,0.41,0.4,0.22
-1.11,-20.07,0.36,0.4,0.4,0.22
-1.13,-20.66,0.36,0.4,0.4,0.22
-1.19,-21.21,0.36,0.4,0.4,0.22
-1.14,-22.25,0.36,0.4,0.4,0.22
-1.2,-22.57,0.36,0.4,0.4,0.22
-1.31,-22.93,0.36,0.4,0.4,0.21
-1.19,-24.01,0.36,0.4,0.4,0.21
-1.35,-24.48,0.35,0.39,0.4,0.21
-1.29,-25.14,0.35,0.39,0.4,0.21
-1.42,-25.53,0.35,0.39,0.4,0.21
-1.23,-25.69,0.35,0.39,0.4,0.21
-1.35,-25.81,0.35,0.39,0.4,0.21
-1.37,-26.07,0.35,0.39,0.4,0.21
-1.18,-25.96,0.35,0.39,0.4,0.21
-1.45,-26.18,0.35,0.39,0.4,0.21
-1.31,-26.39,0.35,0.39,0.4,0.21
-1.24,-26.58,0.35,0.39,0.4,0.21
-1.29,-26.8,0.35,0.39,0.4,0.21
-1.09,-26.83,0.35,0.39,0.4,0.21
-1.23,-26.84,0.35,0.39,0.4,0.21
-1.39,-26.79,0.35,0.39,0.4,0.21
-1.11,-26.87,0.35,0.39,0.4,0.21
-1.3,-26.84,0.35,0.39,0.4,0.21
-1.23,-26.88,0.35,0.39,0.4,0.21
-1.13,-26.94,0.35,0.39,0.4,0.21
-0.8,-26.86,0.35,0.39,0.4,0.21
-1.14,-26.86,0.35,0.39,0.4,0.21
-1.17,-26.82,0.35,0.39,0.4,0.21
-1.4,-26.88,0.35,0.39,0.4,0.21
-1.42,-26.93,0.35,0.39,0.4,0.21
-1.46,-27.18,0.35,0.39,0.4,0.21
-1.3,-27.27,0.35,0.39,0.4,0.21
-1.17,-27.49,0.35,0.39,0.4,0.21
-1.3,-27.94,0.34,0.39,0.4,0.2
-1.29,-28.39,0.34,0.38,0.4,0.2
-1.35,-28.72,0.34,0.38,0.4,0.2
-1.28,-29.18,0.34,0.38,0.4,0.2
-1.32,-29.41,0.34,0.38,0.4,0.2
-1.36,-29.73,0.34,0.38,0.4,0.2
-1.33,-30.13,0.34,0.38,0.4,0.2
-1.33,-30.32,0.34,0.38,0.4,0.2
-1.3,-30.69,0.33,0.38,0.4,0.2
-1.22,-30.84,0.33,0.38,0.4,0.2
-1.37,-31.16,0.33,0.37,0.4,0.2
-1.37,-31.53,0.33,0.37,0.4,0.2
-1.51,-31.59,0.33,0.37,0.4,0.2
-1.55,-31.98,0.33,0.37,0.4,0.19
-1.41,-32.5,0.33,0.37,0.4,0.19
-1.44,-32.72,0.32,0.37,0.4,0.19
-1.42,-33.08,0.32,0.37,0.4,0.19
-1.36,-33.38,0.32,0.37,0.4,0.19
-1.44,-33.63,0.32,0.37,0.4,0.19
-1.41,-33.95,0.32,0.36,0.4,0.19
-1.5,-34.39,0.32,0.36,0.4,0.19
-1.48,-34.57,0.32,0.36,0.4,0.19
-1.37,-34.99,0.31,0.36,0.4,0.19
-1.55,-35.34,0.31,0.36,0.4,0.19
-1.56,-35.53,0.31,0.36,0.4,0.18
-1.54,-35.74,0.31,0.36,0.4,0.18
-1.61,-35.96,0.31,0.36,0.4,0.18
-1.76,-36.07,0.31,0.36,0.39,0.18
-1.77,-36.1,0.31,0.36,0.4,0.18
-1.45,-36.22,0.31,0.35,0.39,0.18
-1.5,-36.74,0.31,0.35,0.39,0.18
-1.41,-36.73,0.3,0.35,0.39,0.18
-1.58,-37.15,0.3,0.35,0.39,0.18
-1.51,-37.67,0.3,0.35,0.39,0.18
-1.35,-37.95,0.3,0.35,0.39,0.18
-1.39,-38.41,0.3,0.34,0.39,0.18
-1.48,-38.71,0.3,0.34,0.39,0.18
-1.49,-39.13,0.29,0.34,0.39,0.18
-1.58,-39.55,0.29,0.34,0.39,0.18
-1.58,-39.84,0.29,0.34,0.39,0.17
-1.6,-40.38,0.29,0.33,0.39,0.17
-1.65,-40.8,0.29,0.33,0.39,0.17
-1.61,-41.55,0.28,0.33,0.39,0.17
-1.8,-42.2,0.28,0.33,0.39,0.17
-1.72,-42.42,0.28,0.32,0.39,0.17
-1.65,-42.99,0.28,0.32,0.39,0.17
-1.54,-43.34,0.27,0.32,0.39,0.16
-1.72,-43.68,0.27,0.32,0.39,0.16
-1.81,-44.03,0.27,0.31,0.38,0.16
-1.7,-44.49,0.27,0.31,0.38,0.16
-1.78,-44.86,0.27,0.31,0.38,0.16
-1.87,-45.16,0.26,0.31,0.38,0.16
-1.88,-45.41,0.26,0.31,0.38,0.16
-1.67,-45.71,0.26,0.31,0.38,0.15
-1.85,-46.05,0.26,0.3,0.38,0.15
-1.78,-46.24,0.26,0.3,0.38,0.15
-1.89,-46.59,0.26,0.3,0.38,0.15
-1.77,-46.98,0.25,0.3,0.38,0.15
-1.63,-47.47,0.25,0.3,0.38,0.15
-1.87,-47.68,0.25,0.3,0.38,0.14
-1.68,-48.53,0.25,0.29,0.38,0.14
-1.93,-48.56,0.24,0.29,0.38,0.14
-1.95,-49.24,0.24,0.29,0.38,0.14
-2.04,-49.63,0.24,0.29,0.38,0.14
-2.04,-49.85,0.24,0.29,0.38,0.14
-1.99,-50.55,0.24,0.28,0.37,0.13
-1.88,-50.8,0.23,0.28,0.37,0.13
-1.98,-51.15,0.23,0.28,0.37,0.13
-1.96,-51.42,0.23,0.28,0.37,0.13
-1.93,-52.16,0.23,0.27,0.37,0.12
-1.93,-52.54,0.22,0.27,0.37,0.12
-1.88,-53.27,0.22,0.27,0.37,0.12
-2.01,-53.74,0.22,0.26,0.36,0.11
-1.91,-54.36,0.21,0.26,0.36,0.11
-2.11,-55.05,0.21,0.26,0.36,0.11
-2.07,-55.71,0.21,0.26,0.36,0.1
-1.9,-56.09,0.2,0.25,0.35,0.1
-2.04,-56.51,0.2,0.25,0.35,0.1
-2.01,-57.12,0.2,0.25,0.35,0.09
-2.01,-57.59,0.2,0.24,0.35,0.09
-2.17,-58.12,0.19,0.24,0.35,0.09
-1.99,-58.61,0.19,0.24,0.34,0.09
-2.24,-59.21,0.19,0.24,0.34,0.08
-1.98,-59.52,0.19,0.24,0.34,0.08
-2.08,-60.15,0.18,0.23,0.34,0.08
-2.1,-60.58,0.18,0.23,0.34,0.08
-2.09,-61.16,0.18,0.23,0.33,0.07
-2.04,-61.66,0.17,0.22,0.33,0.07
-2.09,-62.13,0.17,0.22,0.33,0.07
-2.16,-62.67,0.17,0.21,0.32,0.06
-2.13,-63.42,0.16,0.21,0.32,0.06
-2.32,-63.56,0.16,0.21,0.32,0.06
-2.53,-63.89,0.16,0.21,0.32,0.06
-2.24,-63.94,0.16,0.21,0.32,0.05
-2.22,-64.64,0.16,0.2,0.32,0.05
-2.26,-64.97,0.15,0.2,0.31,0.05
-2.24,-65.13,0.15,0.2,0.31,0.05
-2.18,-65.6,0.15,0.2,0.31,0.05
-2.01,-66.31,0.15,0.19,0.31,0.04
-2.33,-67,0.14,0.19,0.31,0.04
-2.22,-67.18,0.14,0.19,0.3,0.04
-2.2,-67.5,0.14,0.18,0.3,0.04
-2.03,-68.19,0.13,0.18,0.3,0.03
-2.16,-68.94,0.13,0.18,0.3,0.03
-2.28,-68.8,0.13,0.17,0.29,0.03
-2.26,-69.16,0.12,0.17,0.29,0.03
-2.3,-70.58,0.12,0.17,0.29,0.02
-2.31,-70.97,0.12,0.16,0.28,0.02
-2.36,-70.84,0.11,0.16,0.28,0.02
-2.25,-71.22,0.11,0.16,0.28,0.02
-2.24,-71.39,0.11,0.15,0.28,0.02
-2.45,-72.23,0.1,0.15,0.27,0.02
-2.39,-72.59,0.1,0.14,0.27,0.02
-2.41,-72.64,0.09,0.14,0.26,0.01
-2.39,-73.46,0.09,0.14,0.26,0.01
-2.44,-74.12,0.09,0.13,0.26,0.01
-2.21,-74.83,0.08,0.13,0.25,0.01
-2.31,-75.29,0.08,0.12,0.25,0.01
-2.4,-76.18,0.08,0.12,0.25,0.01
-2.25,-75.6,0.07,0.11,0.24,0.01
-2.29,-76.72,0.07,0.11,0.24,0.01
-2.36,-77.11,0.07,0.1,0.23,0.01
-2.48,-76.64,0.06,0.1,0.23,0.01
-2.37,-78.08,0.06,0.1,0.22,0.01
-2.34,-78.58,0.06,0.09,0.2,0.01
-2.48,-77.89,0.05,0.09,0.16,0.01
-2.36,-79,0.05,0.09,0.15,0.01
-2.6,-79.5,0.05,0.09,0.12,0.01
-2.31,-78.81,0.05,0.09,0.11,0.01
-2.42,-79.25,0.05,0.09,0.11,0.01
-2.53,-78.88,0.05,0.09,0.12,0.01
-2.42,-79.22,0.05,0.09,0.13,0.01
-2.52,-79.19,0.05,0.09,0.15,0.01
-2.45,-78.89,0.06,0.09,0.18,0.01
-2.41,-78.48,0.06,0.1,0.22,0.01
-2.26,-77.32,0.06,0.1,0.23,0.01
-2.45,-77.64,0.07,0.1,0.23,0.01
-2.48,-77.58,0.07,0.11,0.23,0.01
-2.27,-76.72,0.07,0.11,0.24,0.01
-2.32,-77.07,0.07,0.11,0.24,0.01
-2.45,-76.55,0.07,0.11,0.24,0.01
-2.31,-76.15,0.08,0.12,0.25,0.01
-2.47,-75.23,0.08,0.12,0.25,0.01
-2.32,-75.18,0.08,0.13,0.25,0.01
-2.37,-74.1,0.09,0.14,0.26,0.01
-2.08,-73.91,0.1,0.14,0.27,0.02
-2.31,-72.02,0.1,0.15,0.27,0.02
-2.26,-72.59,0.11,0.15,0.28,0.02
-2.36,-71.98,0.11,0.16,0.28,0.02
-2.26,-71.39,0.11,0.16,0.28,0.02
-2.29,-70.97,0.11,0.16,0.28,0.02
-2.28,-69.51,0.12,0.17,0.29,0.03
-2.21,-69.96,0.12,0.17,0.29,0.03
-2.24,-69.6,0.13,0.17,0.29,0.03
-2.26,-69.33,0.13,0.18,0.3,0.03
-2.35,-68.19,0.13,0.18,0.3,0.03
-2.34,-68.24,0.14,0.18,0.3,0.04
-2.21,-67.59,0.14,0.19,0.3,0.04
-2.26,-66.89,0.15,0.19,0.31,0.04
-2.12,-65.91,0.15,0.2,0.31,0.05
-2.18,-65.61,0.15,0.2,0.31,0.05
-2.26,-65.34,0.16,0.2,0.32,0.05
-2.23,-64.86,0.16,0.21,0.32,0.06
-2.03,-64.08,0.16,0.21,0.32,0.06
-2.33,-63.52,0.17,0.21,0.32,0.06
-2.17,-63.27,0.17,0.22,0.33,0.07
-1.99,-62.67,0.17,0.22,0.33,0.07
-2.06,-61.32,0.18,0.23,0.34,0.07
-2.2,-60.52,0.18,0.23,0.34,0.08
-2.31,-60.22,0.19,0.24,0.34,0.08
-2.21,-59.32,0.19,0.24,0.35,0.09
-2.09,-58.25,0.2,0.24,0.35,0.09
-2.12,-57.77,0.2,0.25,0.35,0.09
-1.94,-57.34,0.2,0.25,0.35,0.09
-2.01,-57.27,0.2,0.25,0.35,0.1
-2.01,-56.76,0.21,0.25,0.36,0.1
-1.97,-56.26,0.21,0.26,0.36,0.1
-2.02,-55.9,0.21,0.26,0.36,0.1
-2.12,-55.52,0.21,0.26,0.36,0.1
-1.78,-55.29,0.21,0.26,0.36,0.11
-2.1,-54.89,0.21,0.26,0.36,0.11
-2.15,-54.85,0.21,0.26,0.36,0.11
-2.29,-54.32,0.22,0.26,0.36,0.11
-2.1,-54.37,0.22,0.27,0.36,0.11
-1.93,-53.64,0.22,0.27,0.37,0.11
-2.27,-53.66,0.22,0.27,0.37,0.12
-1.5,-53.62,0.22,0.27,0.37,0.12
-2.35,-52.87,0.22,0.27,0.37,0.12
-1.7,-53.18,0.22,0.27,0.37,0.12
-1.86,-52.81,0.22,0.27,0.37,0.12
-1.77,-52.69,0.23,0.27,0.37,0.12
-1.79,-52.06,0.23,0.28,0.37,0.12
-2.02,-52,0.23,0.28,0.37,0.13
-2.1,-51.32,0.23,0.28,0.37,0.13
-1.96,-51.08,0.23,0.28,0.37,0.13
-2.1,-50.79,0.24,0.28,0.37,0.13
-1.72,-50.35,0.24,0.28,0.38,0.13
-1.99,-50.4,0.24,0.29,0.38,0.13
-2.01,-49.88,0.24,0.29,0.38,0.13
-1.88,-49.66,0.24,0.29,0.38,0.13
-1.93,-49.31,0.24,0.29,0.38,0.14
-1.88,-48.91,0.24,0.29,0.38,0.14
-1.91,-48.51,0.25,0.3,0.38,0.14
-1.86,-48.1,0.25,0.3,0.38,0.14
-1.83,-47.54,0.25,0.3,0.38,0.14
-1.83,-46.9,0.26,0.3,0.38,0.15
-1.9,-46.57,0.26,0.3,0.38,0.15
-1.65,-46.22,0.26,0.31,0.38,0.15
-1.77,-45.86,0.26,0.31,0.38,0.15
-1.7,-45.19,0.27,0.31,0.38,0.15
-1.59,-44.69,0.27,0.32,0.38,0.16
-1.69,-44.24,0.27,0.32,0.38,0.16
-1.86,-43.86,0.27,0.32,0.38,0.16
-1.83,-43.5,0.27,0.32,0.38,0.16
-1.62,-43.16,0.28,0.32,0.38,0.16
-1.72,-42.95,0.28,0.32,0.39,0.16
-1.77,-42.52,0.28,0.33,0.39,0.16
-1.83,-41.79,0.28,0.33,0.39,0.17
-1.93,-41.36,0.29,0.33,0.39,0.17
-1.81,-40.83,0.29,0.33,0.39,0.17
-1.63,-40.52,0.29,0.34,0.39,0.17
-1.67,-40.5,0.29,0.34,0.39,0.17
-1.66,-40.17,0.29,0.34,0.39,0.17
-1.39,-40.06,0.29,0.34,0.39,0.17
-1.77,-39.59,0.29,0.34,0.39,0.17
-1.46,-39.72,0.3,0.34,0.39,0.17
-1.39,-38.7,0.3,0.35,0.39,0.18
-1.63,-38.36,0.3,0.35,0.39,0.18
-1.72,-37.52,0.3,0.35,0.39,0.18
-1.45,-36.95,0.31,0.35,0.39,0.18
-1.56,-36.32,0.31,0.36,0.39,0.18
-1.58,-35.62,0.31,0.36,0.4,0.18
-1.39,-35.41,0.32,0.36,0.4,0.19
-1.44,-34.54,0.32,0.36,0.4,0.19
-1.45,-34.15,0.32,0.37,0.4,0.19
-1.4,-33.61,0.32,0.37,0.4,0.19
-1.55,-33.06,0.32,0.37,0.4,0.19
-1.49,-32.45,0.33,0.37,0.4,0.19
-1.37,-32.23,0.33,0.37,0.4,0.19
-1.57,-31.8,0.33,0.37,0.4,0.2
-1.43,-31.17,0.33,0.38,0.4,0.2
-1.66,-31.01,0.33,0.38,0.4,0.2
-1.38,-30.74,0.34,0.38,0.4,0.2
-1.45,-30.12,0.34,0.38,0.4,0.2
-1.51,-29.8,0.34,0.38,0.4,0.2
-1.45,-29.39,0.34,0.38,0.4,0.2
-1.38,-28.82,0.34,0.38,0.4,0.2
-1.42,-28.51,0.34,0.38,0.4,0.2
-1.39,-28.02,0.34,0.39,0.4,0.2
-1.45,-27.68,0.35,0.39,0.4,0.21
-1.3,-27.1,0.35,0.39,0.4,0.21
-1.35,-26.61,0.35,0.39,0.4,0.21
-1.24,-26.18,0.35,0.39,0.4,0.21
-1.38,-25.86,0.35,0.39,0.4,0.21
-1.41,-25.95,0.35,0.39,0.4,0.21
-1.34,-25.28,0.35,0.39,0.4,0.21
-1.29,-25.24,0.35,0.39,0.4,0.21
-1.25,-24.67,0.35,0.39,0.4,0.21
-1.19,-24.45,0.35,0.4,0.4,0.21
-1.18,-24.26,0.36,0.4,0.4,0.21
-1.24,-24.08,0.36,0.4,0.4,0.21
-1.36,-24.01,0.36,0.4,0.4,0.21
-1.39,-23.52,0.36,0.4,0.4,0.21
-1.38,-23.28,0.36,0.4,0.4,0.21
-1.32,-23.07,0.36,0.4,0.4,0.22
-1.24,-22.74,0.36,0.4,0.4,0.22
-1.15,-22.22,0.36,0.4,0.4,0.22
-1.35,-21.83,0.36,0.4,0.4,0.22
-1.17,-21.44,0.36,0.4,0.4,0.22
-1.11,-21.24,0.36,0.4,0.4,0.22
-1.19,-20.56,0.36,0.4,0.4,0.22
-1.46,-20.55,0.37,0.4,0.4,0.22
-1.18,-19.91,0.37,0.41,0.4,0.22
-1.19,-19.96,0.37,0.41,0.4,0.22
-1.08,-19.51,0.37,0.41,0.4,0.22
-1.13,-19.25,0.37,0.41,0.4,0.22
-1.17,-18.73,0.37,0.41,0.4,0.22
-0.98,-18.36,0.37,0.41,0.4,0.22
-1.1,-17.7,0.37,0.41,0.4,0.23
-1.1,-17.43,0.37,0.41,0.4,0.23
-0.98,-16.76,0.37,0.41,0.4,0.23
-0.93,-16.27,0.37,0.41,0.4,0.23
-0.99,-15.6,0.37,0.41,0.4,0.23
-1.07,-15.1,0.37,0.41,0.4,0.23
-0.96,-14.41,0.38,0.41,0.4,0.23
-1.08,-13.97,0.38,0.42,0.4,0.23
-0.97,-13.38,0.38,0.42,0.4,0.23
-0.97,-12.88,0.38,0.42,0.4,0.23
-0.95,-12.37,0.38,0.42,0.4,0.23
-0.86,-11.46,0.38,0.42,0.4,0.23
-1,-10.84,0.38,0.42,0.4,0.23
-1,-10.6,0.38,0.42,0.4,0.23
-0.88,-10.23,0.38,0.42,0.4,0.23
-0.92,-9.98,0.38,0.42,0.4,0.23
-1.12,-9.6,0.38,0.42,0.4,0.23
-0.9,-9.03,0.38,0.42,0.4,0.23
-1.03,-8.79,0.38,0.42,0.4,0.23
-0.72,-8.2,0.38,0.42,0.4,0.23
-0.83,-7.82,0.38,0.42,0.4,0.23
-0.87,-7.09,0.38,0.42,0.4,0.24
-0.69,-6.99,0.38,0.42,0.4,0.24
-0.74,-6.63,0.38,0.42,0.4,0.24
-1.01,-5.98,0.38,0.42,0.4,0.24
-0.84,-5.4,0.38,0.42,0.4,0.24
-0.64,-5.23,0.38,0.42,0.4,0.24
-0.56,-4.74,0.38,0.42,0.4,0.24
-0.69,-4.53,0.39,0.42,0.4,0.24
-0.86,-4.2,0.39,0.42,0.4,0.24
-0.64,-3.67,0.39,0.42,0.4,0.24
-0.6,-3.44,0.39,0.42,0.4,0.24
-0.61,-3.16,0.39,0.42,0.4,0.24
-0.81,-2.89,0.39,0.42,0.4,0.24
-0.69,-2.44,0.39,0.42,0.4,0.24
-0.52,-1.76,0.39,0.42,0.4,0.24
-0.48,-1.59,0.39,0.42,0.4,0.24
-0.53,-1.07,0.39,0.42,0.4,0.24
-0.48,-0.49,0.39,0.42,0.4,0.24
-0.53,-0.08,0.39,0.42,0.4,0.24
-0.37,0.44,0.39,0.42,0.4,0.24
-0.79,0.63,0.39,0.42,0.4,0.24
-0.64,1.45,0.39,0.42,0.4,0.24
-0.58,2,0.39,0.42,0.4,0.24
-0.52,2.71,0.39,0.42,0.4,0.24
-0.49,3.4,0.39,0.42,0.4,0.24
-0.36,3.79,0.39,0.42,0.4,0.24
-0.37,4.39,0.38,0.42,0.39,0.24
-0.43,4.9,0.38,0.42,0.39,0.24
-0.34,5.32,0.38,0.42,0.39,0.24
-0.36,6.06,0.38,0.42,0.39,0.24
-0.39,6.82,0.38,0.42,0.39,0.24
-0.44,7.26,0.38,0.42,0.39,0.24
-0.37,7.67,0.38,0.42,0.39,0.24
-0.38,7.89,0.38,0.42,0.39,0.24
-0.39,8.13,0.38,0.42,0.39,0.24
-0.31,8.5,0.38,0.42,0.39,0.24
-0.31,8.8,0.38,0.42,0.39,0.24
-0.27,9.18,0.38,0.42,0.39,0.24
-0.26,9.56,0.38,0.41,0.39,0.24
-0.24,10.22,0.38,0.41,0.39,0.24
-0.31,10.74,0.38,0.41,0.38,0.24
-0.35,11.41,0.38,0.41,0.38,0.24
-0.22,11.83,0.38,0.41,0.38,0.24
-0.18,12.32,0.38,0.41,0.38,0.24
-0.23,12.58,0.38,0.41,0.38,0.24
-0.15,13.13,0.38,0.41,0.38,0.24
-0.11,13.49,0.38,0.41,0.38,0.24
-0.14,14.05,0.38,0.41,0.38,0.24
-0.04,14.42,0.38,0.41,0.38,0.24
-0.13,14.59,0.38,0.41,0.38,0.24
-0.27,14.93,0.38,0.41,0.38,0.24
-0.13,15.17,0.38,0.41,0.37,0.24
-0.04,15.47,0.38,0.41,0.37,0.24
0.05,15.71,0.38,0.41,0.37,0.24
-0.28,15.7,0.38,0.41,0.37,0.24
0.01,16.2,0.38,0.41,0.37,0.24
-0.04,16.57,0.38,0.41,0.37,0.24
-0.08,17.23,0.37,0.4,0.37,0.24
-0.05,17.45,0.37,0.4,0.37,0.24
-0.15,18.02,0.37,0.4,0.37,0.24
0.06,18.33,0.37,0.4,0.37,0.24
-0.08,18.97,0.37,0.4,0.36,0.24
0.01,19.02,0.37,0.4,0.36,0.24
-0.06,19.89,0.37,0.4,0.36,0.24
-0.05,19.74,0.37,0.4,0.36,0.24
0.01,20.3,0.37,0.4,0.36,0.24
0.15,20.6,0.37,0.4,0.36,0.24
0.33,21.18,0.37,0.4,0.36,0.24
0.19,21.52,0.37,0.39,0.35,0.24
0.12,22.04,0.36,0.39,0.35,0.24
0.04,22.26,0.36,0.39,0.35,0.24
0.21,22.85,0.36,0.39,0.35,0.24
0.13,23.09,0.36,0.39,0.35,0.24
0.24,23.42,0.36,0.39,0.35,0.24
0.06,23.65,0.36,0.39,0.35,0.24
0.3,24.07,0.36,0.39,0.34,0.24
0.59,24.34,0.36,0.39,0.34,0.24
0.3,24.53,0.36,0.39,0.34,0.24
0.06,24.99,0.35,0.38,0.34,0.24
0.22,25.77,0.35,0.38,0.34,0.24
0.02,26.32,0.35,0.38,0.33,0.24
0.08,26.92,0.35,0.38,0.33,0.24
0.49,27.66,0.35,0.38,0.33,0.24
0.24,28.09,0.35,0.38,0.33,0.24
0.43,28.15,0.35,0.37,0.32,0.24
0.23,28.88,0.34,0.37,0.32,0.24
0.16,29.19,0.34,0.37,0.32,0.24
0.23,29.74,0.34,0.37,0.32,0.24
0.47,30.05,0.34,0.37,0.31,0.24
0.45,30.62,0.34,0.36,0.31,0.24
0.54,31.39,0.34,0.36,0.31,0.24
0.69,31.99,0.33,0.36,0.31,0.24
0.58,31.99,0.33,0.36,0.31,0.24
0.33,32.83,0.33,0.36,0.3,0.24
0.39,33.74,0.33,0.35,0.3,0.24
0.34,33.87,0.33,0.35,0.3,0.24
0.49,34.53,0.32,0.35,0.3,0.24
0.44,35.06,0.32,0.34,0.29,0.24
0.49,35.66,0.32,0.34,0.29,0.24
0.52,36.28,0.32,0.34,0.29,0.24
0.55,36.82,0.31,0.34,0.28,0.24
0.58,37.3,0.31,0.33,0.28,0.24
0.62,37.88,0.31,0.33,0.28,0.23
0.55,38.22,0.31,0.33,0.27,0.23
0.59,38.98,0.3,0.32,0.27,0.23
0.55,39.43,0.3,0.32,0.26,0.23
0.58,40.29,0.3,0.32,0.26,0.23
0.48,40.79,0.3,0.32,0.26,0.23
0.53,41,0.3,0.31,0.25,0.23
0.66,41.47,0.29,0.31,0.25,0.23
0.6,41.83,0.29,0.31,0.25,0.23
0.7,42.24,0.29,0.31,0.25,0.23
0.68,42.75,0.29,0.3,0.24,0.23
0.7,42.79,0.29,0.3,0.24,0.23
0.67,43.81,0.28,0.3,0.23,0.23
0.71,44.45,0.28,0.29,0.23,0.23
0.77,44.81,0.28,0.29,0.22,0.23
0.76,45.53,0.28,0.29,0.22,0.23
0.67,46.1,0.27,0.29,0.22,0.23
0.73,46.24,0.27,0.28,0.21,0.22
0.79,47.38,0.27,0.28,0.21,0.22
0.71,47.7,0.27,0.28,0.2,0.22
0.76,48.23,0.27,0.27,0.2,0.22
0.86,48.79,0.26,0.27,0.19,0.22
0.72,49.38,0.26,0.27,0.19,0.22
0.76,49.65,0.26,0.26,0.19,0.22
0.82,50.04,0.26,0.26,0.18,0.22
0.75,50.57,0.26,0.26,0.18,0.22
0.87,51.29,0.25,0.25,0.17,0.22
0.87,51.85,0.25,0.25,0.17,0.22
0.8,52.36,0.25,0.25,0.16,0.22
0.87,52.97,0.25,0.24,0.16,0.21
1.06,53.16,0.24,0.24,0.15,0.21
0.84,54.08,0.24,0.23,0.15,0.21
0.79,54.4,0.24,0.23,0.14,0.21
0.82,55.39,0.23,0.22,0.13,0.21
0.98,56.55,0.23,0.22,0.12,0.21
0.87,56.87,0.23,0.21,0.12,0.21
0.93,57.66,0.22,0.21,0.11,0.2
0.93,58.35,0.22,0.2,0.11,0.2
0.92,59.25,0.21,0.2,0.1,0.2
0.98,59.43,0.21,0.19,0.09,0.2
0.93,60.39,0.21,0.19,0.09,0.2
0.87,60.76,0.2,0.19,0.08,0.19
0.87,61.27,0.2,0.18,0.08,0.19
1.07,61.52,0.2,0.18,0.07,0.19
1,63.11,0.19,0.17,0.07,0.19
1.04,62.7,0.19,0.17,0.07,0.19
0.99,63.54,0.19,0.17,0.06,0.19
0.93,64.05,0.18,0.16,0.06,0.18
1.01,64.54,0.18,0.16,0.05,0.18
1.09,65.13,0.17,0.15,0.05,0.18
0.98,65.95,0.17,0.15,0.04,0.18
1.03,66.38,0.17,0.15,0.04,0.18
1.07,67.23,0.16,0.14,0.03,0.17
1.08,67.32,0.16,0.14,0.03,0.17
1.01,67.84,0.15,0.13,0.03,0.17
1.09,68.44,0.15,0.13,0.03,0.17
1.06,68.42,0.15,0.12,0.02,0.17
0.93,69.69,0.14,0.12,0.02,0.16
1.07,69.94,0.14,0.12,0.02,0.16
1.14,71.32,0.13,0.11,0.02,0.16
0.98,71.5,0.13,0.11,0.02,0.16
1.14,71.43,0.12,0.1,0.02,0.15
1.2,73.02,0.12,0.1,0.02,0.15
1.1,73.88,0.12,0.09,0.02,0.15
0.98,73.91,0.11,0.09,0.02,0.15
1.03,73.5,0.11,0.09,0.02,0.14
1.29,74.85,0.1,0.08,0.01,0.14
1.09,74.99,0.1,0.08,0.01,0.14
1.03,75.96,0.09,0.07,0.01,0.14
1.08,75.67,0.09,0.07,0.01,0.14
1.12,75.63,0.07,0.07,0.01,0.13
1.08,76.23,0.05,0.06,0.01,0.13
1.1,76.39,0.04,0.06,0.01,0.13
1.2,77.58,0.03,0.06,0.01,0.13
1.25,77.65,0.02,0.06,0.01,0.13
1.22,77.2,0.02,0.05,0.01,0.13
1.29,78.03,0.02,0.05,0.01,0.12
1.13,77.59,0.02,0.05,0.01,0.12
1.13,78.04,0.01,0.04,0.01,0.12
1.13,77.53,0.01,0.04,0.01,0.12
0.99,79.44,0.01,0.03,0.01,0.12
1.05,78.77,0.01,0.03,0.01,0.12
1.19,80.42,0.01,0.03,0.01,0.12
1.32,80.47,0.01,0.02,0.01,0.12
0.72,78.92,0.01,0.02,0.01,0.11
1.2,79.81,0.01,0.02,0.01,0.11
1.09,79.48,0.01,0.02,0.01,0.11
1.09,79.55,0.01,0.02,0.01,0.11
1.06,78.48,0.01,0.02,0.01,0.12
1.25,79.17,0.01,0.02,0.01,0.12
1.19,79.88,0.01,0.03,0.01,0.12
0.75,78.27,0.01,0.03,0.01,0.12
0.96,79.22,0.01,0.03,0.01,0.12
1.12,78.28,0.01,0.03,0.01,0.12
1.11,78.69,0.01,0.04,0.01,0.12
1.13,79.44,0.01,0.04,0.01,0.12
1.12,78.26,0.02,0.05,0.01,0.13
0.89,77.09,0.02,0.06,0.01,0.13
1.03,78.2,0.03,0.06,0.01,0.13
1.14,77.01,0.05,0.06,0.01,0.13
1.12,77.35,0.07,0.07,0.01,0.13
1.25,77.15,0.08,0.07,0.01,0.14
0.98,75.82,0.09,0.07,0.01,0.14
0.9,76.26,0.1,0.08,0.01,0.14
1.04,75.05,0.1,0.08,0.02,0.14
0.98,74.59,0.11,0.09,0.02,0.15
1.12,73.45,0.11,0.09,0.02,0.15
1.04,73.2,0.11,0.09,0.02,0.15
1.17,72.05,0.12,0.1,0.02,0.15
1.2,71.81,0.12,0.1,0.02,0.15
1.05,71.81,0.13,0.11,0.02,0.16
1.14,71.15,0.13,0.11,0.02,0.16
1.11,70.58,0.13,0.11,0.02,0.16
0.98,70.38,0.13,0.11,0.02,0.16
1.31,71.25,0.14,0.12,0.02,0.16
1.34,69.72,0.14,0.12,0.02,0.17
1.04,69.2,0.15,0.13,0.03,0.17
0.95,67.37,0.15,0.13,0.03,0.17
0.97,67.36,0.16,0.14,0.03,0.17
1.07,67.08,0.16,0.14,0.04,0.18
0.83,65.97,0.17,0.15,0.04,0.18
1.12,66,0.17,0.15,0.05,0.18
1.04,65.04,0.18,0.16,0.05,0.18
1.01,65.08,0.18,0.16,0.06,0.18
1.13,63.78,0.18,0.17,0.06,0.19
1,63.73,0.19,0.17,0.06,0.19
1.04,63.15,0.19,0.17,0.07,0.19
1.07,63.08,0.19,0.18,0.07,0.19
1.04,62.25,0.2,0.18,0.07,0.19
1.15,61.99,0.2,0.18,0.08,0.19
0.95,61.56,0.2,0.18,0.08,0.19
0.97,61.25,0.2,0.19,0.08,0.2
0.82,61.06,0.21,0.19,0.08,0.2
1.09,60.61,0.21,0.19,0.09,0.2
1.09,60.74,0.21,0.19,0.09,0.2
1.07,59.66,0.21,0.2,0.09,0.2
0.95,59.63,0.21,0.2,0.1,0.2
1.03,59.57,0.21,0.2,0.1,0.2
1.06,59.3,0.22,0.2,0.1,0.2
0.86,58.52,0.22,0.21,0.11,0.2
0.77,58.61,0.22,0.21,0.11,0.2
0.87,57.72,0.22,0.21,0.12,0.2
0.75,57.4,0.23,0.21,0.12,0.21
0.81,56.98,0.23,0.22,0.12,0.21
0.77,56.6,0.23,0.22,0.13,0.21
0.92,56.2,0.23,0.22,0.13,0.21
0.95,55.2,0.24,0.23,0.14,0.21
0.86,54.58,0.24,0.23,0.14,0.21
0.99,53.99,0.24,0.23,0.15,0.21
0.91,53.69,0.24,0.24,0.15,0.21
0.98,53.5,0.24,0.24,0.16,0.21
0.71,53.34,0.24,0.24,0.16,0.22
0.74,52.91,0.25,0.24,0.16,0.22
0.86,52.43,0.25,0.25,0.16,0.22
0.73,52.14,0.25,0.25,0.17,0.22
0.85,51.16,0.25,0.25,0.17,0.22
0.98,50.62,0.26,0.26,0.18,0.22
0.89,49.98,0.26,0.26,0.18,0.22
0.92,50.23,0.26,0.26,0.19,0.22
1.01,49.21,0.26,0.26,0.19,0.22
0.95,49.07,0.26,0.27,0.2,0.22
0.94,48.34,0.26,0.27,0.2,0.22
0.93,48.15,0.27,0.27,0.2,0.22
0.74,48.2,0.27,0.27,0.2,0.22
0.63,47.73,0.27,0.28,0.21,0.22
0.84,46.79,0.27,0.28,0.21,0.23
0.81,46.29,0.27,0.28,0.22,0.23
0.8,45.61,0.28,0.29,0.22,0.23
0.68,45.15,0.28,0.29,0.23,0.23
0.83,44.32,0.28,0.3,0.23,0.23
0.66,43.7,0.29,0.3,0.24,0.23
0.82,42.78,0.29,0.3,0.24,0.23
0.83,42.54,0.29,0.31,0.25,0.23
0.61,42.34,0.29,0.31,0.25,0.23
0.74,41.45,0.3,0.31,0.25,0.23
0.64,40.91,0.3,0.32,0.26,0.23
0.6,40.36,0.3,0.32,0.26,0.23
0.71,39.78,0.3,0.32,0.27,0.23
0.51,39.17,0.31,0.32,0.27,0.23
0.7,38.25,0.31,0.33,0.28,0.23
0.59,37.88,0.31,0.33,0.28,0.24
0.63,36.94,0.32,0.33,0.28,0.24
0.6,36.61,0.32,0.34,0.29,0.24
0.52,35.74,0.32,0.34,0.29,0.24
0.6,35.27,0.32,0.34,0.29,0.24
0.6,34.41,0.32,0.34,0.3,0.24
0.58,33.76,0.33,0.35,0.3,0.24
0.57,32.79,0.33,0.35,0.31,0.24
0.49,31.91,0.34,0.36,0.31,0.24
0.43,31.42,0.34,0.36,0.31,0.24
0.43,30.73,0.34,0.36,0.32,0.24
0.56,30.52,0.34,0.36,0.32,0.24
0.18,30.09,0.34,0.36,0.32,0.24
0.31,29.95,0.34,0.37,0.32,0.24
0.55,29.12,0.35,0.37,0.33,0.24
0.28,28.2,0.35,0.37,0.33,0.24
0.38,27.88,0.35,0.37,0.33,0.24
0.37,27.46,0.35,0.38,0.33,0.24
0.47,27.03,0.35,0.38,0.33,0.24
0.2,26.59,0.35,0.38,0.34,0.24
0.25,25.8,0.35,0.38,0.34,0.24
0.28,25.38,0.36,0.38,0.34,0.24
0.25,24.61,0.36,0.38,0.35,0.24
0.22,23.71,0.36,0.39,0.35,0.24
0.23,23.26,0.36,0.39,0.35,0.24
0.2,22.84,0.36,0.39,0.35,0.24
0.17,22.32,0.36,0.39,0.35,0.24
0.24,21.74,0.37,0.39,0.36,0.24
0.1,21.22,0.37,0.39,0.36,0.24
0.18,20.7,0.37,0.4,0.36,0.24
0.06,19.82,0.37,0.4,0.36,0.24
0.06,19.55,0.37,0.4,0.37,0.24
-0.04,18.8,0.37,0.4,0.37,0.25
0.06,17.92,0.37,0.4,0.37,0.25
0.02,17,0.38,0.4,0.37,0.25
0.06,16.38,0.38,0.41,0.37,0.25
0.02,15.62,0.38,0.41,0.38,0.25
-0,15.06,0.38,0.41,0.38,0.25
0.06,14.32,0.38,0.41,0.38,0.25
0.01,14.02,0.38,0.41,0.38,0.25
-0.03,13.17,0.38,0.41,0.38,0.25
-0.13,12.69,0.38,0.41,0.38,0.25
-0.14,12,0.38,0.41,0.38,0.25
-0.04,11.28,0.38,0.41,0.39,0.24
-0.1,10.39,0.38,0.41,0.39,0.24
-0.14,9.81,0.38,0.41,0.39,0.24
-0.19,9.08,0.38,0.41,0.39,0.24
-0.24,8.18,0.38,0.42,0.39,0.24
-0.22,7.39,0.38,0.42,0.39,0.24
-0.24,6.38,0.38,0.42,0.39,0.24
-0.31,5.9,0.38,0.42,0.39,0.24
-0.25,5.29,0.38,0.42,0.39,0.24
-0.44,4.6,0.39,0.42,0.4,0.24
-0.42,3.88,0.39,0.42,0.4,0.24
-0.34,3.25,0.39,0.42,0.4,0.24
-0.28,2.67,0.39,0.42,0.4,0.24
-0.38,2.01,0.39,0.42,0.4,0.24
-0.53,1.43,0.39,0.42,0.4,0.24
-0.51,0.34,0.39,0.42,0.4,0.24
-0.37,-0.38,0.39,0.42,0.4,0.24
-0.55,-1.06,0.39,0.42,0.4,0.24
-0.53,-1.96,0.39,0.42,0.4,0.24
-0.55,-3.02,0.39,0.42,0.4,0.24
-0.71,-3.98,0.38,0.42,0.4,0.24
-0.62,-4.83,0.38,0.42,0.4,0.24
-0.73,-5.65,0.38,0.42,0.4,0.24
-0.74,-6.24,0.38,0.42,0.4,0.24
-0.64,-7.17,0.38,0.42,0.4,0.24
-0.64,-7.72,0.38,0.42,0.4,0.24
-0.67,-8.14,0.38,0.42,0.4,0.24
-0.72,-8.43,0.38,0.42,0.4,0.23
-0.82,-9.03,0.38,0.42,0.41,0.23
-0.46,-9.46,0.38,0.42,0.41,0.23
-0.64,-9.93,0.38,0.42,0.4,0.23
-0.66,-10.55,0.38,0.42,0.4,0.23
-0.86,-11.51,0.38,0.42,0.41,0.23
-0.61,-12.08,0.38,0.42,0.41,0.23
-0.55,-12.75,0.38,0.42,0.41,0.23
-0.7,-13.72,0.38,0.41,0.41,0.23
-0.81,-14.93,0.37,0.41,0.4,0.23
-0.88,-15.89,0.37,0.41,0.4,0.23
-1.07,-16.47,0.37,0.41,0.4,0.23
-1.11,-17.17,0.37,0.41,0.4,0.23
-0.95,-17.74,0.37,0.41,0.4,0.22
-0.94,-18.44,0.37,0.41,0.4,0.22
-1.04,-19.09,0.37,0.41,0.4,0.22
-1.02,-19.49,0.37,0.41,0.4,0.22
-1.07,-20.08,0.37,0.41,0.4,0.22
-1.16,-20.68,0.36,0.4,0.4,0.22
-1.17,-21.75,0.36,0.4,0.4,0.22
-1.18,-22.75,0.36,0.4,0.4,0.22
-1.27,-23.05,0.36,0.4,0.4,0.22
-1.19,-23.67,0.36,0.4,0.4,0.21
-1.25,-24.37,0.35,0.4,0.4,0.21
-1.09,-25.16,0.35,0.39,0.4,0.21
-1.25,-26.02,0.35,0.39,0.4,0.21
-1.29,-26.31,0.35,0.39,0.4,0.21
-1.15,-26.56,0.35,0.39,0.4,0.21
-1.13,-27.05,0.35,0.39,0.4,0.21
-1.19,-27.31,0.35,0.39,0.4,0.21
-1.32,-27.73,0.34,0.39,0.4,0.21
-1.45,-28.09,0.34,0.38,0.4,0.2
-1.43,-28.36,0.34,0.38,0.4,0.2
-1.28,-28.93,0.34,0.38,0.4,0.2
-1.32,-29.26,0.34,0.38,0.4,0.2
-1.39,-29.62,0.34,0.38,0.4,0.2
-1.39,-29.96,0.34,0.38,0.4,0.2
-1.33,-30.55,0.33,0.38,0.4,0.2
-1.26,-30.8,0.33,0.38,0.4,0.2
-1.29,-31.26,0.33,0.37,0.4,0.2
-1.45,-31.69,0.33,0.37,0.4,0.19
-1.34,-32.23,0.33,0.37,0.4,0.19
-1.54,-32.72,0.33,0.37,0.4,0.19
-1.47,-33.26,0.32,0.37,0.4,0.19
-1.35,-33.46,0.32,0.37,0.4,0.19
-1.54,-33.44,0.32,0.37,0.4,0.19
-1.4,-33.64,0.32,0.37,0.4,0.19
-1.51,-34.12,0.32,0.36,0.4,0.19
-1.39,-34.5,0.32,0.36,0.4,0.19
-1.32,-35.08,0.32,0.36,0.4,0.19
-1.45,-35.52,0.31,0.36,0.4,0.19
-1.55,-35.73,0.31,0.36,0.4,0.18
-1.42,-36.07,0.31,0.35,0.39,0.18
-1.57,-36.33,0.31,0.35,0.39,0.18
-1.77,-36.65,0.31,0.35,0.39,0.18
-1.73,-37.09,0.3,0.35,0.39,0.18
-1.59,-37.32,0.3,0.35,0.39,0.18
-1.42,-37.79,0.3,0.35,0.39,0.18
-1.56,-38.19,0.3,0.35,0.39,0.18
-1.59,-38.76,0.3,0.34,0.39,0.18
-1.61,-39.39,0.29,0.34,0.39,0.18
-1.63,-39.65,0.29,0.34,0.39,0.18
-1.77,-40.22,0.29,0.34,0.39,0.17
-1.68,-40.39,0.29,0.33,0.39,0.17
-1.57,-40.65,0.29,0.33,0.39,0.17
-1.56,-40.71,0.29,0.33,0.39,0.17
-1.68,-40.75,0.29,0.33,0.39,0.17
-1.83,-40.74,0.29,0.33,0.39,0.17
-1.6,-40.64,0.29,0.33,0.39,0.17
-1.6,-40.6,0.29,0.33,0.39,0.17
-1.55,-40.54,0.29,0.33,0.39,0.17
-1.71,-40.6,0.29,0.33,0.39,0.17
-1.68,-40.56,0.29,0.34,0.39,0.17
-1.37,-40.55,0.29,0.34,0.39,0.17
-1.51,-40.5,0.29,0.34,0.39,0.17
-1.61,-40.56,0.29,0.34,0.39,0.17
-1.66,-40.46,0.29,0.34,0.39,0.17
-2.36,-40.12,0.29,0.34,0.39,0.17
-1.93,-40.51,0.29,0.33,0.39,0.17
-2.04,-40.5,0.29,0.34,0.39,0.17
-1.61,-40.47,0.29,0.34,0.39,0.17
-1.94,-40.88,0.29,0.33,0.39,0.17
-2.02,-40.93,0.28,0.33,0.39,0.17
-1.66,-41.31,0.28,0.33,0.39,0.17
-1.69,-42.28,0.28,0.33,0.39,0.17
-1.65,-42.53,0.28,0.32,0.39,0.16
-1.84,-43.24,0.27,0.32,0.39,0.16
-1.88,-43.57,0.27,0.32,0.39,0.16
-1.87,-44.28,0.27,0.31,0.38,0.16
-1.71,-44.43,0.27,0.31,0.38,0.16
-1.88,-44.89,0.26,0.31,0.38,0.15
-1.66,-45.87,0.26,0.31,0.38,0.15
-1.93,-46.42,0.26,0.3,0.38,0.15
-1.87,-47.23,0.25,0.3,0.38,0.14
-1.99,-48.11,0.25,0.29,0.38,0.14
-1.47,-48.31,0.24,0.29,0.38,0.14
-2.01,-49.51,0.24,0.29,0.38,0.13
-2.26,-50.65,0.24,0.28,0.37,0.13
-2.06,-50.86,0.23,0.28,0.37,0.13
-2.04,-51.76,0.23,0.28,0.37,0.12
-2.13,-52.16,0.23,0.27,0.37,0.12
-1.97,-52.88,0.22,0.27,0.37,0.12
-1.98,-54.21,0.22,0.26,0.36,0.11
-2.12,-54.77,0.21,0.26,0.36,0.11
-2.1,-55.38,0.21,0.26,0.36,0.1
-1.95,-56.41,0.2,0.25,0.35,0.1
-2.15,-56.98,0.2,0.25,0.35,0.09
-2.07,-58.52,0.19,0.24,0.34,0.09
-2.1,-59.18,0.19,0.24,0.34,0.08
-2.06,-60.22,0.18,0.23,0.34,0.08
-2.2,-60.94,0.18,0.23,0.34,0.07
-2.14,-61.28,0.18,0.22,0.33,0.07
-2.08,-62.24,0.17,0.22,0.33,0.07
-2.19,-63.04,0.16,0.21,0.32,0.06
-2.24,-63.62,0.16,0.21,0.32,0.06
-2.36,-64.72,0.16,0.2,0.32,0.05
-2.25,-65.21,0.15,0.2,0.31,0.05
-2.22,-65.78,0.15,0.19,0.31,0.04
-2.23,-66.99,0.14,0.19,0.3,0.04
-2.15,-67.38,0.14,0.18,0.3,0.04
-2.31,-68.03,0.13,0.18,0.3,0.03
-2.41,-68.85,0.13,0.17,0.29,0.03
-2.17,-69.68,0.12,0.17,0.29,0.03
-2.35,-69.81,0.12,0.16,0.29,0.02
-2.45,-70.84,0.11,0.16,0.28,0.02
-2.46,-71.77,0.11,0.16,0.28,0.02
-2.38,-72.11,0.1,0.15,0.27,0.02
-2.58,-72.25,0.1,0.14,0.27,0.02
-2.37,-74.4,0.1,0.14,0.26,0.01
-2.45,-73.9,0.09,0.13,0.26,0.01
-2.19,-75.09,0.09,0.13,0.25,0.01
-2.41,-75.58,0.08,0.12,0.25,0.01
-2.48,-75.39,0.07,0.11,0.24,0.01
-2.51,-77.34,0.07,0.11,0.24,0.01
-2.42,-77.32,0.07,0.1,0.23,0.01
-2.52,-77.88,0.06,0.1,0.22,0.01
-2.5,-79.1,0.06,0.1,0.21,0.01
-2.26,-78.65,0.06,0.09,0.15,0.01
-2.45,-79.57,0.05,0.09,0.1,0.01
-2.46,-79.69,0.05,0.08,0.03,0
-2.39,-80.18,0.04,0.06,0.02,0
-2.55,-80.2,0.04,0.04,0.02,0
-2.41,-79.91,0.03,0.02,0.02,0
-2.57,-80.25,0.03,0.02,0.01,0
-2.74,-86.76,0.02,0.01,0.01,0
-2.42,-86.46,0.02,0.01,0.01,0
-2.35,-86.24,0.01,0.01,0.01,0
-2.41,-83.73,0.01,0.01,0.01,0
-2.6,-86.93,0.02,0.01,0.01,0
-2.34,-80.21,0.02,0.01,0.01,0
-2.57,-79.76,0.04,0.03,0.02,0
-2.41,-80.11,0.05,0.07,0.02,0
-2.12,-79.24,0.05,0.09,0.13,0.01
-2.48,-78.69,0.06,0.1,0.22,0.01
-2.19,-77.86,0.07,0.11,0.24,0.01
-2.48,-76.3,0.08,0.12,0.25,0.01
-2.49,-74.95,0.09,0.13,0.26,0.01
-2.32,-74.49,0.1,0.14,0.27,0.02
-2.22,-72.41,0.1,0.15,0.27,0.02
-2.4,-71.59,0.11,0.16,0.28,0.02
-2.35,-70.3,0.12,0.17,0.29,0.03
-2.28,-69.98,0.13,0.18,0.3,0.03
-2.2,-68.3,0.14,0.19,0.3,0.04
-2.35,-66.98,0.15,0.2,0.31,0.05
-2.24,-65.31,0.16,0.21,0.32,0.05
-2.24,-64.32,0.16,0.21,0.32,0.06
-2.16,-63.06,0.17,0.22,0.33,0.07
-2.04,-62.39,0.17,0.22,0.33,0.07
-2.04,-61.01,0.18,0.23,0.34,0.08
-2.26,-59.98,0.19,0.24,0.34,0.08
-2.19,-59.26,0.19,0.24,0.35,0.09
-1.9,-58.33,0.2,0.25,0.35,0.09
-2.16,-57.57,0.2,0.25,0.35,0.1
-2.15,-56.57,0.21,0.26,0.36,0.1
-2.05,-55.27,0.21,0.26,0.36,0.11
-2.1,-54.82,0.22,0.27,0.36,0.11
-2.07,-53.78,0.22,0.27,0.37,0.12
-2.02,-52.81,0.23,0.27,0.37,0.12
-1.93,-51.86,0.23,0.28,0.37,0.13
-1.77,-50.68,0.24,0.29,0.38,0.14
-1.96,-49.29,0.25,0.29,0.38,0.14
-1.87,-48.2,0.25,0.3,0.38,0.14
-1.77,-47.47,0.25,0.3,0.38,0.15
-1.95,-46.51,0.26,0.31,0.38,0.15
-1.72,-45.73,0.26,0.31,0.38,0.15
-1.85,-44.2,0.27,0.32,0.38,0.16
-1.82,-43.27,0.28,0.32,0.39,0.16
-1.77,-42.32,0.28,0.33,0.39,0.17
-1.64,-41.63,0.28,0.33,0.39,0.17
-1.64,-40.92,0.29,0.34,0.39,0.17
-1.75,-39.46,0.3,0.34,0.39,0.17
-1.6,-38.87,0.3,0.35,0.39,0.18
-1.61,-38.27,0.3,0.35,0.39,0.18
-1.63,-37.77,0.3,0.35,0.39,0.18
-1.49,-37.14,0.31,0.35,0.39,0.18
-1.75,-36.31,0.31,0.36,0.39,0.18
-1.56,-35.56,0.31,0.36,0.4,0.18
-1.6,-34.76,0.32,0.36,0.4,0.19
-1.43,-34.09,0.32,0.37,0.4,0.19
-1.55,-33.18,0.33,0.37,0.4,0.19
-1.53,-32.66,0.33,0.37,0.4,0.19
-1.27,-31.9,0.33,0.37,0.4,0.2
-1.14,-31.01,0.33,0.38,0.4,0.2
-1.29,-30.05,0.34,0.38,0.4,0.2
-1.42,-29.33,0.34,0.38,0.4,0.2
-1.12,-28.45,0.34,0.38,0.4,0.2
-1.33,-27.84,0.35,0.39,0.4,0.21
-1.3,-26.97,0.35,0.39,0.4,0.21
-1.18,-26.02,0.35,0.39,0.4,0.21
-1.27,-25.32,0.35,0.39,0.4,0.21
-1.33,-24.91,0.35,0.4,0.4,0.21
-1.38,-24.47,0.36,0.4,0.4,0.21
-1.24,-23.41,0.36,0.4,0.4,0.22
-1.07,-22.69,0.36,0.4,0.4,0.22
-1.17,-22.21,0.36,0.4,0.4,0.22
-1.21,-21.52,0.36,0.4,0.4,0.22
-1.09,-20.91,0.36,0.4,0.4,0.22
-1.12,-20.23,0.37,0.41,0.4,0.22
-1.09,-19.55,0.37,0.41,0.4,0.22
-1.23,-18.74,0.37,0.41,0.4,0.22
-1.17,-17.97,0.37,0.41,0.4,0.23
-1.13,-17.01,0.37,0.41,0.4,0.23
-0.96,-16.56,0.37,0.41,0.4,0.23
-0.91,-15.72,0.37,0.41,0.4,0.23
-0.8,-15.15,0.37,0.41,0.4,0.23
-0.86,-14.6,0.38,0.41,0.41,0.23
-1.02,-14.24,0.38,0.41,0.41,0.23
-0.91,-13.79,0.38,0.42,0.41,0.23
-0.9,-13.36,0.38,0.42,0.41,0.23
-0.87,-13.07,0.38,0.42,0.41,0.23
-0.98,-12.18,0.38,0.42,0.41,0.23
-0.92,-11.6,0.38,0.42,0.41,0.23
-0.69,-10.88,0.38,0.42,0.41,0.23
-0.61,-10.09,0.38,0.42,0.41,0.23
-0.64,-9.23,0.38,0.42,0.41,0.23
-0.73,-8.13,0.38,0.42,0.41,0.24
-0.75,-7.04,0.38,0.42,0.4,0.24
-0.75,-6.15,0.38,0.42,0.4,0.24
-0.61,-5.45,0.38,0.42,0.4,0.24
-0.47,-4.9,0.38,0.42,0.4,0.24
-0.48,-4.05,0.39,0.42,0.4,0.24
-0.53,-3.62,0.39,0.42,0.4,0.24
-0.65,-2.85,0.39,0.42,0.4,0.24
-0.54,-2.45,0.39,0.42,0.4,0.24
-0.65,-1.83,0.39,0.42,0.4,0.24
-0.51,-1.34,0.39,0.42,0.4,0.24
-0.57,-0.95,0.39,0.42,0.4,0.24
-0.44,-0.66,0.39,0.42,0.4,0.24
-0.53,0.18,0.39,0.42,0.4,0.24
-0.49,0.86,0.39,0.42,0.4,0.24
-0.42,1.36,0.39,0.42,0.4,0.24
-0.43,1.91,0.39,0.42,0.4,0.24
-0.48,2.66,0.39,0.42,0.4,0.24
-0.4,3.66,0.39,0.42,0.4,0.24
-0.39,4.43,0.38,0.42,0.39,0.24
-0.37,4.91,0.38,0.42,0.39,0.24
-0.33,5.03,0.38,0.42,0.39,0.24
-0.42,5.2,0.38,0.42,0.39,0.24
-0.28,5.21,0.38,0.42,0.39,0.24
-0.34,5.22,0.38,0.42,0.39,0.24
-0.33,5.25,0.38,0.42,0.39,0.24
-0.37,5.26,0.38,0.42,0.39,0.24
-0.34,5.21,0.38,0.42,0.39,0.24
-0.33,5.23,0.38,0.42,0.39,0.24
