-0.36,-0.23,0.38,0.39,0.39,0.43
-0.21,-0.38,0.38,0.39,0.39,0.43
-0.07,-0.12,0.38,0.39,0.39,0.42
-0.36,-0.3,0.38,0.39,0.39,0.43
-0.57,-0.24,0.38,0.39,0.39,0.42
-0.43,-0.22,0.38,0.39,0.39,0.42
-0.18,-0.26,0.38,0.39,0.39,0.42
-0.41,-0.22,0.38,0.39,0.39,0.42
-0.37,-0.09,0.38,0.39,0.39,0.42
-0.06,0.28,0.38,0.39,0.39,0.42
-0.38,0.85,0.38,0.39,0.39,0.42
-0.21,1.86,0.38,0.39,0.39,0.42
-0.21,2.98,0.38,0.38,0.39,0.43
-0.29,4.77,0.38,0.38,0.39,0.43
-0.26,6.13,0.37,0.38,0.38,0.42
0.04,7.65,0.37,0.38,0.38,0.43
-0.05,9.08,0.37,0.38,0.38,0.42
-0.02,9.74,0.37,0.38,0.38,0.42
0.06,10.78,0.37,0.38,0.38,0.42
0.16,10.98,0.37,0.38,0.38,0.42
0.06,12.05,0.37,0.38,0.37,0.42
0.04,12.51,0.37,0.38,0.37,0.42
0.2,13.28,0.37,0.38,0.37,0.42
0.14,14.2,0.36,0.38,0.37,0.42
0.16,14.77,0.36,0.38,0.37,0.42
0.23,15.94,0.36,0.37,0.36,0.42
0.18,16.95,0.36,0.37,0.36,0.42
0.25,18.12,0.36,0.37,0.36,0.42
0.48,19.02,0.35,0.37,0.35,0.42
0.14,20.33,0.35,0.36,0.35,0.42
0.36,20.62,0.35,0.36,0.35,0.42
0.65,21.69,0.35,0.36,0.34,0.42
0.45,22.4,0.35,0.36,0.34,0.42
0.24,23.74,0.34,0.36,0.34,0.42
0.36,24.45,0.34,0.35,0.33,0.42
0.35,25.44,0.34,0.35,0.33,0.42
0.41,26.53,0.34,0.35,0.32,0.41
0.57,27.04,0.33,0.34,0.32,0.41
0.51,28.38,0.33,0.34,0.31,0.41
0.55,28.96,0.33,0.34,0.31,0.41
0.68,30.28,0.32,0.33,0.31,0.41
0.6,31.04,0.32,0.33,0.3,0.41
0.6,31.99,0.32,0.33,0.29,0.41
0.5,33.27,0.31,0.32,0.29,0.41
0.6,35.06,0.31,0.31,0.28,0.41
0.86,35.57,0.3,0.31,0.27,0.41
0.61,37.22,0.3,0.3,0.27,0.4
0.68,38.77,0.29,0.3,0.26,0.4
0.75,39.64,0.29,0.29,0.26,0.4
0.81,41.11,0.28,0.29,0.25,0.4
0.71,41.99,0.28,0.28,0.24,0.4
0.71,43.12,0.27,0.28,0.24,0.4
0.83,44.03,0.27,0.27,0.23,0.4
0.71,45.46,0.26,0.26,0.22,0.4
0.84,46.84,0.26,0.25,0.21,0.39
1.25,48.28,0.25,0.25,0.2,0.39
0.65,49.14,0.25,0.24,0.19,0.39
1.12,50.35,0.24,0.23,0.19,0.39
0.75,52.34,0.23,0.22,0.18,0.39
0.63,53.05,0.23,0.22,0.16,0.38
0.82,54.77,0.22,0.21,0.15,0.38
0.98,56.01,0.21,0.2,0.14,0.37
0.82,57.16,0.2,0.2,0.13,0.37
1.05,58.08,0.19,0.19,0.12,0.36
0.78,59.23,0.18,0.18,0.11,0.36
0.87,61.21,0.18,0.18,0.1,0.35
0.69,61.25,0.17,0.17,0.1,0.35
0.93,62.69,0.16,0.17,0.09,0.34
0.93,64.13,0.15,0.16,0.08,0.34
0.89,63.9,0.15,0.15,0.07,0.33
0.9,65.35,0.14,0.15,0.07,0.33
1.06,66.14,0.13,0.14,0.06,0.32
0.85,67.1,0.13,0.14,0.05,0.32
0.9,68.23,0.12,0.13,0.05,0.31
1.03,68.02,0.11,0.13,0.04,0.31
0.92,70.88,0.11,0.12,0.04,0.3
1.08,70.33,0.1,0.12,0.03,0.3
0.82,70.58,0.1,0.12,0.03,0.3
0.91,71.02,0.09,0.11,0.03,0.29
0.92,70.98,0.09,0.11,0.03,0.29
0.77,72.53,0.09,0.11,0.03,0.29
0.82,71.48,0.09,0.11,0.03,0.28
0.91,72.66,0.08,0.11,0.02,0.28
0.75,71.97,0.08,0.1,0.02,0.28
1.08,72.64,0.08,0.1,0.02,0.28
1.03,73.1,0.08,0.1,0.02,0.28
0.91,73.24,0.08,0.1,0.02,0.28
0.88,72.76,0.08,0.1,0.02,0.28
1.04,73.4,0.08,0.1,0.02,0.28
0.97,73.05,0.08,0.1,0.02,0.28
0.85,73.18,0.08,0.1,0.02,0.28
0.86,73.3,0.08,0.1,0.02,0.28
0.98,72.9,0.08,0.1,0.02,0.28
0.9,73.3,0.08,0.1,0.02,0.28
1.02,72.55,0.08,0.1,0.02,0.28
0.83,71.95,0.08,0.11,0.03,0.28
1.08,71.7,0.09,0.11,0.03,0.29
0.91,71.92,0.1,0.12,0.03,0.3
0.99,71.03,0.1,0.12,0.04,0.3
0.82,69.59,0.11,0.13,0.04,0.31
1.1,69.15,0.12,0.14,0.05,0.32
0.98,68.05,0.13,0.14,0.06,0.32
1.02,67.18,0.14,0.15,0.07,0.33
0.98,66.11,0.15,0.16,0.08,0.34
0.83,64.34,0.16,0.16,0.08,0.34
0.82,62.63,0.17,0.17,0.1,0.35
0.58,62.1,0.18,0.18,0.11,0.35
0.81,60.06,0.19,0.19,0.12,0.36
0.56,59.44,0.2,0.2,0.13,0.37
1.04,58,0.21,0.2,0.14,0.37
0.73,56.27,0.22,0.21,0.16,0.38
0.99,54.69,0.23,0.22,0.17,0.38
0.57,53.23,0.24,0.22,0.18,0.39
0.91,52.6,0.24,0.23,0.19,0.39
0.75,50.99,0.25,0.24,0.2,0.39
0.91,49.53,0.26,0.25,0.21,0.4
0.83,48.33,0.26,0.26,0.22,0.4
0.78,46.97,0.27,0.26,0.22,0.4
0.71,45.45,0.27,0.27,0.23,0.4
0.76,44.7,0.28,0.27,0.24,0.4
0.77,43.02,0.28,0.28,0.24,0.41
0.5,42.01,0.29,0.29,0.25,0.41
0.76,40.94,0.29,0.29,0.26,0.41
1.01,40.24,0.29,0.3,0.26,0.41
0.8,39.29,0.3,0.3,0.26,0.41
0.58,38.87,0.3,0.3,0.27,0.41
0.52,37.42,0.3,0.31,0.27,0.41
0.75,37.05,0.3,0.31,0.28,0.41
0.54,36.04,0.31,0.31,0.28,0.41
0.17,35.27,0.31,0.32,0.29,0.41
0.65,34.38,0.31,0.32,0.29,0.41
0.78,32.97,0.32,0.33,0.3,0.42
0.55,31.92,0.32,0.33,0.3,0.42
0.39,30.71,0.33,0.34,0.31,0.42
0.5,29.57,0.33,0.34,0.31,0.42
0.93,28.38,0.33,0.35,0.32,0.42
0.23,27.18,0.34,0.35,0.33,0.42
0.36,26.42,0.34,0.35,0.33,0.42
0.55,25.1,0.34,0.35,0.33,0.42
0.52,24.32,0.34,0.36,0.34,0.42
0.41,23.04,0.35,0.36,0.34,0.42
0.12,22.04,0.35,0.36,0.35,0.42
0.49,20.86,0.35,0.37,0.35,0.42
-0.03,20.09,0.36,0.37,0.35,0.42
0.17,18.96,0.36,0.37,0.36,0.43
0.13,17.45,0.36,0.37,0.36,0.43
0.03,17.13,0.36,0.37,0.36,0.43
-0.02,16.36,0.36,0.38,0.37,0.43
0.09,14.59,0.36,0.38,0.37,0.43
-0.3,14.56,0.37,0.38,0.37,0.43
-0.36,13.42,0.37,0.38,0.37,0.43
0.11,12.72,0.37,0.38,0.37,0.43
0.06,11.43,0.37,0.38,0.38,0.43
0.01,10.62,0.37,0.38,0.38,0.43
-0,9.08,0.37,0.38,0.38,0.43
-0.69,8.73,0.37,0.38,0.38,0.43
0.03,6.99,0.38,0.38,0.39,0.43
-0.32,5.9,0.38,0.38,0.39,0.43
-0.19,4.94,0.38,0.38,0.39,0.44
-0.37,3.8,0.38,0.38,0.39,0.43
-0.55,2.51,0.38,0.38,0.39,0.43
-0.32,1.33,0.38,0.39,0.39,0.43
-0.44,0.15,0.38,0.39,0.39,0.43
-0.56,-1.12,0.38,0.39,0.39,0.43
-0.39,-1.94,0.38,0.39,0.4,0.43
-0.26,-2.91,0.38,0.39,0.4,0.43
-0.16,-3.98,0.38,0.39,0.4,0.43
-0.95,-4.9,0.38,0.39,0.4,0.42
-0.42,-6.16,0.38,0.39,0.4,0.42
-0.31,-6.9,0.38,0.39,0.4,0.42
-0.65,-8.34,0.38,0.38,0.4,0.42
-0.46,-8.95,0.38,0.38,0.4,0.42
-0.58,-9.75,0.38,0.38,0.4,0.42
-0.6,-10.73,0.38,0.38,0.4,0.42
-0.64,-11.44,0.38,0.38,0.4,0.41
-0.63,-12.18,0.38,0.38,0.4,0.41
-0.69,-12.99,0.38,0.38,0.4,0.41
-0.48,-13.46,0.38,0.38,0.4,0.41
-0.57,-14.11,0.38,0.38,0.4,0.41
-0.61,-15.06,0.38,0.38,0.4,0.4
-0.75,-15.8,0.38,0.37,0.4,0.4
-0.8,-16.67,0.37,0.37,0.4,0.4
-0.79,-17.63,0.37,0.37,0.4,0.39
-0.79,-18.23,0.37,0.37,0.4,0.39
-0.79,-18.7,0.37,0.37,0.4,0.39
-0.57,-19.03,0.37,0.37,0.4,0.39
-0.64,-19.74,0.37,0.37,0.4,0.39
-1.01,-20.56,0.37,0.36,0.4,0.38
-0.87,-21.15,0.37,0.36,0.4,0.38
-0.81,-22.29,0.37,0.36,0.4,0.38
-0.99,-23.15,0.36,0.36,0.4,0.37
-1.28,-24.3,0.36,0.36,0.4,0.37
-0.91,-25.39,0.36,0.35,0.4,0.37
-0.91,-26.84,0.36,0.35,0.39,0.36
-1.01,-27.88,0.35,0.35,0.39,0.36
-1.18,-29.47,0.35,0.34,0.39,0.35
-0.96,-30.75,0.35,0.34,0.39,0.34
-1.29,-32.2,0.34,0.33,0.39,0.33
-1.22,-33.51,0.33,0.32,0.38,0.32
-1.57,-35.01,0.33,0.32,0.38,0.32
-1.1,-36.5,0.33,0.31,0.38,0.31
-1.27,-37.58,0.32,0.31,0.38,0.3
-1.16,-38.9,0.31,0.3,0.37,0.29
-1.14,-39.97,0.31,0.3,0.37,0.28
-1.37,-40.99,0.31,0.29,0.37,0.27
-1.39,-41.85,0.3,0.29,0.37,0.26
-1.23,-42.87,0.29,0.29,0.36,0.25
-1.4,-44.21,0.29,0.28,0.36,0.24
-1.4,-45.59,0.28,0.27,0.36,0.23
-1.45,-46.76,0.27,0.27,0.35,0.22
-1.58,-47.91,0.27,0.26,0.35,0.21
-1.52,-49.32,0.26,0.26,0.35,0.2
-1.43,-50.76,0.25,0.25,0.34,0.19
-1.66,-51.43,0.25,0.25,0.33,0.18
-1.56,-53.06,0.24,0.24,0.33,0.17
-1.75,-53.8,0.24,0.24,0.33,0.16
-1.77,-55.28,0.23,0.23,0.32,0.15
-1.13,-56.61,0.22,0.23,0.32,0.14
-1.72,-56.47,0.22,0.22,0.31,0.13
-1.75,-58.94,0.21,0.22,0.31,0.12
-1.99,-58.74,0.21,0.21,0.3,0.11
-1.82,-60.31,0.2,0.21,0.3,0.1
-1.79,-61.43,0.2,0.2,0.29,0.09
-1.7,-61.71,0.19,0.2,0.29,0.09
-1.46,-62.82,0.19,0.19,0.28,0.08
-1.9,-63.39,0.18,0.19,0.28,0.07
-1.74,-64.23,0.18,0.18,0.28,0.07
-1.92,-65.15,0.18,0.18,0.28,0.06
-1.87,-65.47,0.18,0.18,0.27,0.06
-1.81,-65.58,0.17,0.17,0.27,0.06
-2.14,-66.36,0.17,0.17,0.27,0.05
-1.74,-66.76,0.17,0.17,0.27,0.05
-1.94,-66.99,0.17,0.17,0.27,0.05
-2.04,-67.73,0.16,0.16,0.26,0.04
-2.02,-68.5,0.16,0.16,0.26,0.04
-1.7,-68.18,0.16,0.15,0.26,0.04
-1.92,-68.74,0.16,0.15,0.26,0.04
-1.85,-69.21,0.16,0.15,0.25,0.04
-2.19,-69.44,0.16,0.15,0.25,0.03
-2.09,-69.56,0.15,0.15,0.25,0.03
-2.07,-69.57,0.15,0.14,0.25,0.03
-2.06,-69.84,0.15,0.14,0.25,0.03
-1.86,-69.16,0.15,0.15,0.25,0.03
-1.98,-70.02,0.15,0.15,0.25,0.03
-1.94,-69.39,0.15,0.15,0.25,0.03
-1.7,-68.87,0.16,0.15,0.26,0.04
-1.99,-68.64,0.16,0.16,0.26,0.04
-1.66,-66.8,0.17,0.17,0.27,0.05
-1.92,-66.57,0.18,0.18,0.28,0.06
-1.65,-65.22,0.19,0.19,0.28,0.07
-1.6,-63.38,0.19,0.2,0.29,0.09
-2.1,-62.62,0.2,0.2,0.3,0.1
-1.6,-60.53,0.21,0.21,0.31,0.11
-1.81,-58.98,0.22,0.22,0.31,0.13
-1.46,-57.77,0.23,0.23,0.32,0.14
-1.71,-56.05,0.23,0.24,0.32,0.16
-1.5,-54.91,0.24,0.24,0.33,0.17
-1.76,-53.37,0.25,0.25,0.34,0.18
-1.47,-51.72,0.26,0.26,0.34,0.2
-1.42,-49.83,0.27,0.26,0.35,0.21
-1.66,-49.41,0.28,0.27,0.35,0.23
-1.5,-46.86,0.28,0.28,0.36,0.23
-1.47,-45.94,0.29,0.28,0.36,0.24
-1.49,-44.54,0.3,0.29,0.37,0.26
-1.39,-42.96,0.3,0.29,0.37,0.27
-1.18,-41.63,0.31,0.3,0.37,0.28
-1.08,-39.7,0.32,0.31,0.38,0.29
-1.19,-38.41,0.32,0.31,0.38,0.3
-1.4,-36.66,0.33,0.32,0.38,0.31
-1.23,-35.61,0.34,0.32,0.38,0.32
-1.07,-34.26,0.34,0.33,0.39,0.33
-1.17,-32.14,0.35,0.34,0.39,0.34
-0.82,-31.65,0.35,0.34,0.39,0.34
-0.97,-29.94,0.35,0.34,0.39,0.35
-1.01,-29.2,0.35,0.35,0.39,0.35
-1.13,-27.91,0.36,0.35,0.39,0.36
-0.99,-27.48,0.36,0.35,0.4,0.36
-0.97,-25.98,0.36,0.36,0.4,0.37
-0.69,-24.25,0.36,0.36,0.4,0.37
-0.61,-23.21,0.37,0.36,0.4,0.37
-0.76,-21.74,0.37,0.37,0.4,0.38
-0.56,-19.79,0.37,0.37,0.4,0.38
-0.79,-18.96,0.37,0.37,0.4,0.39
-0.69,-17.93,0.37,0.37,0.4,0.39
-0.91,-16.4,0.38,0.38,0.4,0.39
-0.51,-15.26,0.38,0.38,0.4,0.4
-0.3,-13.69,0.38,0.38,0.4,0.4
-0.51,-12.23,0.38,0.38,0.4,0.4
-0.34,-10.93,0.38,0.38,0.4,0.41
-0.38,-9.26,0.38,0.38,0.4,0.41
-0.48,-8.14,0.38,0.39,0.4,0.41
-0.46,-6.55,0.38,0.39,0.4,0.42
-0.26,-4.78,0.38,0.39,0.4,0.42
-0.1,-3.72,0.38,0.39,0.4,0.42
-0.32,-2.31,0.38,0.39,0.4,0.42
-0.39,-1.23,0.38,0.39,0.39,0.42
-0.08,0.03,0.38,0.39,0.39,0.42
-0.31,1.41,0.38,0.39,0.39,0.42
0.02,2.17,0.38,0.39,0.39,0.42
-0.23,3.72,0.38,0.39,0.39,0.42
-0.13,4.25,0.38,0.39,0.39,0.42
0.1,4.93,0.38,0.38,0.38,0.42
-0.21,5.87,0.38,0.38,0.38,0.42
-0.17,6.56,0.37,0.38,0.38,0.43
-0.2,7.13,0.37,0.38,0.38,0.43
0.03,8.07,0.37,0.38,0.38,0.43
0.03,9.18,0.37,0.38,0.38,0.43
-0.04,10.17,0.37,0.38,0.38,0.43
-0.15,10.32,0.37,0.38,0.38,0.43
0.04,11.35,0.37,0.38,0.38,0.43
0.24,12.07,0.37,0.38,0.37,0.43
-0.03,12.82,0.37,0.38,0.37,0.43
-0.09,13.28,0.37,0.38,0.37,0.42
0.04,14.24,0.36,0.38,0.37,0.42
-0.02,14.74,0.36,0.38,0.37,0.42
0.17,15.76,0.36,0.37,0.36,0.42
0.26,17.02,0.36,0.37,0.36,0.42
0.32,17.7,0.36,0.37,0.36,0.42
0.13,19.14,0.35,0.37,0.35,0.42
0.27,20.03,0.35,0.36,0.35,0.42
0.06,21.54,0.35,0.36,0.34,0.42
0.26,22.77,0.35,0.36,0.34,0.42
0.42,23.75,0.34,0.35,0.33,0.42
0.25,25.23,0.34,0.35,0.33,0.42
0.29,27.15,0.33,0.34,0.32,0.41
0.32,28.38,0.33,0.34,0.31,0.41
0.39,30.35,0.32,0.33,0.3,0.41
0.45,31.72,0.32,0.33,0.3,0.41
0.44,33.05,0.31,0.32,0.29,0.41
0.51,34.59,0.31,0.32,0.28,0.41
0.6,36.13,0.3,0.31,0.28,0.41
0.5,36.99,0.3,0.3,0.27,0.41
0.57,38.58,0.29,0.3,0.26,0.41
0.6,39.2,0.29,0.29,0.26,0.4
0.63,40.68,0.28,0.29,0.25,0.4
0.75,41.93,0.28,0.28,0.24,0.4
0.59,43.29,0.27,0.27,0.23,0.4
0.51,44.45,0.27,0.27,0.23,0.4
0.86,45.47,0.26,0.26,0.22,0.4
0.59,47.07,0.26,0.25,0.21,0.4
0.79,48.22,0.25,0.25,0.2,0.4
0.66,49.46,0.25,0.24,0.19,0.39
0.55,50.12,0.24,0.23,0.19,0.39
0.86,51.78,0.24,0.23,0.18,0.39
0.64,52.66,0.23,0.22,0.17,0.39
0.85,53.6,0.23,0.22,0.17,0.38
0.75,54.18,0.22,0.21,0.16,0.38
0.89,55.47,0.22,0.21,0.15,0.38
0.63,56.34,0.21,0.2,0.14,0.37
0.74,57.34,0.21,0.2,0.14,0.37
0.97,57.58,0.2,0.19,0.13,0.37
0.71,58.56,0.2,0.19,0.13,0.37
0.88,59.19,0.19,0.19,0.12,0.36
0.87,59.45,0.19,0.18,0.12,0.36
0.84,60,0.18,0.18,0.11,0.36
0.96,60.93,0.18,0.18,0.11,0.36
0.75,61.61,0.17,0.17,0.1,0.35
0.92,62.31,0.17,0.17,0.1,0.35
0.87,62.65,0.16,0.16,0.09,0.34
0.83,63.47,0.16,0.16,0.08,0.34
0.92,64.36,0.15,0.16,0.08,0.34
0.82,65.62,0.14,0.15,0.07,0.33
0.87,65.56,0.13,0.15,0.06,0.33
0.83,66.59,0.13,0.14,0.06,0.32
0.82,66.51,0.13,0.14,0.05,0.32
0.89,67.94,0.12,0.14,0.05,0.32
0.71,68.16,0.12,0.13,0.05,0.31
0.9,69.1,0.11,0.13,0.04,0.31
0.87,68.97,0.11,0.13,0.04,0.31
0.99,69.3,0.11,0.12,0.04,0.31
0.76,70.64,0.1,0.12,0.04,0.3
0.89,70.62,0.1,0.12,0.03,0.3
0.49,70.82,0.1,0.12,0.03,0.3
1.14,70.84,0.1,0.12,0.03,0.29
0.88,71.65,0.09,0.11,0.03,0.29
0.88,72.78,0.09,0.11,0.03,0.29
0.82,71.99,0.09,0.11,0.03,0.29
0.89,72.05,0.09,0.11,0.03,0.29
0.99,72.53,0.09,0.11,0.03,0.28
0.93,72.94,0.08,0.11,0.02,0.28
0.73,72.64,0.08,0.11,0.02,0.28
1.01,72.33,0.08,0.11,0.02,0.28
0.8,72.83,0.08,0.11,0.02,0.28
0.91,72.43,0.08,0.11,0.02,0.28
1.01,72.48,0.08,0.11,0.03,0.28
0.76,72.78,0.08,0.11,0.02,0.28
0.91,71.83,0.09,0.11,0.03,0.28
0.83,71.43,0.09,0.11,0.03,0.29
0.98,73.01,0.09,0.11,0.03,0.29
0.76,70.64,0.1,0.12,0.03,0.3
0.78,69.4,0.11,0.12,0.04,0.3
1.13,70.23,0.11,0.13,0.04,0.31
0.86,68.7,0.12,0.13,0.05,0.31
1.01,69.02,0.13,0.14,0.06,0.32
0.84,66.39,0.14,0.15,0.07,0.33
0.88,66.25,0.15,0.16,0.08,0.34
0.97,64.32,0.16,0.16,0.09,0.34
0.82,63.26,0.17,0.17,0.1,0.35
1.05,62.05,0.18,0.18,0.11,0.36
0.53,60.75,0.19,0.19,0.12,0.36
0.86,58.56,0.2,0.2,0.13,0.37
0.84,57.46,0.21,0.2,0.15,0.38
0.64,55.92,0.22,0.21,0.16,0.38
0.86,54.85,0.23,0.22,0.18,0.39
0.82,53.11,0.24,0.23,0.19,0.4
0.76,50.66,0.25,0.25,0.2,0.4
0.73,48.66,0.26,0.26,0.22,0.4
0.86,47.07,0.27,0.27,0.23,0.41
0.43,44.83,0.28,0.28,0.24,0.41
0.56,43.58,0.28,0.28,0.25,0.41
0.71,41.45,0.29,0.29,0.26,0.41
0.66,39.76,0.3,0.3,0.27,0.41
0.55,38.59,0.3,0.31,0.27,0.41
0.55,36.99,0.31,0.31,0.28,0.41
0.48,35.84,0.31,0.32,0.29,0.41
0.42,34.3,0.32,0.32,0.29,0.41
0.57,33.17,0.32,0.33,0.3,0.42
0.49,31.71,0.32,0.33,0.3,0.42
0.35,30.72,0.33,0.34,0.31,0.42
0.72,29.29,0.33,0.34,0.32,0.42
0.26,27.98,0.34,0.35,0.32,0.42
0.66,26.32,0.34,0.35,0.33,0.42
0.55,25.17,0.34,0.36,0.34,0.42
0.23,23.1,0.35,0.36,0.34,0.42
0.44,22.23,0.35,0.36,0.35,0.42
0.42,20.53,0.36,0.37,0.35,0.42
0.44,19.84,0.36,0.37,0.36,0.42
-0.14,18.67,0.36,0.37,0.36,0.42
0.48,17.41,0.36,0.37,0.36,0.43
0.02,16.32,0.36,0.38,0.37,0.42
0.35,15.41,0.36,0.38,0.37,0.43
0.09,14.26,0.37,0.38,0.37,0.43
0.37,13.71,0.37,0.38,0.37,0.43
0.03,12.58,0.37,0.38,0.37,0.43
0.31,11.83,0.37,0.38,0.38,0.43
0.04,11.5,0.37,0.38,0.38,0.43
-0.04,10.55,0.37,0.38,0.38,0.43
-0.02,9.66,0.37,0.38,0.38,0.43
-0.12,9.25,0.37,0.38,0.38,0.43
0.03,8.09,0.37,0.38,0.38,0.43
0.08,7.34,0.37,0.38,0.38,0.43
0.02,6.12,0.38,0.38,0.39,0.43
0.01,5.52,0.38,0.38,0.39,0.43
-0.1,4.94,0.38,0.38,0.39,0.43
-0.12,3.56,0.38,0.39,0.39,0.43
-0.37,2.61,0.38,0.39,0.39,0.43
-0.39,1.34,0.38,0.39,0.39,0.42
-0.16,0.08,0.38,0.39,0.39,0.42
-0.18,-0.78,0.38,0.39,0.39,0.42
-0.26,-1.62,0.38,0.39,0.4,0.42
-0.57,-2.33,0.38,0.39,0.4,0.42
-0.26,-3.12,0.38,0.39,0.4,0.42
-0.39,-3.78,0.38,0.39,0.4,0.42
-0.46,-4.88,0.38,0.39,0.4,0.42
-0.55,-5.54,0.38,0.39,0.4,0.42
-0.47,-6.61,0.38,0.39,0.4,0.42
-0.52,-7.2,0.38,0.38,0.4,0.42
-0.35,-8.21,0.38,0.38,0.4,0.42
-0.48,-9.41,0.38,0.38,0.4,0.42
-0.69,-10.32,0.38,0.38,0.4,0.41
-0.46,-11.45,0.38,0.38,0.4,0.41
-0.64,-12.47,0.38,0.38,0.4,0.41
-0.59,-13.57,0.38,0.38,0.4,0.4
-0.56,-14.56,0.38,0.38,0.4,0.4
-0.88,-15.17,0.38,0.37,0.4,0.4
-0.62,-16.11,0.38,0.37,0.4,0.4
-0.93,-17.27,0.37,0.37,0.4,0.39
-0.65,-17.95,0.37,0.37,0.4,0.39
-0.69,-19.36,0.37,0.37,0.4,0.39
-0.6,-20.02,0.37,0.37,0.4,0.39
-0.76,-21.36,0.37,0.36,0.4,0.38
-0.92,-22.18,0.37,0.36,0.4,0.38
-1.07,-22.94,0.37,0.36,0.4,0.38
-1.02,-23.97,0.36,0.36,0.4,0.38
-1.09,-24.77,0.36,0.36,0.4,0.37
-0.81,-26.03,0.36,0.35,0.39,0.37
-0.66,-26.8,0.36,0.35,0.39,0.36
-0.96,-27.61,0.35,0.35,0.39,0.36
-1.08,-28.11,0.35,0.35,0.39,0.36
-1.14,-29.58,0.35,0.34,0.39,0.35
-1.11,-29.78,0.35,0.34,0.39,0.35
-1.05,-31.22,0.35,0.34,0.39,0.34
-1.02,-31.94,0.34,0.33,0.39,0.33
-0.92,-33.03,0.34,0.33,0.38,0.33
-1.21,-34.29,0.33,0.32,0.38,0.32
-1.71,-34.82,0.33,0.32,0.38,0.32
-1.4,-36.37,0.33,0.31,0.38,0.31
-1.29,-37.09,0.32,0.31,0.38,0.3
-1.44,-38.17,0.32,0.31,0.38,0.29
-1.01,-38.72,0.31,0.3,0.37,0.29
-1.2,-40.24,0.31,0.3,0.37,0.28
-1.53,-41.07,0.3,0.29,0.37,0.27
-1.5,-42.28,0.3,0.29,0.37,0.26
-1.44,-43.02,0.29,0.29,0.36,0.25
-1.61,-44.59,0.29,0.28,0.36,0.24
-1.82,-44.67,0.28,0.28,0.36,0.24
-1.25,-46.33,0.28,0.27,0.36,0.23
-1.3,-46.68,0.27,0.27,0.35,0.22
-1.63,-48.2,0.27,0.26,0.35,0.21
-1.61,-49.01,0.26,0.26,0.35,0.21
-1.54,-50.3,0.26,0.26,0.34,0.2
-1.79,-51.12,0.25,0.25,0.34,0.19
-1.71,-52.04,0.25,0.25,0.33,0.18
-1.71,-52.82,0.24,0.24,0.33,0.17
-1.73,-53.76,0.24,0.24,0.33,0.16
-1.88,-54.9,0.23,0.23,0.32,0.15
-2.09,-56.01,0.23,0.23,0.32,0.14
-2.13,-57.07,0.22,0.23,0.32,0.14
-2.08,-57.34,0.22,0.22,0.31,0.13
-1.39,-58.04,0.22,0.22,0.31,0.12
-1.79,-59.34,0.21,0.21,0.31,0.11
-1.88,-59.68,0.21,0.21,0.3,0.11
-1.39,-60.81,0.2,0.2,0.3,0.1
-1.86,-61.35,0.2,0.2,0.29,0.09
-1.94,-62.87,0.19,0.19,0.29,0.08
-1.98,-62.52,0.19,0.19,0.28,0.07
-1.99,-64.64,0.18,0.18,0.28,0.07
-1.81,-64.84,0.18,0.18,0.27,0.06
-1.99,-65.99,0.17,0.17,0.27,0.05
-1.92,-66.41,0.17,0.17,0.26,0.05
-2.03,-67.22,0.17,0.16,0.26,0.04
-1.97,-68.75,0.16,0.16,0.26,0.04
-2.1,-68.07,0.16,0.16,0.26,0.04
-2.11,-68.85,0.16,0.15,0.26,0.04
-1.81,-69.16,0.16,0.15,0.25,0.04
-1.76,-69.07,0.16,0.15,0.25,0.03
-1.91,-69.09,0.16,0.15,0.25,0.03
-1.85,-69.19,0.16,0.15,0.25,0.03
-2.01,-69.41,0.16,0.15,0.25,0.03
-2.04,-69.44,0.16,0.15,0.25,0.04
-2.03,-68.57,0.16,0.15,0.26,0.04
-1.77,-67.86,0.16,0.16,0.26,0.04
-2.05,-67.46,0.17,0.17,0.27,0.05
-1.99,-65.84,0.18,0.18,0.27,0.06
-2.04,-65.8,0.18,0.18,0.28,0.07
-1.76,-63.44,0.19,0.19,0.29,0.08
-1.9,-61.6,0.2,0.21,0.3,0.1
-1.75,-60.54,0.21,0.21,0.31,0.11
-1.8,-59.34,0.22,0.22,0.31,0.13
-1.6,-57.02,0.23,0.23,0.32,0.14
-1.5,-56.81,0.23,0.23,0.32,0.15
-1.35,-55.27,0.24,0.24,0.33,0.16
-1.44,-53.59,0.24,0.25,0.33,0.17
-1.5,-53.02,0.25,0.25,0.34,0.19
-1.75,-51.46,0.26,0.26,0.34,0.2
-1.58,-50.1,0.27,0.26,0.35,0.21
-1.56,-48.84,0.27,0.27,0.35,0.22
-1.52,-47.15,0.28,0.28,0.36,0.23
-1.42,-46.71,0.29,0.28,0.36,0.24
-1.43,-44.93,0.29,0.28,0.36,0.25
-1.33,-44.23,0.3,0.29,0.36,0.25
-1.24,-43.06,0.3,0.29,0.37,0.26
-1.34,-41.87,0.31,0.3,0.37,0.27
-1.41,-40.18,0.32,0.3,0.37,0.29
-1.5,-38.98,0.32,0.31,0.38,0.3
-1.03,-37.61,0.33,0.32,0.38,0.31
-1.07,-35.54,0.33,0.32,0.38,0.32
-1.17,-33.88,0.34,0.33,0.39,0.33
-1.05,-32.82,0.34,0.33,0.39,0.34
-1.07,-31.01,0.35,0.34,0.39,0.35
-0.41,-30.61,0.35,0.34,0.39,0.35
-1.14,-28.23,0.36,0.35,0.39,0.36
-0.69,-27.61,0.36,0.35,0.39,0.37
-0.88,-25.84,0.36,0.36,0.4,0.37
-1.01,-24.76,0.37,0.36,0.4,0.38
-1.2,-23.9,0.37,0.36,0.4,0.38
-1.01,-22.1,0.37,0.37,0.4,0.38
-0.6,-20.77,0.37,0.37,0.4,0.38
-1.03,-19.51,0.37,0.37,0.4,0.39
-0.86,-18.62,0.37,0.37,0.4,0.39
-0.91,-16.87,0.38,0.37,0.4,0.39
-0.74,-15.94,0.38,0.38,0.4,0.4
-0.44,-14.33,0.38,0.38,0.4,0.4
-0.59,-13.08,0.38,0.38,0.4,0.41
-0.96,-12.58,0.38,0.38,0.4,0.41
-0.69,-10.86,0.38,0.38,0.4,0.41
-0.48,-10.45,0.38,0.38,0.4,0.41
-0.55,-9.55,0.38,0.38,0.4,0.42
-0.93,-8.36,0.38,0.38,0.4,0.42
-0.72,-7.5,0.38,0.38,0.4,0.42
-0.62,-7.2,0.38,0.39,0.4,0.42
-0.53,-5.76,0.38,0.39,0.4,0.42
-0.32,-4.53,0.38,0.39,0.4,0.43
-0.42,-3.4,0.38,0.39,0.4,0.43
-0.53,-2.75,0.38,0.39,0.39,0.43
0.04,-0.79,0.38,0.39,0.39,0.43
-0.61,0.44,0.38,0.39,0.39,0.43
-0.21,1.47,0.38,0.39,0.39,0.43
-0.02,2.96,0.38,0.39,0.39,0.43
-0.1,4.47,0.38,0.38,0.39,0.43
-0.11,5.61,0.37,0.38,0.38,0.43
-0.29,7.39,0.37,0.38,0.38,0.43
-0.2,8.69,0.37,0.38,0.38,0.43
0.2,10.61,0.37,0.38,0.38,0.43
-0,12.21,0.37,0.38,0.37,0.43
0.08,13.69,0.36,0.38,0.37,0.43
0.15,15.53,0.36,0.37,0.36,0.43
0.22,16.61,0.36,0.37,0.36,0.42
0.49,18.45,0.35,0.37,0.35,0.42
0.18,20.37,0.35,0.36,0.34,0.42
0.69,22.53,0.35,0.36,0.34,0.42
0.66,24.86,0.34,0.35,0.33,0.42
0.12,26.75,0.33,0.34,0.32,0.42
0.08,28.17,0.33,0.34,0.31,0.41
0.47,30.67,0.32,0.33,0.3,0.41
0.48,32.73,0.31,0.32,0.29,0.41
0.55,34.03,0.31,0.31,0.28,0.41
0.25,36.06,0.3,0.31,0.27,0.41
0.71,37.75,0.29,0.3,0.26,0.41
0.44,39.06,0.29,0.29,0.25,0.41
0.54,41.35,0.28,0.28,0.24,0.4
0.87,42.84,0.27,0.27,0.23,0.4
0.63,44.78,0.27,0.26,0.22,0.4
0.98,46.65,0.26,0.25,0.21,0.4
0.82,48.88,0.25,0.24,0.2,0.4
0.85,49.85,0.24,0.23,0.19,0.39
0.73,51.76,0.23,0.22,0.17,0.39
0.75,53.9,0.22,0.21,0.16,0.38
0.85,56.11,0.21,0.2,0.14,0.38
0.53,57.4,0.19,0.19,0.12,0.37
1.14,58.69,0.18,0.18,0.11,0.36
0.98,61.05,0.17,0.17,0.1,0.35
1.09,62.43,0.16,0.17,0.09,0.34
1.13,63.58,0.15,0.16,0.08,0.34
0.74,64.49,0.14,0.15,0.07,0.33
1.2,65.42,0.14,0.15,0.06,0.33
1.04,65.85,0.13,0.14,0.06,0.32
0.67,66.43,0.13,0.14,0.05,0.32
0.85,68.17,0.12,0.14,0.05,0.31
0.58,68.4,0.12,0.13,0.05,0.31
0.97,69.56,0.11,0.13,0.04,0.31
0.91,69.18,0.11,0.13,0.04,0.31
1.1,70.05,0.1,0.12,0.04,0.3
0.7,70.16,0.1,0.12,0.04,0.3
0.77,69.87,0.1,0.12,0.04,0.3
0.86,70.31,0.1,0.12,0.04,0.3
0.93,70.29,0.11,0.12,0.04,0.3
0.7,69.55,0.11,0.13,0.04,0.3
0.99,69.76,0.11,0.13,0.04,0.31
0.86,68.71,0.11,0.13,0.05,0.31
0.99,68.84,0.12,0.13,0.05,0.32
0.66,66.86,0.13,0.14,0.06,0.32
1.1,67.64,0.13,0.14,0.06,0.33
0.55,65.77,0.14,0.15,0.07,0.33
0.87,65.67,0.15,0.16,0.08,0.34
0.93,64.9,0.16,0.16,0.08,0.34
0.88,63.34,0.16,0.17,0.09,0.35
0.85,63.37,0.17,0.17,0.1,0.35
0.92,60.87,0.18,0.18,0.11,0.36
1.03,60.33,0.19,0.19,0.12,0.36
0.6,58.97,0.2,0.19,0.13,0.37
0.89,58.17,0.21,0.2,0.14,0.37
0.82,56.87,0.21,0.21,0.15,0.38
0.8,55.76,0.22,0.21,0.16,0.38
0.72,53.69,0.23,0.22,0.17,0.39
1.14,52.89,0.24,0.23,0.19,0.4
0.33,51.69,0.25,0.24,0.2,0.4
0.78,49.2,0.25,0.25,0.21,0.4
0.57,48.17,0.26,0.26,0.21,0.4
0.79,46.73,0.27,0.26,0.22,0.4
0.54,45.04,0.27,0.27,0.23,0.41
0.71,43.75,0.28,0.28,0.24,0.41
0.51,41.64,0.29,0.29,0.25,0.41
0.6,40.21,0.3,0.3,0.27,0.41
0.84,37.74,0.3,0.31,0.28,0.41
0.51,36.14,0.31,0.32,0.29,0.41
0.6,33.74,0.32,0.33,0.3,0.42
0.29,31.82,0.32,0.34,0.31,0.42
0.35,29.74,0.33,0.34,0.32,0.42
0.77,27.92,0.34,0.35,0.33,0.42
0.36,25.77,0.34,0.36,0.33,0.42
0.12,23.89,0.35,0.36,0.34,0.42
0.12,21.79,0.35,0.37,0.35,0.42
0.33,19.69,0.36,0.37,0.36,0.42
0.16,17.46,0.36,0.38,0.37,0.42
0.01,15.49,0.37,0.38,0.37,0.42
0.57,13.44,0.37,0.38,0.38,0.42
0.08,11.35,0.37,0.38,0.38,0.42
0.06,9.87,0.37,0.38,0.38,0.42
0.12,8.87,0.37,0.38,0.38,0.42
-0.25,8.16,0.37,0.38,0.38,0.42
0.03,6.39,0.37,0.38,0.39,0.42
-0.3,5.54,0.38,0.38,0.39,0.42
-0.14,5.74,0.38,0.38,0.39,0.42
-0.24,3.68,0.38,0.38,0.39,0.43
-0.64,3.69,0.38,0.39,0.39,0.42
-0.06,2.99,0.38,0.38,0.39,0.43
-0.69,2.8,0.38,0.39,0.39,0.43
-0.49,2.17,0.38,0.39,0.39,0.43
-0.26,2.03,0.38,0.39,0.39,0.43
-0.21,2.05,0.38,0.39,0.39,0.43
0.01,1.91,0.38,0.39,0.39,0.43
-0.26,2.01,0.38,0.39,0.39,0.43
-0.08,1.99,0.38,0.39,0.39,0.43
-0.21,1.93,0.38,0.39,0.39,0.43
-0.37,2.06,0.38,0.39,0.39,0.43
-0.18,2,0.38,0.39,0.39,0.43
