0.17,3.14,0.39,0.38,0.4,0.42
-0.64,3.21,0.39,0.38,0.4,0.42
0.16,3.14,0.39,0.38,0.4,0.41
-0.51,3.17,0.39,0.38,0.4,0.41
-0.32,3.15,0.39,0.38,0.4,0.41
-0.12,3.12,0.39,0.38,0.4,0.41
-0.41,3.13,0.39,0.38,0.4,0.41
-0.33,3.25,0.39,0.38,0.4,0.41
-0.35,3.2,0.39,0.38,0.4,0.41
-0.14,3.14,0.39,0.38,0.4,0.41
-0.35,3.21,0.39,0.38,0.4,0.41
-0.48,3.2,0.39,0.38,0.4,0.41
-0.33,3.07,0.39,0.38,0.4,0.41
-0.31,3.03,0.39,0.38,0.4,0.41
-0.32,2.58,0.39,0.38,0.4,0.41
-0.31,2.33,0.39,0.38,0.4,0.41
-0.11,2.28,0.39,0.38,0.4,0.41
-0.35,2.42,0.39,0.38,0.4,0.41
-0.29,2.52,0.39,0.38,0.4,0.41
-0.32,2.96,0.39,0.38,0.4,0.41
-0.18,3.26,0.39,0.38,0.4,0.41
-0.27,3.46,0.39,0.38,0.4,0.41
-0.26,3.82,0.39,0.38,0.4,0.41
-0.12,4.12,0.39,0.38,0.4,0.41
-0.19,4.42,0.39,0.38,0.4,0.41
-0.21,4.95,0.39,0.38,0.4,0.41
-0.18,5.05,0.39,0.38,0.39,0.41
-0.2,5.35,0.39,0.38,0.39,0.41
-0.31,5.87,0.39,0.38,0.39,0.41
-0.25,6.41,0.39,0.38,0.39,0.41
-0.27,6.54,0.39,0.38,0.39,0.41
-0,6.6,0.39,0.38,0.39,0.41
-0.25,6.66,0.39,0.38,0.39,0.41
-0.18,6.72,0.39,0.38,0.39,0.41
-0.17,6.94,0.39,0.38,0.39,0.41
-0.04,6.89,0.39,0.38,0.39,0.41
0.17,7.3,0.39,0.38,0.39,0.41
-0.27,7.47,0.39,0.38,0.39,0.41
-0.39,7.52,0.39,0.38,0.39,0.41
-0.14,7.73,0.39,0.38,0.39,0.41
-0.07,7.91,0.39,0.38,0.39,0.41
-0.07,8.21,0.39,0.38,0.39,0.41
-0.29,8.46,0.39,0.38,0.39,0.41
-0.04,8.79,0.39,0.38,0.39,0.41
-0.13,9.03,0.39,0.38,0.39,0.41
-0.11,9.27,0.39,0.38,0.39,0.41
0.01,9.83,0.39,0.38,0.39,0.41
-0.22,10.25,0.39,0.38,0.38,0.41
-0.04,10.49,0.39,0.38,0.38,0.41
-0.11,10.78,0.38,0.38,0.38,0.41
-0.1,11.02,0.38,0.38,0.38,0.41
-0.02,11.39,0.38,0.38,0.38,0.41
-0.07,11.59,0.38,0.37,0.38,0.41
-0,11.77,0.38,0.37,0.38,0.41
-0.1,12.12,0.38,0.37,0.38,0.41
0.01,12.41,0.38,0.37,0.38,0.41
-0.1,12.74,0.38,0.37,0.38,0.41
-0.07,13.17,0.38,0.37,0.38,0.41
0.03,13.69,0.38,0.37,0.38,0.41
0.05,13.84,0.38,0.37,0.38,0.41
0.07,14.33,0.38,0.37,0.38,0.41
-0.11,14.83,0.38,0.37,0.37,0.41
0.13,15.27,0.38,0.37,0.37,0.42
0.01,15.63,0.38,0.37,0.37,0.41
0.09,15.97,0.38,0.37,0.37,0.41
0.21,16.35,0.38,0.37,0.37,0.41
0.01,16.48,0.38,0.37,0.37,0.41
0.21,16.78,0.38,0.37,0.37,0.41
0.03,17.2,0.38,0.37,0.37,0.41
0.11,17.38,0.38,0.36,0.37,0.42
0.12,17.76,0.38,0.36,0.37,0.41
0.1,18.1,0.38,0.36,0.36,0.42
0.12,18.47,0.38,0.36,0.36,0.42
0.02,18.64,0.37,0.36,0.36,0.42
0.06,18.9,0.37,0.36,0.36,0.42
0.16,19.33,0.37,0.36,0.36,0.42
0.16,19.5,0.37,0.36,0.36,0.42
0.12,19.81,0.37,0.36,0.36,0.41
0.04,20.06,0.37,0.36,0.36,0.42
0.17,20.64,0.37,0.36,0.36,0.41
0.15,20.91,0.37,0.36,0.35,0.41
0.3,21.56,0.37,0.36,0.35,0.41
0.23,21.85,0.37,0.36,0.35,0.41
0.14,22.57,0.37,0.36,0.35,0.41
0.32,22.85,0.37,0.36,0.35,0.41
0.07,23.12,0.37,0.36,0.35,0.41
0.12,23.25,0.37,0.35,0.34,0.41
0.17,23.54,0.36,0.35,0.34,0.41
0.2,23.94,0.36,0.35,0.34,0.41
0.09,24.16,0.36,0.35,0.34,0.41
0.54,24.99,0.36,0.35,0.34,0.41
0.28,24.83,0.36,0.35,0.34,0.41
0.16,25.08,0.36,0.35,0.34,0.41
0.45,25.59,0.36,0.35,0.33,0.41
0.26,25.98,0.36,0.35,0.33,0.41
0.38,26.48,0.36,0.34,0.33,0.42
0.2,26.79,0.36,0.34,0.33,0.42
0.1,27.26,0.35,0.34,0.33,0.42
0.17,27.64,0.35,0.34,0.32,0.42
0.33,28.12,0.35,0.34,0.32,0.42
0.18,28.82,0.35,0.34,0.32,0.42
0.33,29.18,0.35,0.34,0.31,0.42
0.15,29.76,0.34,0.34,0.31,0.42
0.3,30.14,0.34,0.33,0.31,0.42
0.5,30.44,0.34,0.33,0.31,0.42
0.42,30.84,0.34,0.33,0.31,0.42
0.41,31.19,0.34,0.33,0.3,0.42
0.3,31.67,0.34,0.33,0.3,0.41
0.33,31.9,0.34,0.33,0.3,0.42
0.45,32.48,0.34,0.33,0.3,0.42
0.32,32.77,0.33,0.32,0.3,0.42
0.3,32.97,0.33,0.32,0.29,0.42
0.39,33.53,0.33,0.32,0.29,0.42
0.42,33.8,0.33,0.32,0.29,0.42
0.44,34.23,0.33,0.32,0.29,0.42
0.53,35.04,0.33,0.31,0.29,0.42
0.48,35.18,0.33,0.31,0.28,0.42
0.44,35.88,0.32,0.31,0.28,0.42
0.39,36.3,0.32,0.31,0.28,0.41
0.59,36.79,0.32,0.31,0.27,0.41
0.65,37.22,0.32,0.3,0.27,0.41
0.33,37.25,0.31,0.3,0.27,0.41
0.51,38.04,0.31,0.3,0.27,0.41
0.55,38.46,0.31,0.3,0.26,0.41
0.45,38.81,0.31,0.3,0.26,0.41
0.66,39.51,0.31,0.3,0.26,0.4
0.41,39.38,0.31,0.29,0.25,0.41
0.79,40.19,0.31,0.29,0.25,0.41
0.57,40.48,0.31,0.29,0.25,0.41
0.53,40.56,0.3,0.29,0.25,0.41
0.69,41.09,0.3,0.29,0.24,0.41
0.65,41.67,0.3,0.28,0.24,0.41
0.53,42.27,0.3,0.28,0.24,0.41
0.59,42.62,0.29,0.28,0.23,0.41
0.63,43.08,0.29,0.28,0.23,0.41
0.71,43.52,0.29,0.27,0.23,0.41
0.67,43.85,0.29,0.27,0.22,0.41
0.71,44.29,0.29,0.27,0.22,0.41
0.74,44.99,0.28,0.27,0.21,0.41
0.53,45.82,0.28,0.26,0.21,0.41
0.78,46.26,0.28,0.26,0.2,0.41
0.71,46.56,0.28,0.26,0.2,0.4
1.02,47.2,0.27,0.26,0.2,0.4
0.7,47.45,0.27,0.25,0.19,0.39
0.62,47.83,0.27,0.25,0.19,0.39
1.06,48.26,0.27,0.25,0.19,0.39
0.93,48.66,0.27,0.25,0.18,0.39
0.8,48.97,0.27,0.25,0.18,0.4
0.91,49.32,0.26,0.24,0.18,0.39
0.82,49.88,0.26,0.24,0.17,0.4
0.58,49.95,0.26,0.24,0.17,0.4
0.82,50.64,0.26,0.24,0.16,0.4
0.96,50.99,0.26,0.23,0.16,0.39
0.74,51.2,0.25,0.23,0.16,0.39
0.72,52.2,0.25,0.23,0.15,0.39
0.67,52.65,0.24,0.22,0.14,0.39
1.01,53.73,0.24,0.22,0.14,0.38
0.87,54.09,0.24,0.22,0.13,0.38
0.93,54.5,0.23,0.21,0.12,0.38
0.78,55.04,0.23,0.21,0.12,0.38
0.99,55.52,0.23,0.21,0.11,0.37
1.02,56.64,0.23,0.2,0.11,0.37
0.96,56.63,0.22,0.2,0.1,0.37
1.15,57.57,0.22,0.2,0.1,0.37
0.66,57.87,0.22,0.2,0.1,0.37
0.93,58.13,0.22,0.19,0.09,0.37
0.96,58.57,0.21,0.19,0.09,0.36
0.81,58.54,0.21,0.19,0.09,0.36
1.03,59.35,0.21,0.19,0.08,0.36
0.97,59.24,0.21,0.18,0.08,0.36
0.96,59.84,0.2,0.18,0.08,0.36
1.01,60.38,0.2,0.18,0.07,0.35
1.03,60.58,0.2,0.18,0.07,0.35
1.09,61.15,0.19,0.17,0.07,0.35
1.2,61.55,0.19,0.17,0.06,0.34
1.02,62.26,0.19,0.17,0.06,0.34
0.74,62.52,0.18,0.16,0.05,0.34
0.94,63.55,0.18,0.16,0.05,0.33
0.98,63.92,0.17,0.16,0.04,0.33
0.86,64.52,0.17,0.15,0.04,0.33
1.04,64.24,0.16,0.15,0.04,0.32
1,65.03,0.16,0.15,0.04,0.32
0.77,65.32,0.16,0.15,0.03,0.32
1.08,66.1,0.15,0.15,0.03,0.32
1.11,66.21,0.15,0.14,0.03,0.31
0.93,67.1,0.15,0.14,0.03,0.31
1.1,67.04,0.14,0.14,0.02,0.31
0.96,68.1,0.14,0.14,0.02,0.31
0.92,67.91,0.14,0.14,0.02,0.31
1.01,68.32,0.14,0.13,0.02,0.3
1.21,68.15,0.13,0.13,0.02,0.3
0.69,68.95,0.13,0.13,0.02,0.29
1.22,69.91,0.12,0.12,0.02,0.29
0.99,70.05,0.12,0.12,0.02,0.29
1.04,70.75,0.12,0.12,0.02,0.29
1.25,71.37,0.11,0.11,0.02,0.28
0.83,70.65,0.11,0.11,0.02,0.28
1.13,71.53,0.11,0.11,0.02,0.28
1.14,72.23,0.1,0.11,0.01,0.27
1.12,72.24,0.1,0.1,0.01,0.27
1.08,72.48,0.1,0.1,0.01,0.27
0.98,72.04,0.09,0.1,0.01,0.27
1.23,73.59,0.09,0.1,0.01,0.26
1.03,73.93,0.09,0.09,0.01,0.26
1.01,74.25,0.09,0.09,0.01,0.26
1.23,74.81,0.08,0.09,0.01,0.25
1.13,75.41,0.08,0.09,0.01,0.25
1.2,75.12,0.08,0.08,0.01,0.25
0.95,76.43,0.07,0.08,0.01,0.24
1.1,75.25,0.07,0.08,0.01,0.24
1.12,77.76,0.06,0.08,0.01,0.24
1.14,77.45,0.04,0.07,0.01,0.23
1.05,76.7,0.02,0.07,0.01,0.23
1.03,77.93,0.01,0.06,0.01,0.22
1.19,77.7,0.01,0.05,0.01,0.22
1.23,79.8,0.01,0.04,0.01,0.21
0.92,79.39,0.01,0.02,0.01,0.21
1.23,79.07,0.01,0.02,0.01,0.2
0.87,80.7,0.01,0.01,0.01,0.18
1.28,82.12,0.01,0.01,0.01,0.13
1.09,82.17,0.01,0.01,0.01,0.08
1.33,79.76,0.01,0.01,0.01,0.06
1.07,81.33,0.01,0.01,0.01,0.05
1.22,81.18,0.01,0.01,0.01,0.06
1.24,81.26,0.01,0.01,0.01,0.06
1.16,81.44,0.01,0.01,0.01,0.06
1.24,81.38,0.01,0.01,0.01,0.07
1.14,81.83,0.01,0.01,0.01,0.08
1.35,81.87,0.01,0.01,0.01,0.11
0.96,80.42,0.01,0.01,0.01,0.15
1.04,80.56,0.01,0.01,0.01,0.19
0.9,80.43,0.01,0.02,0.01,0.21
1.05,79.22,0.01,0.03,0.01,0.21
1,78.83,0.01,0.05,0.01,0.22
1.16,78.58,0.01,0.06,0.01,0.23
0.82,77.98,0.02,0.07,0.01,0.23
0.9,77.15,0.04,0.07,0.01,0.24
1.19,76.79,0.06,0.08,0.01,0.24
1.19,76.16,0.07,0.08,0.01,0.24
0.98,76.05,0.07,0.08,0.01,0.25
1.26,76.53,0.08,0.09,0.01,0.25
1.16,76.21,0.08,0.09,0.01,0.25
1.03,74.99,0.08,0.09,0.01,0.26
1,75.19,0.09,0.09,0.01,0.26
1.02,73.85,0.09,0.1,0.01,0.27
0.95,73.43,0.1,0.1,0.01,0.27
1,72.67,0.1,0.11,0.01,0.28
1.08,72.5,0.11,0.11,0.02,0.28
1.02,71.61,0.11,0.11,0.02,0.28
1.25,71.12,0.12,0.12,0.02,0.29
1.04,70.6,0.12,0.12,0.02,0.29
1.04,70.41,0.12,0.12,0.02,0.29
1.28,69.37,0.13,0.13,0.02,0.3
0.95,69.19,0.13,0.13,0.02,0.3
0.82,69.18,0.13,0.13,0.02,0.3
1.04,68.21,0.14,0.13,0.02,0.3
0.98,68.02,0.14,0.13,0.02,0.31
0.99,67.35,0.14,0.14,0.02,0.31
0.98,67.9,0.15,0.14,0.03,0.31
1.23,66.47,0.15,0.14,0.03,0.32
0.99,66.2,0.16,0.15,0.03,0.32
1.11,65.35,0.16,0.15,0.04,0.32
1.01,64.78,0.17,0.15,0.04,0.33
0.99,63.98,0.17,0.16,0.04,0.33
0.89,63.69,0.17,0.16,0.05,0.33
0.9,63.7,0.18,0.16,0.05,0.33
0.93,63.52,0.18,0.16,0.05,0.33
0.93,63.19,0.18,0.16,0.05,0.34
0.79,62.97,0.18,0.17,0.05,0.34
0.92,62.61,0.18,0.17,0.06,0.34
1.02,62.39,0.19,0.17,0.06,0.34
1.05,62.06,0.19,0.17,0.06,0.34
0.95,61.52,0.19,0.17,0.06,0.34
0.87,61.3,0.19,0.17,0.06,0.35
0.89,60.96,0.2,0.17,0.07,0.35
0.87,61.11,0.2,0.18,0.07,0.35
1.05,60.76,0.2,0.18,0.07,0.35
0.92,60.22,0.2,0.18,0.08,0.35
0.97,59.49,0.21,0.18,0.08,0.36
0.93,59.35,0.21,0.19,0.08,0.36
0.9,59.23,0.21,0.19,0.09,0.36
1.05,58.94,0.21,0.19,0.09,0.36
1.02,58.29,0.21,0.19,0.09,0.37
0.8,57.91,0.22,0.19,0.1,0.37
0.95,57.62,0.22,0.2,0.1,0.37
0.84,57.44,0.22,0.2,0.1,0.37
0.98,56.81,0.22,0.2,0.11,0.37
0.9,56.39,0.23,0.2,0.11,0.37
0.79,55.95,0.23,0.21,0.12,0.38
0.88,55.8,0.23,0.21,0.12,0.38
0.77,55.5,0.23,0.21,0.12,0.38
0.71,54.61,0.24,0.21,0.13,0.38
0.66,54.32,0.24,0.22,0.13,0.38
0.88,53.85,0.24,0.22,0.14,0.39
0.98,53.43,0.24,0.22,0.14,0.39
1.05,53.27,0.25,0.22,0.14,0.39
0.71,53.04,0.25,0.23,0.15,0.39
0.97,52.01,0.25,0.23,0.15,0.39
0.69,51.69,0.25,0.23,0.16,0.39
0.72,51.37,0.26,0.23,0.16,0.4
0.87,50.94,0.26,0.24,0.16,0.4
0.79,50.16,0.26,0.24,0.17,0.4
0.72,49.58,0.26,0.24,0.17,0.4
0.95,49.29,0.27,0.24,0.18,0.4
0.76,48.84,0.27,0.25,0.18,0.4
1.01,48.32,0.27,0.25,0.19,0.41
0.59,47.54,0.27,0.25,0.2,0.41
0.71,47.24,0.28,0.26,0.2,0.41
0.99,46.47,0.28,0.26,0.21,0.41
0.89,45.9,0.28,0.26,0.21,0.41
0.78,44.98,0.28,0.27,0.21,0.41
0.46,44.64,0.29,0.27,0.22,0.42
0.65,44.07,0.29,0.27,0.22,0.42
0.73,43.58,0.29,0.27,0.23,0.42
0.56,42.81,0.3,0.28,0.23,0.42
0.44,42.48,0.3,0.28,0.24,0.42
0.64,41.73,0.3,0.28,0.24,0.42
0.69,41.14,0.3,0.28,0.24,0.42
0.82,40.73,0.3,0.29,0.25,0.42
0.43,40.19,0.31,0.29,0.25,0.42
0.5,39.91,0.31,0.29,0.25,0.42
0.53,39.38,0.31,0.29,0.26,0.42
0.49,38.79,0.31,0.3,0.26,0.42
0.55,38.7,0.31,0.3,0.26,0.42
0.68,37.93,0.31,0.3,0.27,0.43
0.46,37.51,0.32,0.3,0.27,0.43
0.48,37.03,0.32,0.31,0.27,0.43
0.6,36.68,0.32,0.31,0.28,0.43
0.44,36.31,0.32,0.31,0.28,0.43
0.49,35.97,0.32,0.31,0.28,0.43
0.48,35.43,0.33,0.31,0.28,0.42
0.47,34.84,0.33,0.32,0.29,0.42
0.41,34.65,0.33,0.32,0.29,0.42
0.55,34.17,0.33,0.32,0.29,0.42
0.44,33.8,0.33,0.32,0.29,0.42
0.52,33.76,0.33,0.32,0.3,0.42
0.52,33.02,0.33,0.32,0.3,0.42
0.53,32.46,0.34,0.33,0.3,0.42
0.23,31.92,0.34,0.33,0.3,0.42
0.42,31.59,0.34,0.33,0.31,0.42
0.48,31.22,0.34,0.33,0.31,0.42
0.46,30.66,0.34,0.33,0.31,0.42
0.29,30.42,0.34,0.33,0.31,0.42
0.34,30.14,0.34,0.33,0.31,0.43
0.37,29.49,0.35,0.33,0.32,0.42
0.37,29.35,0.35,0.34,0.32,0.42
0.15,28.78,0.35,0.34,0.32,0.42
0.41,28.7,0.35,0.34,0.32,0.42
0.53,28.47,0.35,0.34,0.32,0.42
0.17,28.01,0.35,0.34,0.32,0.42
0.2,28,0.35,0.34,0.32,0.42
0.17,27.65,0.35,0.34,0.33,0.42
0.36,27.21,0.35,0.34,0.33,0.42
0.24,27.12,0.35,0.34,0.33,0.42
0.23,26.53,0.36,0.34,0.33,0.41
0.33,26.42,0.36,0.35,0.33,0.41
0.31,26.17,0.36,0.35,0.33,0.41
0.26,25.73,0.36,0.35,0.33,0.41
0.16,25.33,0.36,0.35,0.34,0.41
0.57,24.92,0.36,0.35,0.34,0.41
0.32,24.57,0.36,0.35,0.34,0.42
0.33,24.24,0.36,0.35,0.34,0.42
0.27,24.07,0.36,0.35,0.34,0.42
0.28,23.98,0.36,0.35,0.34,0.42
0.31,23.74,0.36,0.35,0.34,0.42
0.17,23.64,0.36,0.35,0.34,0.42
0.33,23.35,0.37,0.35,0.34,0.42
0.25,23.24,0.37,0.36,0.34,0.42
0.06,22.87,0.37,0.36,0.35,0.42
0.1,22.62,0.37,0.36,0.35,0.42
0.38,22.53,0.37,0.36,0.35,0.42
0.28,22.15,0.37,0.36,0.35,0.42
0.28,22.06,0.37,0.36,0.35,0.42
0.24,21.75,0.37,0.36,0.35,0.42
0.06,21.5,0.37,0.36,0.35,0.42
0.15,20.78,0.37,0.36,0.35,0.42
0.11,20.03,0.37,0.36,0.36,0.42
0.16,19.92,0.37,0.36,0.36,0.42
0.43,19.5,0.37,0.36,0.36,0.42
0.01,19.02,0.37,0.36,0.36,0.42
0.03,18.86,0.38,0.36,0.36,0.42
0.12,18.09,0.38,0.37,0.36,0.42
0.11,17.8,0.38,0.37,0.37,0.42
0.02,17.41,0.38,0.37,0.37,0.42
0.04,16.99,0.38,0.37,0.37,0.42
0.22,16.58,0.38,0.37,0.37,0.42
-0.06,16.3,0.38,0.37,0.37,0.42
-0.14,16,0.38,0.37,0.37,0.42
-0.41,15.51,0.38,0.37,0.37,0.42
-0.14,15.18,0.38,0.37,0.37,0.42
0.12,15.12,0.38,0.37,0.37,0.42
0.12,14.78,0.38,0.37,0.37,0.42
-0.07,14.44,0.38,0.37,0.38,0.42
-0.04,14.38,0.38,0.37,0.38,0.42
0.07,13.94,0.38,0.37,0.38,0.42
0.33,13.5,0.38,0.37,0.38,0.42
0.05,13.2,0.39,0.37,0.38,0.42
0.08,12.98,0.39,0.37,0.38,0.42
0.02,12.61,0.39,0.37,0.38,0.42
-0.2,12.26,0.39,0.37,0.38,0.42
-0.18,11.75,0.39,0.37,0.38,0.42
-0.12,11.56,0.39,0.37,0.38,0.42
-0.21,11.11,0.39,0.37,0.38,0.42
0.01,10.17,0.39,0.38,0.39,0.42
-0.1,9.55,0.39,0.38,0.39,0.42
-0.15,8.81,0.39,0.38,0.39,0.42
-0.3,8.61,0.39,0.38,0.39,0.42
-0.1,7.95,0.39,0.38,0.39,0.42
-0.21,7.64,0.39,0.38,0.39,0.42
-0.17,7.51,0.39,0.38,0.39,0.42
-0.17,6.9,0.39,0.38,0.39,0.42
-0.11,6.51,0.39,0.38,0.39,0.42
-0,5.99,0.39,0.38,0.39,0.42
-0.1,5.59,0.39,0.38,0.39,0.42
-0.37,4.91,0.39,0.38,0.4,0.42
-0.32,4.45,0.39,0.38,0.4,0.42
-0.22,4.08,0.39,0.38,0.4,0.42
-0.26,3.5,0.39,0.38,0.4,0.41
-0.26,2.85,0.39,0.38,0.4,0.41
-0.1,2.3,0.39,0.38,0.4,0.41
-0.07,1.83,0.39,0.38,0.4,0.41
-0.13,1.22,0.39,0.38,0.4,0.41
-0.27,0.44,0.39,0.38,0.4,0.41
0.02,-0.31,0.39,0.38,0.4,0.41
-0.21,-0.83,0.39,0.38,0.4,0.41
-0.5,-1.37,0.39,0.38,0.4,0.41
-0.59,-1.96,0.39,0.38,0.41,0.41
-0.49,-1.86,0.39,0.38,0.41,0.41
-0.24,-2.25,0.39,0.38,0.41,0.41
-0.26,-2.41,0.39,0.38,0.41,0.41
-0.44,-3.11,0.39,0.38,0.41,0.41
-0.51,-3.44,0.39,0.38,0.41,0.41
-0.25,-4.09,0.39,0.38,0.41,0.41
-0.36,-4.83,0.39,0.38,0.41,0.41
-0.46,-5.5,0.39,0.37,0.41,0.41
-0.69,-6.39,0.39,0.37,0.41,0.41
-0.61,-7.04,0.39,0.37,0.41,0.41
-0.69,-7.44,0.39,0.37,0.41,0.41
-0.52,-7.84,0.39,0.37,0.41,0.41
-0.61,-8.28,0.39,0.37,0.41,0.41
-0.68,-8.74,0.39,0.37,0.41,0.41
-0.41,-9.11,0.39,0.37,0.41,0.41
-0.63,-9.81,0.39,0.37,0.41,0.41
-0.61,-10.28,0.39,0.37,0.41,0.41
-0.71,-10.8,0.39,0.37,0.41,0.41
-0.64,-11.28,0.39,0.37,0.41,0.41
-0.74,-11.61,0.39,0.37,0.41,0.41
-0.92,-11.9,0.39,0.37,0.41,0.41
-0.77,-12.2,0.39,0.37,0.41,0.41
-0.75,-12.58,0.39,0.37,0.41,0.41
-0.94,-13.08,0.39,0.37,0.41,0.41
-0.97,-13.6,0.39,0.37,0.41,0.41
-0.86,-13.76,0.39,0.37,0.41,0.41
-1.07,-14.06,0.39,0.37,0.41,0.41
-0.95,-14.75,0.39,0.37,0.41,0.41
-0.91,-15.23,0.38,0.37,0.41,0.41
-0.76,-15.71,0.38,0.37,0.41,0.41
-0.98,-16.41,0.38,0.37,0.41,0.41
-0.86,-16.76,0.38,0.37,0.41,0.41
-0.97,-17.3,0.38,0.37,0.41,0.41
-0.93,-17.9,0.38,0.37,0.41,0.4
-0.96,-18.36,0.38,0.36,0.41,0.4
-0.93,-18.88,0.38,0.36,0.41,0.4
-1.06,-19.22,0.38,0.36,0.41,0.4
-1.01,-19.43,0.38,0.36,0.41,0.4
-1.09,-20.05,0.38,0.36,0.41,0.4
-1,-20.28,0.38,0.36,0.41,0.4
-1.2,-20.86,0.38,0.36,0.41,0.4
-0.98,-21.11,0.38,0.36,0.41,0.4
-0.97,-21.64,0.37,0.36,0.41,0.39
-1.06,-21.84,0.37,0.36,0.41,0.39
-1.14,-22.4,0.37,0.36,0.41,0.39
-1.13,-22.65,0.37,0.36,0.41,0.39
-1.16,-23.1,0.37,0.36,0.41,0.39
-1.3,-23.53,0.37,0.35,0.41,0.38
-1.02,-23.98,0.37,0.35,0.41,0.38
-1.24,-24.42,0.37,0.35,0.41,0.38
-1.23,-24.72,0.37,0.35,0.41,0.38
-1.07,-24.85,0.37,0.35,0.41,0.38
-1.24,-25.34,0.37,0.35,0.41,0.38
-1.19,-25.46,0.37,0.35,0.41,0.38
-1.21,-25.71,0.37,0.35,0.41,0.38
-1.23,-25.83,0.37,0.35,0.41,0.37
-1.45,-26.27,0.36,0.35,0.41,0.37
-1.42,-26.38,0.36,0.35,0.41,0.37
-1.41,-26.43,0.36,0.35,0.41,0.37
-1.6,-26.66,0.36,0.35,0.41,0.36
-1.51,-26.89,0.36,0.35,0.41,0.36
-1.23,-27.12,0.36,0.35,0.41,0.36
-1.34,-27.56,0.36,0.35,0.41,0.36
-1.39,-27.79,0.36,0.34,0.41,0.36
-1.55,-28.19,0.36,0.34,0.41,0.36
-1.5,-28.21,0.36,0.34,0.41,0.35
-1.47,-28.5,0.36,0.34,0.41,0.35
-1.33,-28.9,0.36,0.34,0.41,0.35
-1.39,-29.16,0.36,0.34,0.41,0.35
-1.53,-29.47,0.35,0.34,0.41,0.35
-1.62,-29.72,0.35,0.34,0.41,0.35
-1.23,-29.86,0.35,0.34,0.41,0.35
-1.45,-30.18,0.35,0.34,0.41,0.34
-1.45,-30.33,0.35,0.34,0.41,0.34
-1.53,-30.63,0.35,0.34,0.41,0.34
-1.62,-30.81,0.35,0.34,0.41,0.34
-1.62,-31.04,0.35,0.33,0.41,0.34
-1.66,-31.35,0.35,0.33,0.41,0.34
-1.31,-31.52,0.35,0.33,0.41,0.34
-1.39,-31.56,0.35,0.33,0.41,0.34
-1.39,-31.54,0.35,0.33,0.41,0.34
-1.39,-31.84,0.35,0.33,0.41,0.33
-1.55,-31.91,0.35,0.33,0.41,0.33
-1.66,-32.23,0.34,0.33,0.41,0.33
-1.53,-32.51,0.34,0.33,0.41,0.33
-1.59,-33.09,0.34,0.33,0.41,0.33
-1.45,-33.4,0.34,0.33,0.41,0.33
-1.42,-33.39,0.34,0.33,0.41,0.33
-1.83,-33.45,0.34,0.33,0.41,0.33
-1.63,-33.63,0.34,0.33,0.41,0.33
-1.66,-33.91,0.34,0.32,0.4,0.33
-1.35,-34.23,0.34,0.32,0.4,0.33
-1.28,-34.52,0.34,0.32,0.4,0.32
-1.53,-34.82,0.33,0.32,0.4,0.32
-1.63,-35.04,0.33,0.32,0.4,0.32
-1.61,-35.41,0.33,0.32,0.4,0.32
-1.43,-35.8,0.33,0.32,0.4,0.32
-1.62,-35.95,0.33,0.32,0.4,0.32
-1.65,-35.99,0.33,0.32,0.4,0.32
-1.61,-36.39,0.33,0.31,0.4,0.32
-1.75,-36.79,0.33,0.31,0.4,0.31
-1.52,-36.92,0.33,0.31,0.4,0.31
-1.6,-36.93,0.33,0.31,0.4,0.31
-1.59,-37.39,0.32,0.31,0.4,0.31
-1.66,-37.58,0.32,0.31,0.4,0.31
-1.48,-37.89,0.32,0.31,0.4,0.31
-1.78,-37.9,0.32,0.31,0.4,0.31
-1.57,-37.97,0.32,0.31,0.4,0.31
-1.67,-37.9,0.32,0.31,0.4,0.31
-1.85,-38.22,0.32,0.31,0.4,0.31
-1.5,-38.37,0.32,0.31,0.4,0.31
-1.55,-38.53,0.32,0.31,0.4,0.31
-1.6,-38.87,0.32,0.3,0.4,0.3
-1.76,-39.22,0.32,0.3,0.4,0.3
-1.66,-39.41,0.31,0.3,0.4,0.3
-1.53,-39.62,0.31,0.3,0.4,0.3
-1.56,-39.57,0.31,0.3,0.4,0.3
-1.49,-39.59,0.31,0.3,0.4,0.3
-1.44,-39.74,0.31,0.3,0.4,0.3
-1.38,-39.87,0.31,0.3,0.4,0.3
-1.65,-40.39,0.31,0.3,0.4,0.3
-1.74,-40.56,0.31,0.3,0.4,0.29
-1.72,-40.58,0.31,0.3,0.4,0.29
-1.68,-40.96,0.31,0.3,0.4,0.29
-1.71,-41.06,0.31,0.3,0.4,0.29
-1.79,-41.42,0.3,0.29,0.4,0.29
-1.72,-41.76,0.3,0.29,0.4,0.29
-1.76,-41.93,0.3,0.29,0.4,0.28
-1.78,-42.14,0.3,0.29,0.39,0.28
-1.69,-42.49,0.3,0.29,0.39,0.28
-1.67,-42.82,0.3,0.29,0.39,0.28
-1.78,-42.97,0.3,0.29,0.39,0.28
-1.84,-43.34,0.29,0.29,0.39,0.27
-1.73,-43.62,0.29,0.28,0.39,0.27
-1.71,-43.73,0.29,0.28,0.39,0.27
-1.75,-43.95,0.29,0.28,0.39,0.27
-1.8,-44,0.29,0.28,0.39,0.27
-1.71,-44.45,0.29,0.28,0.39,0.27
-1.81,-44.63,0.29,0.28,0.39,0.26
-2.12,-44.76,0.29,0.28,0.39,0.26
-1.93,-45.27,0.28,0.28,0.39,0.26
-1.93,-45.62,0.28,0.28,0.39,0.26
-1.78,-45.95,0.28,0.28,0.39,0.25
-1.99,-46.36,0.28,0.27,0.39,0.25
-1.98,-46.46,0.28,0.27,0.39,0.25
-1.77,-46.64,0.28,0.27,0.39,0.25
-1.87,-46.88,0.28,0.27,0.39,0.25
-2.04,-47.22,0.28,0.27,0.39,0.24
-1.93,-47.33,0.27,0.27,0.39,0.24
-1.88,-47.47,0.27,0.27,0.39,0.24
-1.91,-47.91,0.27,0.27,0.39,0.24
-1.86,-48.3,0.27,0.27,0.39,0.23
-2.03,-48.62,0.27,0.27,0.38,0.23
-2.1,-48.9,0.27,0.26,0.38,0.23
-2.12,-49.16,0.27,0.26,0.38,0.23
-1.96,-49.4,0.26,0.26,0.38,0.22
-1.94,-49.73,0.26,0.26,0.38,0.22
-2.1,-50.23,0.26,0.26,0.38,0.22
-1.92,-50.48,0.26,0.26,0.38,0.21
-1.9,-50.96,0.26,0.26,0.38,0.21
-2.04,-51.13,0.25,0.25,0.38,0.21
-2.02,-51.72,0.25,0.25,0.38,0.2
-2.01,-51.95,0.25,0.25,0.38,0.2
-2.25,-52.21,0.25,0.25,0.38,0.2
-2.16,-52.7,0.25,0.25,0.37,0.19
-1.99,-53.13,0.24,0.25,0.37,0.19
-2.13,-53.74,0.24,0.24,0.37,0.19
-1.96,-54.07,0.24,0.24,0.37,0.18
-1.98,-54.32,0.24,0.24,0.37,0.18
-2.1,-54.8,0.23,0.24,0.37,0.17
-2.11,-55.18,0.23,0.24,0.37,0.17
-2.16,-55.46,0.23,0.23,0.37,0.17
-2.42,-56.02,0.23,0.23,0.37,0.16
-2.43,-56.17,0.22,0.23,0.36,0.16
-2.34,-57.02,0.22,0.23,0.36,0.15
-2.26,-57.24,0.22,0.23,0.36,0.15
-2.04,-57.52,0.22,0.22,0.36,0.15
-2.14,-58.24,0.22,0.22,0.36,0.15
-2.16,-58.14,0.21,0.22,0.36,0.14
-2.18,-58.69,0.21,0.22,0.35,0.13
-2.06,-59.23,0.21,0.21,0.35,0.13
-2.1,-59.71,0.21,0.21,0.35,0.13
-2.3,-60.15,0.2,0.21,0.35,0.12
-2.29,-61,0.2,0.21,0.35,0.12
-2.15,-61.65,0.2,0.2,0.34,0.11
-2.14,-61.48,0.19,0.2,0.34,0.11
-2.29,-62.48,0.19,0.2,0.34,0.11
-2.19,-62.46,0.19,0.2,0.34,0.1
-2.47,-62.57,0.19,0.2,0.34,0.1
-2.26,-62.87,0.19,0.2,0.34,0.1
-2.49,-63.04,0.19,0.19,0.34,0.1
-2.42,-63.29,0.18,0.19,0.33,0.09
-2.27,-63.7,0.18,0.19,0.33,0.09
-2.39,-63.99,0.18,0.19,0.33,0.09
-2.3,-64.29,0.18,0.19,0.33,0.09
-2.28,-64.63,0.18,0.19,0.33,0.08
-2.21,-64.61,0.18,0.18,0.33,0.08
-2.3,-64.94,0.17,0.18,0.33,0.08
-2.45,-65.34,0.17,0.18,0.32,0.07
-2.49,-65.97,0.17,0.18,0.32,0.07
-2.43,-66.25,0.17,0.18,0.32,0.07
-2.43,-66.27,0.17,0.17,0.32,0.07
-2.3,-66.66,0.16,0.17,0.32,0.06
-2.46,-67.3,0.16,0.17,0.31,0.06
-2.54,-67.52,0.16,0.16,0.31,0.05
-2.23,-68.37,0.15,0.16,0.31,0.05
-2.6,-69.14,0.15,0.15,0.31,0.05
-2.46,-69.17,0.15,0.15,0.3,0.04
-2.21,-69.76,0.15,0.15,0.3,0.04
-2.82,-69.6,0.14,0.15,0.3,0.04
-2.44,-70.22,0.14,0.14,0.3,0.04
-2.56,-70.58,0.14,0.14,0.3,0.03
-2.6,-71.05,0.13,0.13,0.29,0.03
-2.62,-71.78,0.13,0.13,0.29,0.03
-2.39,-71.89,0.13,0.13,0.29,0.03
-2.53,-72.75,0.12,0.12,0.29,0.03
-2.28,-72.93,0.12,0.12,0.28,0.02
-2.39,-72.87,0.12,0.12,0.28,0.02
-2.48,-73.17,0.12,0.12,0.28,0.02
-2.37,-73.57,0.12,0.11,0.28,0.02
-2.71,-73.75,0.12,0.11,0.28,0.02
-2.69,-74.62,0.11,0.11,0.27,0.02
-2.69,-74.25,0.11,0.11,0.27,0.02
-2.8,-74.13,0.11,0.11,0.27,0.02
-2.52,-74.13,0.11,0.1,0.27,0.02
-2.62,-75.3,0.1,0.1,0.26,0.02
-2.44,-75.29,0.1,0.1,0.26,0.02
-2.37,-76.45,0.1,0.1,0.26,0.02
-2.48,-76.52,0.1,0.09,0.26,0.02
-2.51,-76.75,0.1,0.09,0.26,0.02
-2.49,-76.16,0.1,0.09,0.26,0.02
-2.48,-76.47,0.1,0.09,0.26,0.02
-2.42,-76.24,0.1,0.09,0.26,0.02
-2.5,-74.88,0.11,0.1,0.27,0.02
-2.51,-75.37,0.11,0.11,0.27,0.02
-2.3,-74.5,0.11,0.11,0.27,0.02
-2.49,-73.81,0.12,0.12,0.28,0.02
-2.37,-73.46,0.12,0.12,0.28,0.02
-2.28,-73.01,0.13,0.13,0.29,0.03
-2.49,-71.76,0.13,0.13,0.29,0.03
-2.34,-71.51,0.13,0.14,0.3,0.03
-2.29,-70.58,0.14,0.14,0.3,0.04
-2.23,-69.71,0.15,0.15,0.3,0.04
-2.45,-69.4,0.15,0.15,0.31,0.05
-2.54,-68.82,0.16,0.16,0.31,0.05
-2.32,-67.68,0.16,0.16,0.31,0.06
-2.28,-67.44,0.16,0.17,0.32,0.06
-2.49,-66.73,0.16,0.17,0.32,0.06
-2.39,-66.95,0.17,0.17,0.32,0.07
-2.26,-66.18,0.17,0.18,0.32,0.07
-2.23,-65.22,0.18,0.18,0.33,0.08
-2.31,-64.75,0.18,0.19,0.33,0.09
-2.29,-64.02,0.18,0.19,0.33,0.09
-2.3,-63.93,0.18,0.19,0.33,0.09
-2.18,-63.02,0.19,0.2,0.34,0.1
-2.16,-62.68,0.19,0.2,0.34,0.1
-2.15,-62.43,0.19,0.2,0.34,0.11
-2.13,-61.27,0.2,0.21,0.34,0.12
-2.05,-61.16,0.2,0.21,0.35,0.12
-2.13,-60.32,0.21,0.21,0.35,0.13
-2.18,-59.79,0.21,0.21,0.35,0.13
-2.23,-59.5,0.21,0.22,0.35,0.13
-2.22,-59.15,0.21,0.22,0.36,0.14
-2.18,-58.57,0.22,0.22,0.36,0.14
-2.24,-57.98,0.22,0.23,0.36,0.15
-2.28,-57.35,0.22,0.23,0.36,0.16
-2.04,-56.61,0.23,0.23,0.37,0.16
-2.1,-55.99,0.23,0.24,0.37,0.17
-2.08,-55.19,0.23,0.24,0.37,0.17
-2.18,-54.6,0.24,0.24,0.37,0.18
-2.12,-54.12,0.24,0.24,0.37,0.18
-2.05,-53.68,0.24,0.25,0.37,0.19
-2.02,-53.02,0.25,0.25,0.37,0.19
-2.03,-52.5,0.25,0.25,0.38,0.2
-2.1,-51.78,0.26,0.26,0.38,0.21
-1.99,-50.83,0.26,0.26,0.38,0.21
-2.06,-50.45,0.26,0.26,0.38,0.22
-1.82,-50.12,0.26,0.26,0.38,0.22
-1.82,-49.74,0.26,0.26,0.38,0.22
-1.99,-49.36,0.27,0.26,0.38,0.23
-1.93,-48.74,0.27,0.27,0.39,0.23
-1.73,-47.57,0.27,0.27,0.39,0.24
-2.07,-46.91,0.28,0.27,0.39,0.25
-1.81,-46.43,0.28,0.28,0.39,0.26
-1.9,-45.35,0.28,0.28,0.39,0.26
-1.86,-44.54,0.29,0.28,0.39,0.27
-1.82,-43.75,0.3,0.29,0.39,0.28
-1.81,-42.46,0.3,0.29,0.39,0.28
-1.48,-41.91,0.31,0.29,0.4,0.29
-1.69,-40.67,0.31,0.3,0.4,0.3
-1.54,-40.03,0.31,0.3,0.4,0.3
-1.66,-39.51,0.32,0.3,0.4,0.3
-1.39,-38.99,0.32,0.31,0.4,0.31
-1.66,-38.39,0.32,0.31,0.4,0.31
-1.69,-38.34,0.32,0.31,0.4,0.31
-1.73,-37.62,0.32,0.31,0.4,0.31
-1.58,-37.35,0.32,0.31,0.4,0.31
-1.61,-36.85,0.33,0.31,0.4,0.32
-1.39,-36.6,0.33,0.31,0.4,0.32
-1.89,-36.28,0.33,0.32,0.4,0.32
-1.63,-36.06,0.33,0.32,0.4,0.32
-1.63,-35.7,0.33,0.32,0.4,0.32
-1.5,-35.46,0.33,0.32,0.4,0.32
-1.56,-35.03,0.33,0.32,0.4,0.32
-1.53,-34.7,0.34,0.32,0.4,0.32
-1.46,-34.34,0.34,0.32,0.41,0.33
-1.45,-33.78,0.34,0.33,0.41,0.33
-1.58,-33.42,0.34,0.33,0.41,0.33
-1.34,-32.74,0.34,0.33,0.41,0.33
-1.42,-32.09,0.35,0.33,0.41,0.33
-1.45,-31.4,0.35,0.33,0.41,0.34
-1.39,-31.02,0.35,0.34,0.41,0.34
-1.41,-30.5,0.35,0.34,0.41,0.34
-1.32,-29.79,0.35,0.34,0.41,0.34
-1.39,-29.47,0.36,0.34,0.41,0.35
-1.19,-28.69,0.36,0.34,0.41,0.35
-1.3,-28.34,0.36,0.34,0.41,0.35
-1.45,-27.62,0.36,0.35,0.41,0.36
-1.4,-26.81,0.36,0.35,0.41,0.36
-1.47,-26.13,0.36,0.35,0.41,0.37
-1.33,-25.93,0.37,0.35,0.41,0.37
-1.23,-25.37,0.37,0.35,0.41,0.37
-1.5,-25.26,0.37,0.35,0.41,0.37
-1.35,-25.26,0.37,0.35,0.41,0.37
-1.21,-25.26,0.37,0.35,0.41,0.37
-1.15,-24.97,0.37,0.35,0.41,0.38
-1.18,-24.57,0.37,0.35,0.41,0.38
-1.4,-24.49,0.37,0.35,0.41,0.38
-1.36,-24.13,0.37,0.35,0.41,0.38
-1.23,-23.59,0.37,0.35,0.41,0.38
-1.17,-23.37,0.37,0.35,0.41,0.38
-1.23,-22.96,0.37,0.36,0.41,0.39
-1.23,-22.4,0.37,0.36,0.41,0.39
-1.13,-21.98,0.37,0.36,0.41,0.39
-1.05,-21.26,0.38,0.36,0.41,0.39
-1.2,-20.84,0.38,0.36,0.41,0.39
-1.2,-20.29,0.38,0.36,0.41,0.39
-1.12,-19.9,0.38,0.36,0.41,0.39
-1.19,-19.05,0.38,0.36,0.41,0.4
-1.13,-18.42,0.38,0.36,0.41,0.4
-1.07,-17.96,0.38,0.37,0.41,0.4
-0.95,-17.43,0.38,0.37,0.41,0.4
-1.07,-17.17,0.38,0.37,0.41,0.4
-1.14,-16.71,0.38,0.37,0.41,0.4
-1.07,-16.41,0.38,0.37,0.41,0.4
-0.83,-15.43,0.38,0.37,0.41,0.4
-1.07,-14.94,0.38,0.37,0.41,0.4
-0.92,-14.2,0.38,0.37,0.41,0.41
-0.91,-13.92,0.39,0.37,0.41,0.41
-0.96,-13.57,0.39,0.37,0.41,0.41
-0.89,-13.15,0.39,0.37,0.41,0.41
-0.88,-12.75,0.39,0.37,0.41,0.41
-0.69,-11.9,0.39,0.37,0.41,0.41
-0.55,-10.72,0.39,0.37,0.41,0.41
-0.76,-10.03,0.39,0.37,0.41,0.41
-0.77,-9.44,0.39,0.37,0.41,0.41
-0.77,-8.8,0.39,0.37,0.41,0.41
-0.59,-8.25,0.39,0.37,0.41,0.41
-0.67,-7.72,0.39,0.37,0.41,0.41
-0.5,-7.09,0.39,0.37,0.41,0.41
-0.66,-6.47,0.39,0.37,0.41,0.41
-0.5,-5.8,0.39,0.37,0.41,0.41
-0.67,-5.26,0.39,0.37,0.41,0.41
-0.64,-4.8,0.39,0.37,0.41,0.41
-0.54,-4.7,0.39,0.38,0.41,0.41
-0.86,-4.29,0.39,0.38,0.41,0.41
-0.49,-4.11,0.39,0.38,0.41,0.41
-0.66,-3.67,0.39,0.38,0.41,0.41
-0.6,-3.05,0.39,0.38,0.4,0.41
-0.37,-2.01,0.39,0.38,0.4,0.41
-0.35,-1.21,0.39,0.38,0.4,0.41
-0.31,-0.26,0.39,0.38,0.4,0.41
-0.43,0.77,0.39,0.38,0.4,0.41
-0.48,1.61,0.39,0.38,0.4,0.41
-0.32,2.32,0.39,0.38,0.4,0.41
-0.29,3.21,0.39,0.38,0.4,0.41
-0.35,4.06,0.39,0.38,0.4,0.41
-0.36,4.4,0.39,0.38,0.39,0.41
-0.33,5.24,0.39,0.38,0.39,0.42
-0.33,5.47,0.39,0.38,0.39,0.42
-0.35,6.49,0.39,0.38,0.39,0.42
-0.15,7,0.39,0.38,0.39,0.42
-0.35,7.63,0.39,0.38,0.39,0.42
-0.42,8.33,0.39,0.38,0.39,0.42
-0.49,9.41,0.39,0.37,0.39,0.42
0.01,10.22,0.39,0.37,0.38,0.42
0.02,10.78,0.39,0.37,0.38,0.42
-0.04,11.35,0.39,0.37,0.38,0.42
0.03,11.92,0.39,0.37,0.38,0.42
-0.04,12.66,0.39,0.37,0.38,0.42
-0.04,13.26,0.38,0.37,0.38,0.42
-0.17,13.51,0.38,0.37,0.38,0.42
-0.28,13.89,0.38,0.37,0.38,0.42
0.16,14.33,0.38,0.37,0.37,0.42
0.11,14.89,0.38,0.37,0.37,0.42
0.11,15.04,0.38,0.37,0.37,0.42
0.04,15.71,0.38,0.37,0.37,0.42
0.06,15.88,0.38,0.37,0.37,0.42
-0.03,16.05,0.38,0.37,0.37,0.42
-0.06,16.16,0.38,0.37,0.37,0.42
0.45,16.66,0.38,0.37,0.37,0.42
0.16,16.64,0.38,0.37,0.37,0.42
-0.14,16.72,0.38,0.37,0.37,0.42
0.1,17.04,0.38,0.37,0.37,0.42
-0.24,17.52,0.38,0.37,0.36,0.42
0.17,17.99,0.38,0.37,0.36,0.42
-0.02,18.03,0.38,0.36,0.36,0.42
0.06,18.3,0.38,0.36,0.36,0.42
0.01,18.35,0.38,0.36,0.36,0.42
0.11,18.29,0.38,0.36,0.36,0.42
0.12,19.31,0.37,0.36,0.36,0.42
-0.01,19.18,0.37,0.36,0.36,0.42
0.06,19.94,0.37,0.36,0.36,0.42
0.35,19.8,0.37,0.36,0.36,0.42
-0.21,20.06,0.37,0.36,0.36,0.42
0.12,20.05,0.37,0.36,0.36,0.42
0.17,20.75,0.37,0.36,0.35,0.42
-0.21,21.02,0.37,0.36,0.35,0.42
-0.06,21.73,0.37,0.36,0.35,0.42
0.18,22.08,0.37,0.36,0.35,0.42
0.23,22.52,0.37,0.35,0.35,0.42
0.2,23.11,0.36,0.35,0.34,0.42
0.39,23.46,0.36,0.35,0.34,0.42
0.23,23.87,0.36,0.35,0.34,0.42
0.05,24.76,0.36,0.35,0.34,0.42
0.13,25.12,0.36,0.35,0.33,0.42
0.28,25.62,0.36,0.35,0.33,0.42
0.36,26.41,0.36,0.34,0.33,0.42
0.23,26.8,0.35,0.34,0.33,0.42
0.52,27.21,0.35,0.34,0.32,0.42
0.38,27.87,0.35,0.34,0.32,0.42
0.38,28.62,0.35,0.34,0.32,0.42
0.19,28.81,0.35,0.34,0.32,0.42
0.26,29.67,0.35,0.33,0.31,0.42
0.33,30.45,0.34,0.33,0.31,0.41
0.5,31.26,0.34,0.33,0.3,0.41
0.45,31.81,0.34,0.33,0.3,0.41
0.41,32.09,0.34,0.33,0.3,0.41
0.7,32.66,0.33,0.33,0.3,0.41
0.48,32.94,0.33,0.32,0.3,0.41
0.48,33.1,0.33,0.32,0.3,0.41
0.63,33.92,0.33,0.32,0.29,0.41
0.55,33.65,0.33,0.32,0.29,0.41
0.4,34.12,0.33,0.32,0.29,0.41
0.04,34.26,0.33,0.32,0.29,0.41
0.55,34.46,0.33,0.32,0.29,0.41
0.81,34.68,0.33,0.32,0.29,0.41
0.63,35.16,0.33,0.32,0.29,0.41
0.68,35.06,0.33,0.32,0.29,0.41
0.64,35.07,0.33,0.32,0.29,0.41
0.55,34.93,0.32,0.31,0.28,0.41
0.24,35.56,0.32,0.31,0.28,0.41
0.26,36.09,0.32,0.31,0.28,0.41
0.56,36.24,0.32,0.31,0.28,0.41
0.3,36.27,0.32,0.31,0.28,0.41
0.88,36.35,0.32,0.31,0.28,0.41
0.66,36.42,0.32,0.31,0.28,0.41
0.66,36.92,0.32,0.31,0.27,0.41
0.45,37.2,0.32,0.3,0.27,0.41
0.44,37.66,0.32,0.3,0.27,0.41
0.44,37.8,0.32,0.3,0.27,0.4
0.43,37.91,0.31,0.3,0.27,0.41
0.76,37.64,0.31,0.3,0.27,0.4
0.76,38.78,0.31,0.3,0.26,0.4
0.72,38.91,0.31,0.3,0.26,0.4
0.68,38.89,0.31,0.3,0.26,0.4
0.49,39.42,0.31,0.3,0.26,0.4
0.6,39.8,0.31,0.29,0.25,0.4
0.71,40.18,0.3,0.29,0.25,0.4
0.66,40.39,0.3,0.29,0.25,0.4
0.69,41.72,0.3,0.29,0.24,0.4
0.51,41.86,0.3,0.28,0.24,0.4
0.78,42.44,0.29,0.28,0.24,0.4
0.74,42.98,0.29,0.28,0.23,0.4
0.6,43.59,0.29,0.27,0.23,0.4
0.74,44.4,0.28,0.27,0.22,0.4
0.76,45.2,0.28,0.26,0.21,0.4
0.53,45.89,0.28,0.26,0.21,0.39
0.64,47.03,0.27,0.26,0.2,0.39
0.76,47.56,0.27,0.25,0.19,0.39
0.92,48.13,0.27,0.25,0.19,0.39
0.86,48.77,0.27,0.25,0.18,0.39
0.77,49,0.26,0.24,0.18,0.39
0.8,49.94,0.26,0.24,0.17,0.39
1.08,49.91,0.26,0.24,0.17,0.39
0.81,50.99,0.25,0.23,0.16,0.39
1.02,51.59,0.25,0.23,0.16,0.39
0.82,51.84,0.25,0.23,0.15,0.38
0.82,53.14,0.24,0.22,0.14,0.38
0.82,53.71,0.24,0.22,0.13,0.38
0.81,54.7,0.23,0.21,0.12,0.38
1,56.02,0.23,0.21,0.11,0.37
0.93,56.18,0.22,0.2,0.1,0.37
1.2,57.79,0.21,0.19,0.09,0.36
1.09,58.99,0.21,0.19,0.08,0.36
0.94,59.58,0.2,0.18,0.07,0.35
1.06,60.87,0.19,0.18,0.07,0.35
0.87,61.05,0.19,0.17,0.06,0.34
1.04,62.09,0.18,0.17,0.06,0.34
0.9,62.82,0.18,0.16,0.05,0.34
0.98,63.29,0.17,0.16,0.05,0.33
1.16,63.69,0.17,0.16,0.04,0.33
1.11,64.52,0.16,0.15,0.04,0.33
1.16,65.33,0.16,0.15,0.03,0.32
1.09,66.06,0.15,0.15,0.03,0.32
1.08,66.56,0.15,0.14,0.03,0.31
0.87,67.51,0.14,0.14,0.02,0.31
1.02,68.37,0.14,0.13,0.02,0.3
0.99,68.89,0.13,0.13,0.02,0.3
0.95,69.07,0.13,0.13,0.02,0.3
1.09,70.24,0.12,0.12,0.02,0.29
1.13,70.95,0.12,0.12,0.02,0.28
0.93,71.26,0.11,0.11,0.02,0.28
0.91,71.83,0.11,0.11,0.02,0.28
1.11,71.86,0.1,0.11,0.01,0.27
1.14,72.31,0.1,0.11,0.01,0.27
1.33,72.31,0.1,0.11,0.01,0.27
1.12,72.57,0.1,0.1,0.01,0.27
1.22,73.37,0.09,0.1,0.01,0.26
1.04,73.77,0.09,0.1,0.01,0.26
1.03,73.67,0.09,0.09,0.01,0.25
1.1,74.48,0.08,0.09,0.01,0.25
1.05,73.95,0.08,0.09,0.01,0.25
1.04,74.67,0.08,0.09,0.01,0.25
1.04,74.82,0.08,0.09,0.01,0.25
0.89,75.12,0.08,0.09,0.01,0.25
0.87,74.26,0.09,0.09,0.01,0.26
0.86,73.97,0.09,0.1,0.01,0.26
0.89,72.85,0.09,0.1,0.01,0.26
0.98,73.04,0.1,0.11,0.01,0.27
1.08,71.57,0.11,0.11,0.02,0.28
1.03,72.06,0.11,0.12,0.02,0.28
1.06,70.32,0.12,0.12,0.02,0.29
1.33,70.41,0.12,0.12,0.02,0.29
1.31,69.98,0.13,0.13,0.02,0.29
1.1,68.85,0.13,0.13,0.02,0.3
1.08,68.52,0.14,0.13,0.02,0.3
0.92,67.86,0.14,0.14,0.02,0.31
1.12,66.83,0.15,0.14,0.03,0.31
1.17,66.39,0.16,0.15,0.03,0.32
0.96,65.47,0.16,0.15,0.04,0.32
1.05,64.38,0.17,0.16,0.04,0.33
1.05,64.22,0.17,0.16,0.05,0.33
1.2,63.44,0.18,0.16,0.05,0.34
1.05,62.55,0.18,0.17,0.06,0.34
1.15,62.05,0.19,0.17,0.06,0.35
0.9,60.95,0.2,0.18,0.07,0.35
0.79,59.79,0.21,0.18,0.08,0.36
0.77,59.43,0.21,0.19,0.09,0.36
0.82,57.78,0.22,0.19,0.1,0.37
0.77,57.46,0.22,0.2,0.1,0.37
0.66,56.69,0.23,0.2,0.11,0.37
0.82,56.21,0.23,0.21,0.11,0.37
0.93,55.65,0.23,0.21,0.12,0.38
0.75,55.08,0.24,0.21,0.13,0.38
0.81,54.24,0.24,0.22,0.13,0.38
0.7,53.76,0.24,0.22,0.14,0.39
0.78,52.71,0.25,0.23,0.15,0.39
0.85,52.43,0.25,0.23,0.15,0.39
0.86,51.58,0.25,0.23,0.16,0.39
0.74,50.4,0.26,0.24,0.17,0.4
0.84,50.34,0.26,0.24,0.17,0.4
0.74,49.37,0.27,0.25,0.18,0.4
0.63,48.71,0.27,0.25,0.19,0.4
0.68,48.06,0.27,0.25,0.19,0.4
0.68,47.33,0.27,0.26,0.2,0.41
0.66,46.77,0.28,0.26,0.2,0.41
0.63,46.29,0.28,0.26,0.21,0.41
0.49,46.06,0.28,0.26,0.21,0.41
0.54,45.74,0.28,0.26,0.21,0.41
0.74,44.97,0.28,0.27,0.22,0.41
0.42,44.59,0.29,0.27,0.22,0.41
0.48,43.71,0.29,0.27,0.23,0.41
0.59,43.26,0.29,0.28,0.23,0.41
0.64,42.75,0.3,0.28,0.23,0.41
0.23,42.2,0.3,0.28,0.24,0.41
0.56,41.55,0.3,0.28,0.24,0.41
0.57,40.87,0.3,0.29,0.25,0.41
0.65,40.04,0.31,0.29,0.25,0.41
0.74,39.59,0.31,0.29,0.26,0.41
0.58,39,0.31,0.3,0.26,0.41
0.41,38.44,0.31,0.3,0.27,0.42
0.6,37.77,0.31,0.3,0.27,0.41
0.5,37.28,0.32,0.3,0.27,0.42
0.36,36.94,0.32,0.31,0.28,0.42
0.44,36.37,0.32,0.31,0.28,0.42
0.65,35.81,0.32,0.31,0.28,0.42
0.55,35.33,0.33,0.31,0.28,0.42
0.5,35,0.33,0.32,0.29,0.41
0.41,34.02,0.33,0.32,0.29,0.41
0.31,33.7,0.33,0.32,0.29,0.41
0.49,33.22,0.33,0.32,0.3,0.41
0.33,32.69,0.33,0.32,0.3,0.41
0.43,32.31,0.34,0.33,0.3,0.41
0.41,31.96,0.34,0.33,0.3,0.41
0.4,31.34,0.34,0.33,0.31,0.42
0.49,31.3,0.34,0.33,0.31,0.41
0.44,30.68,0.34,0.33,0.31,0.41
0.33,30.18,0.34,0.33,0.31,0.41
0.12,30.26,0.34,0.33,0.31,0.41
0.2,29.87,0.34,0.33,0.31,0.41
0.45,29.62,0.34,0.34,0.31,0.41
0.44,29.4,0.35,0.34,0.32,0.41
0.47,29.25,0.35,0.34,0.32,0.42
0.42,29.22,0.35,0.34,0.32,0.41
0.39,28.85,0.35,0.34,0.32,0.42
0.29,28.43,0.35,0.34,0.32,0.42
0.24,28.26,0.35,0.34,0.32,0.42
0.2,27.88,0.35,0.34,0.32,0.42
0.21,27.26,0.35,0.34,0.33,0.42
0.13,26.98,0.35,0.34,0.33,0.42
0.09,26.57,0.36,0.34,0.33,0.42
0.22,26.33,0.36,0.35,0.33,0.42
0.33,25.79,0.36,0.35,0.33,0.42
0.08,25.47,0.36,0.35,0.34,0.42
0.01,24.86,0.36,0.35,0.34,0.42
0.16,24.35,0.36,0.35,0.34,0.42
0.16,24.01,0.36,0.35,0.34,0.42
0.11,23.65,0.36,0.35,0.35,0.42
0.05,23,0.36,0.35,0.35,0.42
-0.01,22.17,0.37,0.35,0.35,0.42
0.1,22.17,0.37,0.36,0.35,0.42
0.03,21.52,0.37,0.36,0.35,0.42
0.1,20.82,0.37,0.36,0.36,0.42
0.15,20.68,0.37,0.36,0.36,0.42
0.18,20.38,0.37,0.36,0.36,0.42
0.17,20.24,0.37,0.36,0.36,0.42
0.23,19.72,0.37,0.36,0.36,0.42
0.13,19.67,0.37,0.36,0.36,0.42
0.01,19.72,0.37,0.36,0.36,0.42
0.1,19.75,0.37,0.36,0.36,0.42
0.11,19.78,0.37,0.36,0.36,0.42
0.12,19.41,0.37,0.36,0.36,0.42
0.59,19.35,0.37,0.36,0.36,0.42
0.28,19.46,0.37,0.36,0.36,0.42
0.23,18.72,0.38,0.36,0.36,0.42
0.08,18.05,0.38,0.37,0.37,0.42
-0.04,17.12,0.38,0.37,0.37,0.42
0.06,16.76,0.38,0.37,0.37,0.42
0.16,16.16,0.38,0.37,0.37,0.42
-0.05,15.51,0.38,0.37,0.37,0.42
-0.11,15.22,0.38,0.37,0.37,0.42
-0.11,14.58,0.38,0.37,0.38,0.42
0.02,14.14,0.38,0.37,0.38,0.42
0.24,13.69,0.38,0.37,0.38,0.42
-0.12,12.97,0.38,0.37,0.38,0.42
-0.09,12.53,0.38,0.37,0.38,0.42
-0.21,12.1,0.38,0.37,0.38,0.42
-0.02,11.85,0.38,0.37,0.38,0.42
-0.11,11.64,0.38,0.37,0.38,0.42
-0.29,11.24,0.38,0.37,0.38,0.42
-0.17,10.94,0.39,0.37,0.38,0.42
-0.04,10.08,0.39,0.37,0.39,0.42
-0.2,9.46,0.39,0.37,0.39,0.42
-0.03,9.05,0.39,0.37,0.39,0.42
-0.06,8.44,0.39,0.38,0.39,0.42
-0.13,8.05,0.39,0.37,0.39,0.42
-0.21,7.89,0.39,0.37,0.39,0.42
-0.46,7.61,0.39,0.38,0.39,0.42
-0.12,7.57,0.39,0.38,0.39,0.42
-0.31,6.79,0.39,0.38,0.39,0.42
-0.61,6.6,0.39,0.38,0.39,0.42
-0.41,6.11,0.39,0.38,0.39,0.42
-0.41,5.66,0.39,0.38,0.39,0.42
-0.24,5.45,0.39,0.38,0.39,0.42
-0.31,5.05,0.39,0.38,0.39,0.42
-0.31,4.76,0.39,0.38,0.4,0.42
-0.36,4.35,0.39,0.38,0.4,0.42
-0.5,3.95,0.39,0.38,0.4,0.42
-0.71,3.03,0.39,0.38,0.4,0.42
-0.49,2.72,0.39,0.38,0.4,0.42
-0.55,2.22,0.39,0.38,0.4,0.42
-0.56,1.82,0.39,0.38,0.4,0.42
0.06,0.98,0.39,0.38,0.4,0.42
-0.42,0.72,0.39,0.38,0.4,0.42
-0.44,0.05,0.39,0.38,0.4,0.42
-0.42,-0.59,0.39,0.38,0.4,0.42
-0.34,-1.21,0.39,0.38,0.4,0.42
-0.43,-1.64,0.39,0.38,0.4,0.42
-0.42,-2.11,0.39,0.38,0.4,0.42
-0.61,-2.64,0.39,0.38,0.4,0.42
-0.61,-3.54,0.39,0.38,0.4,0.42
-0.79,-4.38,0.39,0.38,0.4,0.42
-0.75,-5.01,0.39,0.38,0.4,0.42
-0.85,-5.99,0.39,0.38,0.4,0.42
-0.9,-6.29,0.39,0.38,0.4,0.42
-0.73,-6.68,0.39,0.38,0.41,0.42
-0.65,-6.94,0.39,0.38,0.41,0.42
-0.68,-7.12,0.39,0.38,0.41,0.42
-0.78,-7.75,0.39,0.38,0.41,0.42
-0.94,-8.25,0.39,0.38,0.41,0.42
-0.7,-8.42,0.39,0.38,0.41,0.42
-0.62,-9,0.39,0.38,0.41,0.42
-0.59,-9.53,0.39,0.37,0.41,0.41
-0.69,-10.2,0.39,0.37,0.41,0.41
-1,-10.77,0.39,0.37,0.41,0.41
-0.86,-11.28,0.39,0.37,0.41,0.41
-0.68,-11.59,0.39,0.37,0.41,0.42
-0.67,-11.84,0.39,0.37,0.41,0.41
-0.73,-12.58,0.39,0.37,0.41,0.41
-0.8,-12.99,0.39,0.37,0.41,0.41
-0.92,-13.57,0.39,0.37,0.41,0.41
-0.86,-14.3,0.39,0.37,0.41,0.41
-1.02,-14.76,0.39,0.37,0.41,0.41
-0.91,-15.42,0.38,0.37,0.41,0.41
-0.91,-16.17,0.38,0.37,0.41,0.41
-1.15,-17.15,0.38,0.36,0.41,0.41
-1.03,-18.29,0.38,0.36,0.41,0.4
-0.98,-18.48,0.38,0.36,0.41,0.4
-1.15,-19.45,0.38,0.36,0.41,0.4
-0.79,-19.91,0.38,0.36,0.41,0.4
-0.75,-20.73,0.38,0.36,0.41,0.39
-1.23,-21.66,0.38,0.36,0.41,0.39
-1.09,-22.34,0.37,0.35,0.41,0.39
-1.21,-23,0.37,0.35,0.41,0.38
-0.93,-23.59,0.37,0.35,0.41,0.38
-1.08,-24.67,0.37,0.35,0.41,0.37
-1.13,-25.14,0.37,0.35,0.41,0.37
-1.36,-25.49,0.37,0.35,0.41,0.37
-1.2,-25.62,0.37,0.35,0.41,0.37
-1.26,-26.1,0.37,0.35,0.41,0.37
-1.15,-26.37,0.37,0.35,0.41,0.36
-1.17,-27.12,0.36,0.34,0.41,0.36
-1.46,-27.78,0.36,0.34,0.41,0.35
-1.45,-28.76,0.36,0.34,0.41,0.35
-1.41,-29.17,0.36,0.34,0.41,0.35
-1.38,-29.94,0.35,0.34,0.41,0.35
-1.34,-30.47,0.35,0.33,0.41,0.34
-1.5,-31.11,0.35,0.33,0.41,0.34
-1.62,-31.6,0.35,0.33,0.41,0.34
-1.47,-32.44,0.34,0.33,0.41,0.33
-1.55,-33.1,0.34,0.33,0.4,0.33
-1.25,-33.82,0.34,0.32,0.4,0.33
-1.55,-34.37,0.34,0.32,0.4,0.33
-1.59,-34.86,0.34,0.32,0.4,0.33
-1.6,-35.1,0.33,0.32,0.4,0.33
-1.49,-35.6,0.33,0.32,0.4,0.32
-1.46,-35.64,0.33,0.32,0.4,0.32
-1.53,-35.92,0.33,0.32,0.4,0.32
-1.76,-36.19,0.33,0.32,0.4,0.32
-1.5,-36.29,0.33,0.31,0.4,0.32
-1.48,-37.01,0.32,0.31,0.4,0.31
-1.31,-37.4,0.32,0.31,0.4,0.31
-1.49,-37.54,0.32,0.31,0.4,0.31
-1.63,-37.83,0.32,0.31,0.4,0.31
-1.86,-38.33,0.32,0.31,0.4,0.31
-1.57,-38.54,0.32,0.31,0.4,0.3
-1.68,-39.15,0.31,0.31,0.4,0.3
-1.68,-39.6,0.31,0.3,0.4,0.3
-1.52,-40,0.31,0.3,0.4,0.29
-1.9,-40.48,0.31,0.3,0.39,0.29
-1.93,-40.91,0.31,0.3,0.39,0.29
-1.72,-41.2,0.3,0.3,0.39,0.29
-1.62,-41.66,0.3,0.29,0.39,0.28
-1.73,-41.97,0.3,0.29,0.39,0.28
-1.78,-42.22,0.3,0.29,0.39,0.28
-1.67,-42.96,0.3,0.29,0.39,0.27
-1.99,-43.19,0.29,0.29,0.39,0.27
-1.88,-43.72,0.29,0.29,0.39,0.27
-1.82,-43.91,0.29,0.28,0.39,0.26
-1.74,-44.38,0.29,0.28,0.39,0.26
-1.75,-44.8,0.29,0.28,0.39,0.26
-1.72,-45.33,0.28,0.28,0.39,0.25
-1.86,-45.91,0.28,0.28,0.39,0.25
-1.97,-46.27,0.28,0.28,0.39,0.24
-2.04,-46.92,0.27,0.27,0.39,0.24
-1.91,-47.35,0.27,0.27,0.39,0.24
-1.95,-48.02,0.27,0.27,0.38,0.23
-2,-48.81,0.27,0.26,0.38,0.22
-2,-49.67,0.26,0.26,0.38,0.22
-1.91,-50.45,0.26,0.26,0.38,0.21
-1.86,-50.96,0.25,0.26,0.38,0.2
-1.89,-51.99,0.25,0.25,0.38,0.2
-2.04,-52.37,0.24,0.25,0.37,0.19
-2.04,-53.36,0.24,0.25,0.37,0.18
-2.17,-53.77,0.24,0.24,0.37,0.18
-1.95,-54.79,0.23,0.24,0.37,0.17
-2.07,-54.91,0.23,0.24,0.37,0.17
-1.95,-55.72,0.23,0.23,0.36,0.16
-2.07,-56.35,0.22,0.23,0.36,0.16
-2.12,-57.44,0.22,0.23,0.36,0.15
-2.24,-58.05,0.21,0.22,0.36,0.14
-2.15,-59.1,0.21,0.22,0.35,0.13
-2.25,-59.31,0.2,0.21,0.35,0.12
-2.1,-60.54,0.2,0.21,0.35,0.12
-2.38,-61.13,0.19,0.2,0.34,0.11
-2.41,-61.71,0.19,0.2,0.34,0.1
-2.23,-62.65,0.19,0.2,0.34,0.1
-2.21,-63.42,0.18,0.19,0.33,0.09
-2.48,-63.94,0.18,0.19,0.33,0.09
-2.49,-64.42,0.18,0.18,0.33,0.08
-2.31,-65.1,0.17,0.18,0.32,0.08
-2.36,-65.68,0.17,0.18,0.32,0.07
-2.4,-65.85,0.17,0.17,0.32,0.07
-2.39,-67.13,0.16,0.17,0.32,0.06
-2.44,-66.64,0.16,0.17,0.31,0.06
-2.53,-67.44,0.16,0.17,0.31,0.06
-2.59,-67.78,0.15,0.16,0.31,0.05
-2.58,-68.58,0.15,0.16,0.31,0.05
-2.48,-68.54,0.15,0.16,0.31,0.05
-2.3,-69,0.15,0.15,0.3,0.05
-2.55,-69.56,0.15,0.15,0.3,0.04
-2.38,-69.54,0.14,0.15,0.3,0.04
-2.59,-70.33,0.14,0.14,0.3,0.04
-2.48,-70.66,0.14,0.14,0.29,0.03
-2.42,-70.8,0.14,0.14,0.29,0.03
-2.55,-71.53,0.13,0.14,0.29,0.03
-2.63,-71.25,0.13,0.14,0.29,0.03
-2.39,-71.16,0.13,0.13,0.29,0.03
-2.48,-71.8,0.13,0.13,0.29,0.03
-2.54,-71.34,0.13,0.13,0.29,0.03
-2.54,-71.91,0.13,0.13,0.29,0.03
-2.72,-71.92,0.13,0.13,0.29,0.03
-2.57,-71.97,0.13,0.13,0.29,0.03
-2.42,-72.05,0.13,0.13,0.29,0.03
-2.34,-72.55,0.13,0.13,0.28,0.03
-2.44,-72.62,0.12,0.12,0.28,0.03
-2.55,-72.67,0.12,0.12,0.28,0.03
-2.55,-72.59,0.12,0.13,0.28,0.03
-2.56,-72.84,0.13,0.13,0.28,0.03
-2.46,-72.32,0.13,0.13,0.29,0.03
-2.38,-72.31,0.13,0.13,0.29,0.03
-2.37,-71.72,0.13,0.13,0.29,0.03
-2.4,-71.28,0.14,0.14,0.29,0.03
-2.31,-70.66,0.14,0.14,0.29,0.03
-2.39,-70.19,0.14,0.15,0.3,0.04
-2.26,-69.84,0.15,0.15,0.3,0.04
-2.35,-69.04,0.15,0.16,0.31,0.05
-2.38,-67.76,0.16,0.16,0.31,0.05
-2.22,-67.5,0.16,0.17,0.31,0.06
-2.16,-66.7,0.16,0.17,0.32,0.07
-2.29,-65.7,0.17,0.18,0.32,0.07
-2.15,-65.82,0.17,0.18,0.33,0.08
-2.15,-64.36,0.18,0.19,0.33,0.09
-2.29,-63.71,0.18,0.19,0.33,0.09
-2.1,-62.89,0.19,0.2,0.34,0.1
-2.21,-61.77,0.2,0.21,0.34,0.11
-2.06,-61.18,0.2,0.21,0.35,0.12
-2.31,-60.42,0.21,0.21,0.35,0.13
-2.19,-59.45,0.21,0.22,0.35,0.14
-2.06,-58.69,0.22,0.22,0.36,0.14
-2.1,-57.43,0.22,0.23,0.36,0.15
-2,-56.42,0.22,0.23,0.36,0.16
-1.97,-56.32,0.23,0.24,0.37,0.17
-2.09,-55.61,0.23,0.24,0.37,0.17
-1.99,-54.43,0.24,0.24,0.37,0.18
-2.13,-53.69,0.24,0.25,0.37,0.19
-1.89,-52.87,0.25,0.25,0.38,0.2
-1.91,-51.35,0.25,0.26,0.38,0.21
-2.07,-50.72,0.26,0.26,0.38,0.21
-1.83,-50.36,0.26,0.26,0.38,0.22
-1.86,-49.08,0.27,0.27,0.39,0.23
-1.89,-48.17,0.27,0.27,0.39,0.24
-1.96,-47.28,0.28,0.27,0.39,0.25
-1.93,-46.16,0.28,0.28,0.39,0.25
-1.88,-45.42,0.29,0.28,0.39,0.26
-1.79,-44.37,0.29,0.28,0.39,0.27
-1.78,-43.89,0.3,0.29,0.39,0.27
-1.81,-42.82,0.3,0.29,0.39,0.28
-1.76,-41.79,0.31,0.3,0.4,0.29
-1.85,-40.96,0.31,0.3,0.4,0.29
-1.64,-40.22,0.31,0.3,0.4,0.3
-1.67,-39.13,0.32,0.3,0.4,0.3
-1.59,-38.51,0.32,0.31,0.4,0.3
-1.62,-37.7,0.32,0.31,0.4,0.31
-1.62,-36.58,0.33,0.32,0.4,0.31
-1.71,-36.15,0.33,0.32,0.4,0.31
-1.69,-35.79,0.33,0.32,0.4,0.32
-1.59,-35.31,0.33,0.32,0.4,0.32
-1.65,-35.05,0.33,0.32,0.4,0.32
-1.51,-34.55,0.34,0.32,0.41,0.32
-1.62,-33.8,0.34,0.33,0.41,0.32
-1.68,-33.27,0.34,0.33,0.41,0.33
-1.59,-32.67,0.34,0.33,0.41,0.33
-1.62,-31.8,0.35,0.33,0.41,0.33
-1.63,-31.34,0.35,0.33,0.41,0.33
-1.54,-31.43,0.35,0.33,0.41,0.34
-1.36,-30.9,0.35,0.34,0.41,0.34
-1.39,-30.37,0.35,0.34,0.41,0.34
-1.34,-30.09,0.35,0.34,0.41,0.34
-1.45,-29.54,0.36,0.34,0.41,0.35
-1.55,-28.18,0.36,0.34,0.41,0.35
-1.34,-27.66,0.36,0.35,0.41,0.36
-1.23,-27.32,0.36,0.35,0.41,0.36
-1.36,-26.36,0.36,0.35,0.41,0.36
-1.39,-26.25,0.36,0.35,0.41,0.36
-1.38,-26.06,0.36,0.35,0.41,0.37
-1.34,-25.94,0.37,0.35,0.41,0.37
-1.18,-25.4,0.37,0.35,0.41,0.37
-1.32,-25.31,0.37,0.35,0.41,0.37
-1.46,-25.25,0.37,0.35,0.41,0.37
-1.39,-25.14,0.37,0.35,0.41,0.37
-1.01,-24.67,0.37,0.35,0.41,0.38
-1.06,-24.78,0.37,0.35,0.41,0.38
-0.98,-24.79,0.37,0.35,0.41,0.38
-1.08,-24.49,0.37,0.35,0.41,0.38
-1.18,-24.22,0.37,0.35,0.41,0.38
-1.29,-23.39,0.37,0.35,0.41,0.38
-1.06,-23.27,0.37,0.36,0.41,0.38
-1.06,-22.51,0.37,0.36,0.41,0.39
-1.17,-22.01,0.37,0.36,0.41,0.39
-1.08,-21.37,0.37,0.36,0.41,0.39
-0.96,-20.91,0.38,0.36,0.41,0.39
-1.2,-20.32,0.38,0.36,0.41,0.39
-1.17,-19.72,0.38,0.36,0.41,0.4
-1.17,-19.05,0.38,0.36,0.41,0.4
-1.13,-18.67,0.38,0.36,0.41,0.4
-1.21,-18.18,0.38,0.36,0.41,0.4
-1.21,-17.64,0.38,0.37,0.41,0.4
-1.05,-16.96,0.38,0.37,0.41,0.4
-0.93,-16.76,0.38,0.37,0.41,0.4
-0.86,-16.51,0.38,0.37,0.41,0.4
-0.82,-16.27,0.38,0.37,0.41,0.4
-1.03,-15.69,0.38,0.37,0.41,0.4
-0.98,-15.37,0.38,0.37,0.41,0.4
-0.92,-15.04,0.38,0.37,0.41,0.4
-0.92,-14.74,0.38,0.37,0.41,0.4
-0.79,-14.08,0.39,0.37,0.41,0.41
-0.93,-13.63,0.39,0.37,0.41,0.41
-0.93,-13.49,0.39,0.37,0.41,0.41
-0.92,-12.81,0.39,0.37,0.41,0.41
-0.96,-12.18,0.39,0.37,0.41,0.41
-1.07,-11.33,0.39,0.37,0.41,0.41
-0.87,-10.41,0.39,0.37,0.41,0.41
-0.89,-9.81,0.39,0.37,0.41,0.41
-0.76,-9.06,0.39,0.37,0.41,0.41
-0.69,-8.15,0.39,0.37,0.41,0.41
-0.88,-7.66,0.39,0.37,0.41,0.41
-0.57,-6.96,0.39,0.37,0.41,0.41
-0.53,-6.14,0.39,0.37,0.41,0.41
-0.31,-5.26,0.39,0.37,0.41,0.41
-0.63,-4.31,0.39,0.37,0.4,0.41
-0.71,-4.1,0.39,0.37,0.4,0.41
-0.59,-3.7,0.39,0.38,0.4,0.41
-0.42,-2.9,0.39,0.38,0.4,0.41
-0.53,-2.6,0.39,0.38,0.4,0.41
-0.53,-1.99,0.39,0.38,0.4,0.41
-0.68,-1.9,0.39,0.38,0.4,0.41
-0.55,-1.71,0.39,0.38,0.4,0.41
-0.41,-1.71,0.39,0.38,0.4,0.41
-0.48,-1.63,0.39,0.38,0.4,0.41
-0.48,-1.6,0.39,0.38,0.4,0.41
-0.77,-1.33,0.39,0.38,0.4,0.41
-0.52,-1.16,0.39,0.38,0.4,0.41
-0.39,-0.32,0.39,0.38,0.4,0.41
-0.46,-0.19,0.39,0.38,0.4,0.41
-0.41,-0.15,0.39,0.38,0.4,0.41
-0.4,0.32,0.39,0.38,0.4,0.41
-0.57,0.69,0.39,0.38,0.4,0.41
-0.31,1.05,0.39,0.38,0.4,0.41
-0.42,1.42,0.39,0.38,0.4,0.41
-0.65,1.77,0.39,0.38,0.4,0.41
-0.67,2.1,0.39,0.38,0.4,0.41
-0.49,2.3,0.39,0.38,0.4,0.41
-0.56,3,0.39,0.38,0.4,0.41
-0.26,3.32,0.39,0.38,0.4,0.41
-0.31,3.55,0.39,0.38,0.4,0.41
-0.34,3.63,0.39,0.38,0.4,0.41
-0.37,3.84,0.39,0.38,0.4,0.41
-0.45,4.04,0.39,0.38,0.4,0.41
-0.34,4.33,0.39,0.38,0.39,0.41
-0.28,4.53,0.39,0.38,0.39,0.41
