-0.74,9.92,0.36,0.39,0.39,0.41
-0.7,9.83,0.36,0.39,0.39,0.41
-0.68,9.94,0.36,0.39,0.39,0.41
-0.63,9.92,0.36,0.39,0.39,0.41
-0.59,10.05,0.36,0.39,0.39,0.41
-0.42,10.24,0.36,0.39,0.39,0.41
-0.67,10.27,0.36,0.39,0.39,0.41
-0.72,10.28,0.36,0.39,0.39,0.41
-0.56,10.32,0.36,0.39,0.39,0.41
-0.47,10.46,0.36,0.39,0.39,0.41
-0.61,10.64,0.36,0.39,0.39,0.41
-0.8,10.57,0.36,0.39,0.39,0.41
-0.6,10.73,0.36,0.39,0.39,0.41
-0.33,11.01,0.36,0.39,0.39,0.41
-0.65,10.92,0.36,0.39,0.39,0.41
-0.49,11.35,0.36,0.39,0.39,0.41
-0.53,11.4,0.36,0.39,0.39,0.41
-0.53,11.53,0.36,0.39,0.39,0.41
-0.52,11.53,0.36,0.39,0.39,0.41
-0.68,11.62,0.36,0.39,0.39,0.41
-0.59,11.55,0.36,0.39,0.39,0.41
-0.52,11.67,0.36,0.39,0.39,0.41
-0.49,11.65,0.36,0.39,0.39,0.41
-0.59,11.83,0.36,0.39,0.39,0.41
-0.64,11.78,0.36,0.39,0.39,0.41
-0.64,11.85,0.36,0.39,0.39,0.41
-0.62,11.87,0.36,0.39,0.39,0.41
-0.43,11.9,0.36,0.39,0.39,0.41
-0.62,12.07,0.36,0.39,0.39,0.41
-0.53,11.98,0.36,0.39,0.38,0.41
-0.44,12.14,0.36,0.39,0.38,0.41
-0.64,12.37,0.36,0.39,0.38,0.41
-1.09,12.26,0.36,0.39,0.38,0.41
-0.58,13.3,0.36,0.39,0.38,0.41
-0.58,13.54,0.36,0.39,0.38,0.41
-0.47,13.75,0.36,0.39,0.38,0.41
-0.53,14.06,0.36,0.39,0.38,0.41
-0.47,14.35,0.36,0.39,0.38,0.41
-0.48,14.74,0.36,0.39,0.38,0.41
-0.45,15.18,0.36,0.39,0.38,0.41
-0.37,15.73,0.36,0.38,0.38,0.41
-0.32,15.98,0.36,0.38,0.38,0.41
-0.4,16.16,0.36,0.38,0.38,0.41
-0.54,16.82,0.36,0.38,0.37,0.41
-0.36,17,0.36,0.38,0.37,0.41
-0.26,17.6,0.35,0.38,0.37,0.41
-0.19,18.07,0.35,0.38,0.37,0.41
-0.41,18.35,0.35,0.38,0.37,0.41
-0.37,18.62,0.35,0.38,0.37,0.41
-0.31,19.11,0.35,0.38,0.37,0.41
-0.13,19.61,0.35,0.38,0.37,0.41
-0.27,19.88,0.35,0.38,0.36,0.41
-0.42,20.47,0.35,0.38,0.36,0.41
-0.28,20.87,0.35,0.38,0.36,0.41
-0.23,21.46,0.35,0.37,0.36,0.41
-0.37,22.09,0.35,0.37,0.36,0.41
-0.15,22.47,0.35,0.37,0.36,0.41
-0.21,22.81,0.35,0.37,0.35,0.41
-0.29,23.19,0.35,0.37,0.35,0.41
-0.17,23.74,0.34,0.37,0.35,0.41
-0.27,23.99,0.34,0.37,0.35,0.41
-0.35,24.47,0.34,0.37,0.35,0.41
-0.13,24.63,0.34,0.37,0.35,0.41
-0.26,25.41,0.34,0.36,0.34,0.41
-0.16,25.71,0.34,0.36,0.34,0.41
-0.1,25.99,0.34,0.36,0.34,0.41
-0.35,26.27,0.34,0.36,0.34,0.41
-0.1,26.58,0.34,0.36,0.34,0.41
-0.07,26.89,0.34,0.36,0.34,0.41
-0.21,27.21,0.33,0.36,0.34,0.41
-0.21,27.66,0.33,0.36,0.33,0.41
-0.1,27.85,0.33,0.36,0.33,0.41
-0.03,28.36,0.33,0.35,0.33,0.41
-0.22,28.47,0.33,0.35,0.33,0.41
-0.08,29.17,0.33,0.35,0.33,0.41
-0.17,29.36,0.33,0.35,0.33,0.41
-0.05,30.19,0.33,0.35,0.32,0.41
0.02,30.08,0.33,0.35,0.32,0.41
-0.15,30.32,0.33,0.34,0.32,0.41
0.09,30.54,0.33,0.34,0.32,0.41
-0.1,31.27,0.33,0.34,0.32,0.41
-0.09,31.19,0.32,0.34,0.32,0.4
-0.16,31.44,0.32,0.34,0.31,0.4
-0.03,32.13,0.32,0.34,0.31,0.4
0.02,32.13,0.32,0.34,0.31,0.4
-0.15,32.14,0.32,0.34,0.31,0.4
0.01,32.84,0.32,0.33,0.31,0.4
-0.1,32.71,0.32,0.33,0.31,0.4
0.06,33.33,0.32,0.33,0.31,0.4
0.01,33.68,0.32,0.33,0.3,0.4
-0.1,34.15,0.31,0.33,0.3,0.4
0.28,34.22,0.31,0.33,0.3,0.4
0.02,35.38,0.31,0.32,0.29,0.4
-0.05,36.39,0.31,0.32,0.29,0.4
0.09,36.43,0.31,0.32,0.29,0.4
0.08,37.66,0.3,0.31,0.28,0.4
0.14,37.42,0.3,0.31,0.28,0.4
0.12,38.62,0.3,0.31,0.27,0.4
0.06,39.21,0.3,0.3,0.27,0.4
0.09,39.27,0.3,0.3,0.27,0.4
0.1,39.95,0.29,0.3,0.26,0.4
0.09,40.82,0.29,0.3,0.26,0.39
0.16,40.5,0.29,0.3,0.26,0.39
0.26,41.79,0.29,0.29,0.25,0.39
0.19,41.59,0.29,0.29,0.25,0.39
0.39,42.49,0.28,0.29,0.24,0.39
-0.01,43.36,0.28,0.28,0.24,0.39
0.32,43.86,0.28,0.28,0.24,0.39
0.36,44.56,0.28,0.27,0.23,0.39
0.29,45.29,0.27,0.27,0.22,0.38
0.16,46.14,0.27,0.27,0.22,0.38
0.34,46.84,0.27,0.26,0.21,0.38
0.14,47.57,0.27,0.26,0.21,0.38
0.36,47.97,0.26,0.26,0.2,0.38
0.29,49.14,0.26,0.25,0.19,0.37
0.23,49.42,0.26,0.25,0.18,0.37
0.53,50,0.25,0.24,0.18,0.37
0.39,51.24,0.25,0.24,0.17,0.37
0.52,51.74,0.25,0.24,0.16,0.37
0.44,52.64,0.24,0.23,0.16,0.36
0.4,53.2,0.24,0.23,0.15,0.36
0.44,54.17,0.24,0.22,0.14,0.36
0.54,54.07,0.24,0.22,0.14,0.35
0.75,55.86,0.23,0.22,0.13,0.35
0.5,56.36,0.22,0.21,0.12,0.35
0.48,57.02,0.22,0.21,0.11,0.34
0.53,57.95,0.21,0.2,0.1,0.34
0.49,59.05,0.21,0.2,0.1,0.34
0.49,60,0.2,0.19,0.09,0.33
0.63,60.32,0.2,0.19,0.08,0.33
0.51,61.14,0.19,0.18,0.08,0.33
0.63,61.84,0.19,0.18,0.07,0.32
0.46,62.69,0.18,0.17,0.06,0.32
0.68,63.22,0.18,0.17,0.06,0.31
0.76,64.31,0.17,0.16,0.05,0.31
0.47,64.96,0.17,0.16,0.05,0.3
0.68,65.66,0.16,0.15,0.04,0.3
0.61,66.21,0.16,0.15,0.04,0.3
0.63,67.16,0.15,0.14,0.03,0.29
0.6,67.88,0.14,0.14,0.03,0.29
0.76,69.13,0.14,0.13,0.03,0.28
0.65,70.01,0.13,0.12,0.02,0.28
0.71,70.66,0.12,0.12,0.02,0.27
0.72,71.34,0.11,0.11,0.02,0.26
0.64,73.14,0.11,0.1,0.02,0.26
0.54,73.56,0.1,0.1,0.02,0.25
0.74,73.95,0.09,0.09,0.02,0.24
0.71,75.1,0.09,0.08,0.02,0.24
0.87,75.77,0.07,0.08,0.02,0.23
0.82,75.19,0.05,0.07,0.02,0.22
0.77,78.04,0.02,0.06,0.02,0.22
0.82,78.21,0.02,0.05,0.02,0.21
0.78,78.43,0.02,0.03,0.02,0.2
0.84,78.98,0.02,0.02,0.01,0.2
0.71,81.01,0.02,0.01,0.01,0.17
0.89,78.25,0.02,0.01,0.01,0.13
0.78,79.36,0.02,0.01,0.01,0.12
0.75,79.91,0.02,0.01,0.01,0.12
0.86,80,0.02,0.01,0.01,0.13
0.82,79.63,0.02,0.01,0.01,0.17
0.75,80.99,0.02,0.02,0.01,0.19
0.64,79.11,0.02,0.04,0.02,0.21
0.78,77.74,0.02,0.06,0.02,0.22
0.56,77.07,0.06,0.07,0.02,0.23
0.77,79.01,0.08,0.08,0.02,0.23
0.65,74.82,0.09,0.09,0.02,0.24
0.67,75.19,0.1,0.1,0.02,0.25
0.53,74.8,0.11,0.1,0.02,0.26
0.75,71.4,0.12,0.11,0.02,0.27
0.43,72.53,0.13,0.12,0.02,0.27
0.49,70.09,0.13,0.13,0.03,0.28
0.68,69.47,0.14,0.14,0.03,0.29
0.73,68,0.15,0.15,0.04,0.29
0.75,68.12,0.16,0.15,0.04,0.3
0.55,66.35,0.16,0.15,0.04,0.3
0.68,66.14,0.17,0.16,0.05,0.31
0.49,65.39,0.17,0.16,0.05,0.31
0.48,64.22,0.18,0.17,0.06,0.31
0.47,63.33,0.18,0.17,0.07,0.32
0.3,63.22,0.19,0.18,0.07,0.32
0.33,61.47,0.2,0.18,0.08,0.33
0.54,61.42,0.2,0.19,0.08,0.33
0.44,60.02,0.2,0.19,0.09,0.33
0.34,60.24,0.21,0.19,0.1,0.34
0.09,58.69,0.21,0.2,0.1,0.34
0.51,58.11,0.22,0.2,0.11,0.34
0.44,57.06,0.22,0.21,0.12,0.35
0.39,57.07,0.23,0.21,0.12,0.35
0.61,55.97,0.23,0.22,0.13,0.35
0.67,55.32,0.24,0.22,0.14,0.36
0.37,54.99,0.24,0.23,0.15,0.36
0.49,53.93,0.24,0.23,0.15,0.36
0.34,53.36,0.24,0.23,0.16,0.36
0.44,52.12,0.25,0.24,0.17,0.37
0.49,51.9,0.26,0.24,0.18,0.37
0.25,50.55,0.26,0.25,0.19,0.37
0.52,49.74,0.26,0.25,0.19,0.37
0.38,49.1,0.27,0.26,0.2,0.38
0.48,48.16,0.27,0.26,0.21,0.38
0.21,47.47,0.27,0.26,0.22,0.38
0.25,46.45,0.27,0.27,0.22,0.38
0.36,45.77,0.28,0.27,0.23,0.39
0.14,44.68,0.28,0.28,0.24,0.39
0.14,43.39,0.28,0.28,0.25,0.39
0.24,42.66,0.29,0.29,0.25,0.39
0.31,42.18,0.29,0.29,0.26,0.39
0.13,40.9,0.29,0.3,0.26,0.39
0.29,41.02,0.3,0.3,0.27,0.4
0.2,39.73,0.3,0.3,0.27,0.4
-0.01,39,0.3,0.31,0.28,0.4
-0.1,38.34,0.3,0.31,0.28,0.4
0.02,37.84,0.3,0.31,0.28,0.4
0.16,37.35,0.31,0.32,0.29,0.4
-0.14,36.68,0.31,0.32,0.29,0.4
0.03,36.07,0.31,0.32,0.29,0.4
-0.02,35.43,0.31,0.33,0.3,0.4
-0,35.35,0.31,0.33,0.3,0.4
0.1,34.84,0.32,0.33,0.3,0.4
-0.1,33.94,0.32,0.33,0.31,0.4
-0.37,33.63,0.32,0.34,0.31,0.4
0.08,32.92,0.32,0.34,0.31,0.4
0.26,32.02,0.33,0.34,0.32,0.41
-0.2,30.8,0.33,0.35,0.32,0.41
0.23,30.84,0.33,0.35,0.33,0.41
-0.03,29.78,0.33,0.35,0.33,0.41
-0.24,28.81,0.33,0.36,0.33,0.41
-0.13,27.93,0.33,0.36,0.34,0.41
-0.29,26.8,0.34,0.36,0.34,0.41
-0.21,26.15,0.34,0.36,0.34,0.41
-0.35,25.59,0.34,0.37,0.35,0.41
-0.16,24.96,0.34,0.37,0.35,0.41
-0.4,23.8,0.34,0.37,0.35,0.41
-0.36,23.22,0.35,0.37,0.36,0.41
-0.31,22.71,0.35,0.37,0.36,0.41
-0.1,21.83,0.35,0.38,0.36,0.41
-0.4,21.35,0.35,0.38,0.36,0.41
-0.46,20.91,0.35,0.38,0.36,0.41
-0.44,20.4,0.35,0.38,0.37,0.41
-0.25,19.84,0.35,0.38,0.37,0.41
-0.58,19.45,0.35,0.38,0.37,0.41
-0.31,19.09,0.35,0.38,0.37,0.41
-0.61,18.32,0.35,0.38,0.37,0.41
-0.66,17.85,0.35,0.38,0.37,0.41
-0.49,17.28,0.36,0.38,0.37,0.41
-0.56,16.91,0.36,0.38,0.37,0.41
-0.59,16.1,0.36,0.38,0.38,0.41
-0.68,15.74,0.36,0.39,0.38,0.41
-0.33,15.15,0.36,0.39,0.38,0.41
-0.41,14.69,0.36,0.39,0.38,0.41
-0.37,14.11,0.36,0.39,0.38,0.41
-0.37,13.38,0.36,0.39,0.38,0.41
-0.6,12.93,0.36,0.39,0.38,0.41
-0.52,11.89,0.36,0.39,0.39,0.41
-0.64,11.29,0.36,0.39,0.39,0.41
-0.69,9.83,0.36,0.39,0.39,0.41
-0.82,9.37,0.36,0.39,0.39,0.41
-0.69,8.59,0.36,0.39,0.39,0.41
-0.53,8.11,0.36,0.39,0.39,0.41
-0.69,7.38,0.36,0.39,0.39,0.41
-0.78,7.95,0.36,0.39,0.39,0.41
-0.93,7.34,0.36,0.39,0.39,0.41
-0.71,6.83,0.36,0.39,0.39,0.41
-0.55,6.79,0.36,0.39,0.39,0.41
-0.63,6.54,0.36,0.39,0.39,0.41
-0.63,6.38,0.36,0.39,0.39,0.41
-0.7,6.22,0.36,0.39,0.39,0.41
-0.81,6.14,0.36,0.39,0.39,0.41
-0.89,6.02,0.36,0.39,0.4,0.41
-0.85,5.06,0.36,0.39,0.4,0.41
-0.63,4.56,0.36,0.39,0.4,0.41
-0.72,4.02,0.36,0.39,0.4,0.41
-0.77,3.62,0.36,0.39,0.4,0.41
-0.76,3.29,0.36,0.39,0.4,0.41
-0.8,2.68,0.36,0.4,0.4,0.4
-0.94,2.24,0.36,0.4,0.4,0.4
-0.99,1.41,0.36,0.4,0.4,0.4
-0.78,1.04,0.36,0.4,0.4,0.4
-0.91,0.28,0.36,0.4,0.4,0.4
-0.7,-0.53,0.36,0.4,0.4,0.4
-1.02,-0.96,0.36,0.4,0.4,0.4
-1.08,-1.25,0.36,0.4,0.4,0.4
-0.98,-2.14,0.36,0.4,0.4,0.4
-0.86,-2.38,0.36,0.39,0.4,0.4
-1.02,-2.76,0.36,0.4,0.4,0.4
-1.39,-3.32,0.36,0.39,0.4,0.4
-1.32,-3.73,0.36,0.39,0.4,0.4
-1.12,-4.26,0.36,0.39,0.4,0.4
-0.79,-4.6,0.36,0.39,0.41,0.39
-0.69,-5.34,0.36,0.39,0.41,0.39
-0.86,-5.92,0.36,0.39,0.41,0.39
-0.84,-6.72,0.36,0.39,0.41,0.39
-1.15,-7.28,0.36,0.39,0.41,0.39
-0.74,-7.67,0.36,0.39,0.41,0.39
-1.12,-8.06,0.36,0.39,0.41,0.39
-1.09,-8.99,0.36,0.39,0.41,0.39
-1.03,-9.3,0.36,0.39,0.41,0.38
-1.41,-9.67,0.36,0.39,0.41,0.38
-1.34,-10.77,0.36,0.39,0.41,0.38
-1.19,-11.46,0.36,0.39,0.41,0.38
-1.27,-12.06,0.36,0.39,0.41,0.38
-1.14,-12.63,0.36,0.39,0.41,0.38
-1.29,-13.28,0.36,0.39,0.41,0.38
-1.16,-13.83,0.35,0.39,0.41,0.38
-1.12,-14.36,0.35,0.39,0.41,0.38
-1.16,-14.77,0.35,0.39,0.41,0.37
-1.39,-15.38,0.35,0.38,0.41,0.37
-1.42,-16.18,0.35,0.38,0.41,0.37
-1.57,-16.73,0.35,0.38,0.41,0.37
-1.58,-17.6,0.35,0.38,0.41,0.36
-1.44,-18.48,0.35,0.38,0.41,0.36
-1.75,-18.89,0.35,0.38,0.41,0.36
-1.65,-19.43,0.34,0.38,0.41,0.36
-1.43,-20.28,0.34,0.38,0.41,0.35
-1.35,-20.8,0.34,0.38,0.41,0.35
-1.49,-21.31,0.34,0.37,0.41,0.35
-1.5,-21.54,0.34,0.37,0.41,0.35
-1.45,-22.21,0.34,0.37,0.41,0.35
-1.66,-23,0.34,0.37,0.41,0.35
-1.6,-23.44,0.34,0.37,0.42,0.34
-1.69,-24.5,0.33,0.37,0.42,0.34
-1.47,-24.9,0.33,0.37,0.42,0.34
-1.57,-25.39,0.33,0.37,0.42,0.34
-1.57,-25.52,0.33,0.37,0.42,0.34
-1.73,-25.8,0.33,0.37,0.42,0.33
-1.72,-25.75,0.33,0.36,0.42,0.33
-1.58,-25.99,0.33,0.36,0.42,0.33
-1.61,-26.13,0.33,0.36,0.42,0.33
-1.68,-26.48,0.33,0.36,0.42,0.33
-1.56,-26.81,0.33,0.36,0.42,0.33
-1.43,-27.2,0.33,0.36,0.42,0.33
-1.52,-27.76,0.32,0.36,0.42,0.32
-1.69,-28.18,0.32,0.36,0.42,0.32
-1.61,-28.77,0.32,0.36,0.42,0.32
-1.66,-29.27,0.32,0.35,0.42,0.32
-1.58,-29.96,0.32,0.35,0.42,0.31
-1.6,-30.3,0.32,0.35,0.42,0.31
-1.52,-30.76,0.32,0.35,0.42,0.31
-1.7,-31.28,0.31,0.35,0.42,0.31
-1.76,-31.61,0.31,0.35,0.42,0.3
-1.64,-32.15,0.31,0.35,0.42,0.3
-1.9,-32.66,0.31,0.34,0.42,0.3
-1.69,-33.07,0.31,0.34,0.42,0.29
-1.83,-33.57,0.31,0.34,0.42,0.29
-1.74,-34.17,0.3,0.34,0.42,0.29
-1.78,-34.71,0.3,0.34,0.42,0.29
-1.88,-34.98,0.3,0.34,0.43,0.28
-1.91,-35.86,0.3,0.33,0.43,0.28
-1.74,-36.1,0.29,0.33,0.43,0.28
-1.93,-36.77,0.29,0.33,0.43,0.27
-1.99,-37.38,0.29,0.33,0.43,0.27
-1.92,-38.14,0.29,0.33,0.43,0.27
-2.04,-38.57,0.28,0.32,0.43,0.26
-1.99,-39.17,0.28,0.32,0.43,0.26
-1.85,-39.67,0.28,0.32,0.43,0.25
-1.88,-40.42,0.28,0.32,0.43,0.25
-1.98,-40.79,0.27,0.31,0.43,0.25
-1.98,-41.22,0.27,0.31,0.43,0.25
-2.07,-41.73,0.27,0.31,0.43,0.24
-2.03,-42.3,0.27,0.31,0.43,0.24
-1.93,-42.69,0.26,0.31,0.43,0.24
-2.12,-43.25,0.26,0.3,0.43,0.23
-2.04,-43.84,0.26,0.3,0.43,0.23
-1.93,-44.42,0.26,0.3,0.43,0.22
-2.12,-44.7,0.26,0.3,0.42,0.22
-2.09,-45.34,0.25,0.3,0.42,0.22
-2.2,-45.72,0.25,0.29,0.42,0.21
-2.07,-46.2,0.25,0.29,0.42,0.21
-2.12,-46.86,0.25,0.29,0.42,0.21
-2.18,-46.86,0.24,0.29,0.42,0.2
-2.14,-47.69,0.24,0.29,0.41,0.2
-1.98,-47.59,0.24,0.29,0.41,0.2
-2.38,-47.89,0.24,0.29,0.41,0.2
-2.24,-48.33,0.24,0.28,0.41,0.2
-2.26,-48.2,0.24,0.28,0.41,0.2
-2.21,-48.45,0.24,0.28,0.41,0.2
-2.13,-48.75,0.24,0.28,0.41,0.19
-2.21,-48.73,0.24,0.28,0.41,0.19
-2.1,-48.91,0.24,0.28,0.41,0.19
-2.15,-49.4,0.24,0.28,0.41,0.19
-2.18,-49.44,0.23,0.28,0.41,0.19
-2.21,-49.7,0.23,0.28,0.41,0.19
-2.23,-49.83,0.23,0.28,0.41,0.19
-2.31,-50.59,0.23,0.27,0.41,0.18
-2.31,-50.77,0.23,0.27,0.41,0.18
-2.25,-51.22,0.22,0.27,0.41,0.17
-2.15,-51.75,0.22,0.27,0.41,0.17
-2.13,-52.64,0.22,0.26,0.41,0.16
-2.16,-53.17,0.21,0.26,0.4,0.16
-2.35,-53.54,0.21,0.26,0.4,0.16
-2.32,-54.04,0.21,0.26,0.4,0.15
-2.42,-54.77,0.21,0.25,0.4,0.15
-2.37,-54.94,0.21,0.25,0.4,0.14
-2.37,-55.17,0.2,0.25,0.4,0.14
-2.48,-55.97,0.2,0.25,0.4,0.13
-2.26,-56.97,0.2,0.24,0.4,0.13
-2.16,-56.6,0.2,0.24,0.4,0.13
-2.33,-57.53,0.2,0.24,0.39,0.12
-2.44,-57.12,0.19,0.24,0.39,0.12
-2.31,-58.06,0.19,0.24,0.39,0.12
-2.18,-57.91,0.19,0.23,0.39,0.11
-2.31,-58.44,0.19,0.23,0.39,0.11
-2.42,-58.76,0.19,0.23,0.38,0.11
-2.4,-59.26,0.18,0.23,0.38,0.1
-2.47,-59.34,0.18,0.23,0.38,0.1
-2.37,-60.43,0.18,0.22,0.38,0.09
-2.3,-60.13,0.17,0.22,0.37,0.09
-2.44,-61.09,0.17,0.21,0.37,0.08
-2.55,-61.56,0.17,0.21,0.36,0.08
-2.48,-61.76,0.17,0.21,0.36,0.07
-2.57,-62.54,0.16,0.2,0.36,0.07
-2.25,-63.36,0.16,0.2,0.35,0.07
-2.55,-63.51,0.16,0.19,0.34,0.06
-2.32,-64.46,0.15,0.19,0.34,0.06
-2.4,-65.01,0.15,0.18,0.33,0.05
-2.58,-65.68,0.15,0.18,0.33,0.05
-2.62,-65.97,0.14,0.17,0.32,0.04
-2.48,-66.75,0.14,0.17,0.32,0.04
-2.39,-67.71,0.13,0.16,0.31,0.03
-2.53,-67.41,0.13,0.16,0.31,0.03
-2.58,-68.8,0.13,0.16,0.31,0.03
-2.53,-69.42,0.13,0.15,0.31,0.03
-2.67,-69.16,0.12,0.15,0.3,0.02
-2.46,-69.46,0.12,0.15,0.3,0.02
-2.49,-69.75,0.12,0.15,0.3,0.02
-2.58,-70.19,0.12,0.14,0.3,0.02
-2.46,-70.45,0.12,0.14,0.3,0.02
-2.64,-70.5,0.12,0.14,0.3,0.02
-2.58,-71.05,0.11,0.14,0.3,0.02
-2.54,-71.37,0.11,0.14,0.29,0.02
-2.64,-71.55,0.11,0.14,0.29,0.02
-2.63,-71.53,0.11,0.13,0.29,0.02
-2.47,-71.95,0.11,0.13,0.29,0.02
-2.67,-72.51,0.11,0.13,0.29,0.02
-2.48,-72.51,0.1,0.13,0.28,0.02
-2.6,-72.57,0.1,0.12,0.28,0.01
-2.46,-73,0.1,0.12,0.28,0.01
-2.53,-73.48,0.1,0.12,0.28,0.01
-2.58,-73.44,0.1,0.12,0.28,0.01
-2.58,-73.63,0.1,0.11,0.27,0.01
-2.6,-74.57,0.09,0.11,0.27,0.01
-2.68,-74.02,0.09,0.11,0.27,0.01
-2.87,-74.07,0.09,0.11,0.27,0.01
-2.8,-74.65,0.09,0.11,0.27,0.01
-2.61,-75.09,0.09,0.1,0.27,0.01
-2.63,-75.5,0.09,0.1,0.27,0.01
-2.54,-75.37,0.08,0.1,0.26,0.01
-2.71,-75.48,0.08,0.1,0.26,0.01
-2.69,-75.86,0.08,0.1,0.26,0.01
-2.56,-75.19,0.08,0.1,0.26,0.01
-2.66,-76.03,0.08,0.1,0.26,0.01
-2.43,-76.57,0.08,0.09,0.26,0.01
-2.53,-76.32,0.08,0.09,0.26,0.01
-2.64,-76.5,0.07,0.09,0.26,0.01
-2.45,-76.83,0.07,0.09,0.25,0.01
-2.75,-76.78,0.07,0.09,0.25,0.01
-2.65,-76.51,0.07,0.09,0.25,0.01
-2.64,-77.81,0.07,0.08,0.25,0.01
-2.58,-77.42,0.07,0.08,0.25,0.01
-2.73,-77.58,0.07,0.08,0.25,0.01
-2.76,-77.78,0.07,0.08,0.24,0.01
-2.69,-77.58,0.06,0.08,0.24,0.01
-2.58,-78.7,0.06,0.08,0.24,0.01
-2.69,-78.57,0.06,0.07,0.24,0.01
-2.67,-78.57,0.06,0.07,0.23,0.01
-2.63,-78.72,0.06,0.07,0.23,0.01
-2.8,-78.73,0.06,0.07,0.22,0.01
-2.64,-77.85,0.06,0.07,0.22,0.01
-2.69,-78.97,0.06,0.07,0.21,0.01
-2.81,-79.37,0.06,0.07,0.21,0.01
-2.79,-79.22,0.06,0.07,0.19,0.01
-2.71,-78.56,0.05,0.06,0.17,0.01
-2.69,-79.64,0.05,0.06,0.13,0.01
-2.53,-79.26,0.05,0.06,0.11,0.01
-2.74,-79.91,0.05,0.06,0.1,0.01
-2.82,-79.64,0.05,0.06,0.07,0.01
-2.77,-79.04,0.05,0.06,0.08,0.01
-2.81,-79.9,0.05,0.06,0.09,0.01
-2.69,-79.56,0.05,0.06,0.11,0.01
-2.56,-79.87,0.05,0.06,0.13,0.01
-2.64,-79.68,0.05,0.06,0.15,0.01
-2.58,-78.98,0.05,0.07,0.18,0.01
-2.71,-79.11,0.06,0.07,0.22,0.01
-2.48,-79.02,0.06,0.07,0.23,0.01
-2.7,-78.41,0.06,0.08,0.24,0.01
-2.53,-77.91,0.07,0.08,0.25,0.01
-2.48,-77.22,0.07,0.09,0.25,0.01
-2.74,-77.17,0.07,0.09,0.25,0.01
-2.6,-76.78,0.08,0.09,0.26,0.01
-2.69,-75.96,0.08,0.1,0.26,0.01
-2.5,-76.26,0.08,0.1,0.26,0.01
-2.69,-74.85,0.09,0.11,0.27,0.01
-2.26,-74.31,0.09,0.11,0.27,0.01
-2.58,-74.02,0.1,0.12,0.28,0.01
-2.62,-73.16,0.1,0.12,0.28,0.01
-2.45,-72.12,0.11,0.13,0.29,0.02
-2.58,-72.05,0.11,0.14,0.29,0.02
-2.37,-71.18,0.12,0.14,0.3,0.02
-2.58,-69.97,0.12,0.15,0.3,0.02
-2.61,-69.26,0.13,0.16,0.31,0.03
-2.64,-68.44,0.13,0.16,0.31,0.03
-2.55,-68.36,0.14,0.17,0.32,0.04
-2.53,-67.4,0.14,0.17,0.32,0.04
-2.38,-66.54,0.15,0.18,0.33,0.05
-2.7,-65.72,0.15,0.19,0.33,0.05
-2.56,-65.09,0.16,0.19,0.34,0.06
-2.42,-64.31,0.16,0.2,0.35,0.06
-2.36,-63.5,0.16,0.2,0.35,0.07
-2.26,-62.45,0.17,0.21,0.36,0.07
-2.43,-61.93,0.17,0.21,0.36,0.08
-2.18,-62.07,0.17,0.22,0.37,0.09
-2.31,-60.78,0.18,0.22,0.37,0.1
-2.26,-59.73,0.18,0.23,0.38,0.1
-2.45,-58.9,0.19,0.23,0.39,0.11
-2.17,-58.21,0.19,0.24,0.39,0.12
-2.34,-56.88,0.2,0.24,0.39,0.13
-2.27,-56.8,0.2,0.25,0.4,0.14
-1.93,-55.44,0.21,0.25,0.4,0.15
-2.36,-54.48,0.21,0.26,0.4,0.16
-2.43,-53.83,0.22,0.26,0.41,0.16
-2.31,-52.53,0.22,0.27,0.41,0.17
-2.3,-52.53,0.22,0.27,0.41,0.18
-2.29,-50.89,0.23,0.27,0.41,0.18
-2.27,-50.75,0.23,0.28,0.41,0.18
-2.21,-49.96,0.23,0.28,0.41,0.19
-2.16,-49.59,0.23,0.28,0.41,0.19
-2.2,-49.05,0.24,0.28,0.41,0.2
-2.18,-48.24,0.24,0.29,0.41,0.2
-2.15,-47.88,0.24,0.29,0.41,0.2
-2.17,-47.29,0.25,0.29,0.42,0.21
-2.05,-46.47,0.25,0.29,0.42,0.21
-2.08,-46.29,0.25,0.3,0.42,0.22
-1.99,-45.21,0.26,0.3,0.42,0.22
-2.22,-44.7,0.26,0.3,0.42,0.22
-1.93,-43.93,0.26,0.3,0.43,0.23
-1.91,-43.72,0.26,0.31,0.43,0.24
-1.99,-42.95,0.27,0.31,0.43,0.24
-2.18,-42.33,0.27,0.31,0.43,0.24
-2.07,-41.82,0.27,0.31,0.43,0.25
-2.04,-41.3,0.27,0.31,0.43,0.25
-1.99,-40.7,0.28,0.32,0.43,0.25
-1.96,-39.7,0.28,0.32,0.43,0.26
-2.02,-39.48,0.28,0.32,0.43,0.26
-1.84,-38.45,0.29,0.33,0.43,0.27
-2,-37.8,0.29,0.33,0.43,0.27
-1.86,-36.97,0.29,0.33,0.43,0.28
-2,-35.83,0.3,0.34,0.43,0.28
-2.05,-34.88,0.3,0.34,0.43,0.29
-1.85,-34.3,0.3,0.34,0.43,0.29
-1.66,-33.76,0.31,0.34,0.43,0.3
-1.84,-32.5,0.31,0.35,0.42,0.3
-1.61,-32.15,0.31,0.35,0.42,0.3
-1.84,-31.27,0.31,0.35,0.42,0.31
-1.8,-30.61,0.32,0.35,0.42,0.31
-1.33,-29.65,0.32,0.36,0.42,0.32
-1.58,-28.33,0.33,0.36,0.42,0.33
-1.46,-26.95,0.33,0.36,0.42,0.33
-1.65,-25.88,0.33,0.37,0.42,0.34
-1.72,-25.19,0.34,0.37,0.42,0.34
-1.53,-24.45,0.34,0.37,0.42,0.34
-1.83,-23.55,0.34,0.37,0.42,0.35
-1.81,-23.04,0.34,0.37,0.42,0.35
-1.73,-22.51,0.34,0.37,0.42,0.35
-1.61,-21.91,0.34,0.37,0.41,0.35
-1.52,-21.34,0.34,0.38,0.41,0.36
-1.45,-20.59,0.35,0.38,0.41,0.36
-1.37,-19.74,0.35,0.38,0.41,0.36
-1.66,-18.7,0.35,0.38,0.41,0.37
-1.51,-18.01,0.35,0.38,0.41,0.37
-1.56,-17.01,0.35,0.38,0.41,0.37
-1.29,-16.19,0.35,0.38,0.41,0.37
-1.19,-15.92,0.35,0.39,0.41,0.37
-1.05,-14.9,0.35,0.39,0.41,0.38
-1.44,-14.14,0.35,0.39,0.41,0.38
-1.44,-13.03,0.36,0.39,0.41,0.38
-1.3,-12.46,0.36,0.39,0.41,0.38
-1.23,-12.09,0.36,0.39,0.41,0.38
-1.45,-11.32,0.36,0.39,0.41,0.38
-1.5,-10.6,0.36,0.39,0.41,0.38
-1.29,-10.47,0.36,0.39,0.41,0.39
-1.92,-8.87,0.36,0.39,0.41,0.39
-1.12,-9.05,0.36,0.39,0.41,0.39
-1.48,-8.19,0.36,0.39,0.41,0.39
-1.16,-7.45,0.36,0.39,0.41,0.39
-1.11,-6.76,0.36,0.39,0.41,0.39
-1.06,-5.99,0.36,0.39,0.41,0.39
-1.16,-4.72,0.36,0.4,0.41,0.39
-1.01,-4.24,0.36,0.4,0.41,0.4
-1.12,-3.4,0.36,0.39,0.41,0.4
-1.13,-3.19,0.36,0.4,0.4,0.4
-0.87,-2.77,0.36,0.4,0.4,0.4
-0.93,-1.99,0.36,0.4,0.4,0.4
-0.89,-2.02,0.36,0.4,0.4,0.4
-1.01,-1.25,0.36,0.4,0.4,0.4
-0.96,-0.6,0.36,0.4,0.4,0.4
-0.82,-0.74,0.36,0.4,0.4,0.4
-0.98,0.16,0.36,0.4,0.4,0.4
-0.9,0.89,0.36,0.4,0.4,0.4
-0.93,1.09,0.36,0.39,0.4,0.4
-0.91,1.87,0.36,0.39,0.4,0.4
-0.69,2.19,0.36,0.39,0.4,0.4
-0.95,2.94,0.36,0.39,0.4,0.4
-0.91,2.85,0.36,0.39,0.4,0.4
-0.91,3.8,0.36,0.39,0.4,0.41
-0.92,4.28,0.36,0.39,0.4,0.41
-0.83,4.81,0.36,0.39,0.4,0.41
-0.75,5.27,0.36,0.39,0.39,0.41
-0.91,5.89,0.36,0.39,0.39,0.41
-0.63,6.3,0.36,0.39,0.39,0.41
-0.5,6.65,0.36,0.39,0.39,0.41
-0.75,7.59,0.36,0.39,0.39,0.41
-0.67,7.6,0.36,0.39,0.39,0.41
-0.71,8.58,0.36,0.39,0.39,0.41
-0.59,9.03,0.36,0.39,0.39,0.41
-0.69,9.51,0.36,0.39,0.39,0.41
-1.23,9.8,0.36,0.39,0.39,0.41
-0.22,10.54,0.36,0.39,0.39,0.41
-0.51,11.2,0.36,0.39,0.39,0.41
-0.86,11.43,0.36,0.39,0.39,0.41
-0.74,11.57,0.36,0.39,0.39,0.41
-0.42,11.55,0.36,0.39,0.39,0.41
-0.59,11.8,0.36,0.39,0.39,0.41
-0.68,11.86,0.36,0.39,0.39,0.41
-0.48,11.98,0.36,0.39,0.38,0.41
-0.16,14.21,0.36,0.39,0.38,0.41
-0.39,13.18,0.36,0.39,0.38,0.41
-0.73,14.04,0.36,0.39,0.38,0.41
-0.57,14.43,0.36,0.39,0.38,0.41
-0.38,14.84,0.36,0.39,0.38,0.41
-0.49,15.58,0.36,0.38,0.38,0.41
-0.35,16.11,0.35,0.38,0.38,0.41
-0.42,16.73,0.35,0.38,0.37,0.41
-0.32,17.37,0.35,0.38,0.37,0.41
-0.36,18.05,0.35,0.38,0.37,0.41
-0.31,19.08,0.35,0.38,0.37,0.41
-0.24,19.56,0.35,0.38,0.37,0.41
-0.64,19.83,0.35,0.38,0.36,0.41
-0.19,20.39,0.35,0.38,0.36,0.41
-0.25,21.23,0.35,0.38,0.36,0.41
-0.38,21.5,0.35,0.38,0.36,0.41
-0.27,22.12,0.35,0.37,0.36,0.41
-0.24,22.76,0.34,0.37,0.35,0.41
-0.15,23.33,0.34,0.37,0.35,0.41
-0.47,24.09,0.34,0.37,0.35,0.41
-0.37,25.01,0.34,0.36,0.34,0.41
-0.15,25.88,0.34,0.36,0.34,0.41
-0.21,26.69,0.34,0.36,0.34,0.41
-0.04,27.01,0.33,0.36,0.34,0.41
-0.11,27.43,0.33,0.36,0.33,0.41
-0.18,28.83,0.33,0.35,0.33,0.41
-0.1,28.47,0.33,0.35,0.33,0.41
-0.1,29.61,0.33,0.35,0.32,0.41
-0.34,30.79,0.33,0.35,0.32,0.41
0.14,31.18,0.33,0.34,0.32,0.41
-0.07,31.48,0.32,0.34,0.31,0.4
-0.03,32.49,0.32,0.33,0.31,0.4
-0.03,33.38,0.32,0.33,0.3,0.4
-0.02,33.96,0.31,0.33,0.3,0.4
0.14,34.3,0.31,0.32,0.3,0.4
-0.18,35.59,0.31,0.32,0.29,0.4
-0.02,36.1,0.31,0.32,0.29,0.4
0.17,37.02,0.3,0.31,0.28,0.4
-0.05,37.61,0.3,0.31,0.28,0.4
0.11,38.36,0.3,0.31,0.28,0.4
0.17,38.78,0.3,0.31,0.27,0.4
0.11,39.56,0.29,0.3,0.27,0.4
0.06,39.95,0.29,0.3,0.26,0.39
0.13,40.51,0.29,0.29,0.26,0.39
0.25,41.27,0.29,0.29,0.25,0.39
0.09,42.18,0.29,0.29,0.25,0.39
0.36,42.8,0.28,0.28,0.24,0.39
0.27,43.85,0.28,0.28,0.24,0.39
0.2,44.53,0.28,0.27,0.23,0.39
0.23,45.53,0.27,0.27,0.22,0.38
0.22,46.27,0.27,0.26,0.21,0.38
0.44,47.59,0.27,0.26,0.2,0.38
0.41,48.6,0.26,0.25,0.2,0.37
0.34,49.62,0.26,0.25,0.19,0.37
0.5,50.01,0.25,0.24,0.18,0.37
0.47,51.31,0.25,0.24,0.17,0.37
0.33,51.9,0.25,0.23,0.16,0.36
0.25,52.61,0.24,0.23,0.15,0.36
0.55,53.79,0.24,0.23,0.14,0.36
0.5,54.06,0.24,0.22,0.14,0.35
0.59,55.48,0.23,0.22,0.13,0.35
0.48,56.32,0.22,0.21,0.12,0.35
0.5,56.9,0.22,0.21,0.11,0.34
0.54,57.49,0.21,0.2,0.1,0.34
0.6,58.68,0.21,0.2,0.1,0.34
0.64,59.79,0.21,0.19,0.09,0.33
0.67,60.08,0.2,0.19,0.08,0.33
0.54,61.1,0.19,0.18,0.08,0.32
0.65,62.73,0.19,0.18,0.07,0.32
0.54,62.08,0.18,0.17,0.06,0.31
0.6,63.89,0.18,0.17,0.06,0.31
0.6,64.78,0.17,0.16,0.05,0.31
0.48,64.57,0.17,0.16,0.05,0.3
0.64,65.58,0.16,0.15,0.04,0.3
0.66,66.64,0.16,0.15,0.04,0.3
0.61,67.06,0.15,0.14,0.03,0.29
0.63,67.41,0.15,0.14,0.03,0.29
0.67,68.83,0.14,0.14,0.03,0.28
0.67,69.47,0.14,0.13,0.03,0.28
0.78,70.07,0.13,0.13,0.02,0.27
0.68,70.22,0.12,0.12,0.02,0.27
0.6,71.01,0.12,0.12,0.02,0.27
0.6,72.76,0.11,0.11,0.02,0.26
0.69,72.15,0.11,0.1,0.02,0.26
0.75,73.52,0.1,0.1,0.02,0.25
0.73,74.46,0.09,0.09,0.02,0.25
0.57,74.69,0.09,0.09,0.02,0.24
0.47,75.49,0.08,0.08,0.02,0.23
0.64,76.24,0.07,0.08,0.02,0.23
0.82,76.48,0.04,0.07,0.02,0.22
0.8,77.38,0.02,0.07,0.02,0.22
0.84,78.04,0.02,0.06,0.02,0.21
0.71,78.58,0.02,0.05,0.02,0.21
0.75,78.51,0.02,0.03,0.01,0.2
0.77,80.27,0.02,0.01,0.01,0.19
0.92,79.77,0.02,0.01,0.01,0.14
0.87,80.28,0.02,0.01,0.01,0.06
0.76,81.49,0.01,0.01,0.01,0.02
0.86,80.93,0.01,0.01,0,0.02
0.73,82.58,0.01,0.01,0,0.01
0.78,81.82,0.01,0.01,0,0.01
0.82,83.48,0.01,0.01,0,0.01
0.82,84.25,0.01,0.01,0,0.01
0.55,81.51,0.01,0.01,0,0.01
0.8,83.4,0.01,0.01,0,0.01
0.77,81.73,0.01,0.01,0,0.01
0.71,84.95,0.01,0.01,0,0.01
0.82,80.96,0.01,0.01,0,0.01
0.86,84.26,0.01,0.01,0,0.02
0.82,83.97,0.01,0.01,0,0.02
0.77,80.4,0.01,0.01,0.01,0.02
0.69,81.66,0.01,0.01,0.01,0.04
0.74,81.26,0.02,0.01,0.01,0.09
0.78,79.83,0.02,0.01,0.01,0.17
0.71,80.48,0.02,0.02,0.01,0.2
0.88,80.09,0.02,0.03,0.02,0.2
0.71,79.06,0.02,0.05,0.02,0.21
0.72,78.67,0.02,0.06,0.02,0.22
0.71,79.16,0.03,0.07,0.02,0.22
0.56,77.65,0.06,0.07,0.02,0.23
0.73,76.96,0.07,0.08,0.02,0.23
0.66,76.66,0.08,0.08,0.02,0.24
0.69,75.61,0.09,0.09,0.02,0.24
0.65,76.15,0.1,0.09,0.02,0.25
0.71,74.29,0.1,0.1,0.02,0.25
0.98,73.09,0.11,0.11,0.02,0.26
0.76,73.09,0.12,0.11,0.02,0.26
0.71,72.37,0.12,0.12,0.02,0.27
0.55,70.4,0.13,0.13,0.02,0.28
0.68,70.59,0.13,0.13,0.03,0.28
0.6,70.04,0.14,0.13,0.03,0.28
0.65,68.77,0.14,0.14,0.03,0.29
0.72,68.36,0.15,0.14,0.03,0.29
0.64,66.75,0.16,0.15,0.04,0.3
0.6,67.19,0.16,0.16,0.04,0.3
0.7,66.22,0.17,0.16,0.05,0.31
0.7,65.17,0.18,0.17,0.06,0.31
0.82,64.3,0.18,0.17,0.06,0.32
0.45,62.79,0.19,0.18,0.07,0.32
0.67,62.15,0.2,0.19,0.08,0.33
0.49,59.53,0.21,0.2,0.1,0.34
0.67,60.55,0.22,0.2,0.11,0.34
0.49,57.9,0.22,0.21,0.11,0.35
0.41,57.17,0.23,0.21,0.12,0.35
0.42,56.96,0.23,0.22,0.13,0.35
0.52,55.42,0.23,0.22,0.13,0.35
0.4,55.63,0.24,0.22,0.14,0.36
0.49,54.49,0.24,0.23,0.15,0.36
0.39,54.51,0.24,0.23,0.15,0.36
0.14,53.2,0.24,0.23,0.16,0.36
0.45,53.15,0.25,0.24,0.16,0.36
0.71,52.5,0.25,0.24,0.17,0.37
0.46,51.27,0.25,0.24,0.18,0.37
0.45,51.14,0.26,0.25,0.19,0.37
0.44,49.72,0.26,0.25,0.19,0.37
0.51,49.45,0.26,0.25,0.2,0.38
0.23,49.17,0.27,0.26,0.2,0.38
0.39,48.23,0.27,0.26,0.21,0.38
0.27,47.96,0.27,0.26,0.21,0.38
0.23,46.69,0.27,0.27,0.22,0.38
0.42,47.15,0.27,0.27,0.22,0.38
0.17,45.86,0.28,0.27,0.23,0.39
0.33,44.99,0.28,0.28,0.23,0.39
0.17,44.72,0.28,0.28,0.24,0.39
0.25,43.43,0.28,0.28,0.24,0.39
0.33,42.97,0.29,0.29,0.25,0.39
0.32,42.45,0.29,0.29,0.26,0.39
0.19,40.56,0.29,0.3,0.26,0.39
0.25,41.17,0.29,0.3,0.27,0.4
0.12,39.72,0.3,0.3,0.27,0.4
0.23,39.05,0.3,0.31,0.28,0.4
0.23,38.19,0.3,0.31,0.28,0.4
0.12,36.68,0.31,0.32,0.29,0.4
-0.04,36.55,0.31,0.32,0.29,0.4
0.12,35.79,0.31,0.33,0.3,0.4
0.06,34.29,0.32,0.33,0.3,0.4
0.06,33.6,0.32,0.33,0.31,0.4
-0.04,33.14,0.32,0.34,0.31,0.4
0.11,32.57,0.32,0.34,0.31,0.41
-0.11,31.77,0.33,0.34,0.32,0.41
-0.06,31,0.33,0.35,0.32,0.41
-0.13,30.29,0.33,0.35,0.32,0.41
-0.08,29.73,0.33,0.35,0.33,0.41
-0.23,28.95,0.33,0.35,0.33,0.41
-0.14,28.16,0.33,0.36,0.34,0.41
-0.1,27.74,0.34,0.36,0.34,0.41
0.01,26.77,0.34,0.36,0.34,0.41
-0.13,26.58,0.34,0.36,0.34,0.41
-0.31,25.78,0.34,0.37,0.35,0.41
-0.35,24.5,0.34,0.37,0.35,0.41
-0.26,24.41,0.34,0.37,0.35,0.41
-0.2,23.96,0.34,0.37,0.35,0.41
-0.18,23.06,0.35,0.37,0.36,0.41
-0.29,22.47,0.35,0.38,0.36,0.41
-0.29,21.31,0.35,0.38,0.36,0.41
-0.55,21.47,0.35,0.38,0.36,0.41
-0.44,20.34,0.35,0.38,0.37,0.41
-0.32,19.83,0.35,0.38,0.37,0.41
-0.33,19.28,0.35,0.38,0.37,0.41
-0.34,19.11,0.35,0.38,0.37,0.41
-0.32,18.2,0.36,0.38,0.37,0.41
-0.28,17.18,0.36,0.38,0.37,0.41
-0.53,16.77,0.36,0.38,0.38,0.41
-0.53,15.99,0.36,0.39,0.38,0.41
-0.42,15.05,0.36,0.39,0.38,0.41
-0.52,14.77,0.36,0.39,0.38,0.41
-0.43,13.94,0.36,0.39,0.38,0.41
-0.31,13.35,0.36,0.39,0.38,0.41
-0.57,12.32,0.36,0.39,0.39,0.41
-0.4,11.3,0.36,0.39,0.39,0.41
-0.53,10.16,0.36,0.39,0.39,0.41
-0.57,9.5,0.36,0.39,0.39,0.41
-0.56,8.57,0.36,0.39,0.39,0.41
-0.59,7.77,0.36,0.39,0.39,0.41
-0.62,6.88,0.36,0.39,0.39,0.41
-0.48,6.55,0.36,0.4,0.4,0.41
-0.67,5.14,0.36,0.39,0.4,0.41
-0.78,4.49,0.36,0.4,0.4,0.41
-0.84,3.86,0.36,0.4,0.4,0.41
-0.94,3.14,0.36,0.4,0.4,0.41
-0.82,2.2,0.36,0.39,0.4,0.4
-0.8,1.86,0.36,0.4,0.4,0.4
-0.68,1.52,0.36,0.4,0.4,0.4
-1.02,0.85,0.36,0.39,0.4,0.4
-0.79,-0.07,0.36,0.4,0.4,0.4
-0.94,-0.34,0.36,0.4,0.4,0.4
-0.94,-0.77,0.36,0.4,0.4,0.4
-0.89,-1.64,0.36,0.4,0.4,0.4
-0.94,-1.76,0.36,0.4,0.4,0.4
-0.83,-2.49,0.36,0.39,0.4,0.4
-1.01,-2.67,0.36,0.4,0.4,0.4
-1.01,-3.41,0.36,0.39,0.4,0.4
-0.81,-3.72,0.36,0.39,0.4,0.4
-1.13,-4.1,0.36,0.39,0.4,0.39
-1.08,-4.56,0.36,0.39,0.4,0.39
-0.82,-5.25,0.36,0.39,0.4,0.39
-1.09,-5.16,0.36,0.39,0.41,0.39
-1.11,-5.32,0.36,0.39,0.41,0.39
-1.29,-6.21,0.36,0.39,0.41,0.39
-1.03,-6.31,0.36,0.39,0.41,0.39
-1.03,-6.99,0.36,0.39,0.41,0.39
-1.07,-7.26,0.36,0.39,0.41,0.39
-0.96,-7.76,0.36,0.39,0.41,0.39
-0.82,-8.52,0.36,0.39,0.41,0.39
-1.03,-9.03,0.36,0.39,0.41,0.39
-1.34,-9.41,0.36,0.39,0.41,0.39
-1.14,-10.28,0.36,0.39,0.41,0.38
-1.09,-10.76,0.36,0.39,0.41,0.38
-1.23,-11.78,0.36,0.39,0.41,0.38
-1.61,-11.54,0.36,0.39,0.41,0.38
-1.12,-12.87,0.36,0.39,0.41,0.38
-1.37,-13.39,0.35,0.39,0.41,0.38
-1.41,-14.27,0.35,0.39,0.41,0.38
-1.09,-15.27,0.35,0.39,0.41,0.37
-1.44,-15.54,0.35,0.38,0.41,0.37
-1.61,-16.07,0.35,0.38,0.41,0.37
-1.56,-16.98,0.35,0.38,0.41,0.37
-1.3,-17.83,0.35,0.38,0.41,0.37
-1.71,-17.83,0.35,0.38,0.41,0.37
-1.39,-18.93,0.35,0.38,0.41,0.36
-1.54,-20.17,0.34,0.38,0.41,0.36
-1.46,-21.01,0.34,0.37,0.41,0.35
-1.46,-21.97,0.34,0.37,0.41,0.35
-1.49,-22.94,0.34,0.37,0.41,0.34
-1.57,-24.21,0.33,0.37,0.41,0.34
-1.67,-24.65,0.33,0.37,0.42,0.34
-1.87,-25.43,0.33,0.37,0.41,0.34
-1.8,-25.86,0.33,0.36,0.42,0.34
-1.69,-25.72,0.33,0.36,0.42,0.34
-1.57,-26.19,0.33,0.36,0.42,0.33
-1.58,-26.18,0.33,0.36,0.42,0.33
-1.69,-26.57,0.33,0.36,0.42,0.33
-1.74,-26.57,0.33,0.36,0.42,0.33
-1.55,-27.01,0.33,0.36,0.42,0.33
-1.71,-27.19,0.33,0.36,0.42,0.33
-1.75,-27.56,0.33,0.36,0.42,0.33
-1.66,-27.8,0.32,0.36,0.42,0.32
-1.65,-28.22,0.32,0.36,0.42,0.32
-1.72,-28.52,0.32,0.36,0.42,0.32
-1.69,-28.93,0.32,0.36,0.42,0.32
-1.68,-29.47,0.32,0.35,0.42,0.32
-1.68,-29.69,0.32,0.35,0.42,0.31
-1.66,-29.91,0.32,0.35,0.42,0.31
-1.89,-30.57,0.32,0.35,0.42,0.31
-1.72,-30.81,0.31,0.35,0.42,0.31
-1.79,-31.42,0.31,0.35,0.42,0.3
-1.81,-31.65,0.31,0.35,0.42,0.3
-1.71,-32.59,0.31,0.34,0.42,0.3
-1.87,-32.93,0.31,0.34,0.42,0.3
-1.75,-33.49,0.31,0.34,0.42,0.29
-1.93,-33.74,0.3,0.34,0.42,0.29
-1.74,-34.33,0.3,0.34,0.42,0.29
-1.99,-34.58,0.3,0.34,0.43,0.29
-1.83,-35.08,0.3,0.34,0.43,0.29
-2.06,-35.52,0.3,0.34,0.43,0.28
-1.85,-35.96,0.3,0.33,0.43,0.28
-2.04,-36.33,0.29,0.33,0.43,0.28
-1.83,-37.03,0.29,0.33,0.43,0.27
-1.93,-37.57,0.29,0.33,0.43,0.27
-2.02,-37.96,0.29,0.33,0.43,0.27
-2.09,-38.39,0.28,0.32,0.43,0.26
-2.03,-38.71,0.28,0.32,0.43,0.26
-2.04,-39.29,0.28,0.32,0.43,0.26
-1.91,-39.38,0.28,0.32,0.43,0.26
-2.08,-39.77,0.28,0.32,0.43,0.26
-2.04,-39.98,0.28,0.32,0.43,0.26
-2.07,-40.14,0.28,0.32,0.43,0.26
-2.08,-40.44,0.28,0.32,0.43,0.25
-1.77,-40.47,0.28,0.32,0.43,0.25
-2.37,-40.55,0.28,0.32,0.43,0.25
-1.83,-41.04,0.27,0.31,0.43,0.25
-2.14,-40.88,0.27,0.31,0.43,0.25
-2.01,-41.59,0.27,0.31,0.43,0.25
-2.15,-42,0.27,0.31,0.43,0.24
-2.2,-42.06,0.27,0.31,0.43,0.24
-1.94,-42.89,0.27,0.31,0.43,0.24
-2.14,-43.14,0.26,0.31,0.43,0.23
-2.23,-43.4,0.26,0.3,0.43,0.23
-2.21,-43.9,0.26,0.3,0.43,0.23
-2.03,-44.3,0.26,0.3,0.43,0.23
-2.17,-44.69,0.26,0.3,0.42,0.22
-2.14,-44.92,0.25,0.3,0.42,0.22
-2.2,-45.52,0.25,0.29,0.42,0.22
-2.15,-45.98,0.25,0.29,0.42,0.21
-2.21,-46.79,0.25,0.29,0.42,0.21
-2.04,-47.21,0.24,0.29,0.42,0.2
-2.21,-47.64,0.24,0.29,0.41,0.2
-2.27,-48.13,0.24,0.28,0.41,0.2
-2.3,-48.46,0.24,0.28,0.41,0.2
-2.18,-48.65,0.24,0.28,0.41,0.19
-2.23,-49.13,0.23,0.28,0.41,0.19
-2.16,-49.35,0.23,0.28,0.41,0.19
-2.28,-49.73,0.23,0.28,0.41,0.19
-2.26,-49.84,0.23,0.28,0.41,0.19
-2.25,-50.43,0.23,0.27,0.41,0.18
-2.63,-50.71,0.23,0.27,0.41,0.18
-2.29,-50.66,0.23,0.27,0.41,0.18
-2.21,-50.97,0.23,0.27,0.41,0.18
-2.44,-51.01,0.23,0.27,0.41,0.18
-2.29,-51.13,0.23,0.27,0.41,0.18
-2.28,-51.13,0.23,0.27,0.41,0.18
-2.4,-51.57,0.23,0.27,0.41,0.18
-2.7,-50.94,0.23,0.27,0.41,0.18
-2.31,-51.52,0.22,0.27,0.41,0.18
-2.14,-51.63,0.22,0.27,0.41,0.17
-2.31,-51.4,0.22,0.27,0.41,0.17
-2.15,-51.85,0.22,0.27,0.41,0.17
-2.38,-52.04,0.22,0.27,0.41,0.17
-2.45,-52.04,0.22,0.27,0.41,0.17
-2.26,-52.73,0.22,0.27,0.41,0.17
-2.56,-52.74,0.22,0.26,0.41,0.16
-2.29,-52.97,0.22,0.26,0.4,0.16
-2.43,-53.07,0.21,0.26,0.4,0.16
-2.26,-53.57,0.21,0.26,0.4,0.16
-2.16,-53.88,0.21,0.26,0.4,0.15
-2.35,-53.73,0.21,0.26,0.4,0.15
-2.25,-54.51,0.21,0.26,0.4,0.15
-2.36,-54.56,0.21,0.25,0.4,0.15
-2.3,-54.68,0.21,0.25,0.4,0.14
-2.36,-55.05,0.2,0.25,0.4,0.14
-2.45,-55.42,0.2,0.25,0.4,0.14
-2.36,-55.34,0.2,0.25,0.4,0.14
-2.49,-55.75,0.2,0.25,0.4,0.14
-2.45,-56.09,0.2,0.25,0.4,0.13
-2.42,-55.92,0.2,0.24,0.4,0.13
-2.62,-56.72,0.2,0.24,0.39,0.13
-2.49,-56.78,0.2,0.24,0.39,0.12
-2.41,-57.22,0.19,0.24,0.39,0.12
-2.46,-57.44,0.19,0.24,0.39,0.12
-2.44,-57.63,0.19,0.23,0.39,0.11
-2.38,-58.69,0.19,0.23,0.38,0.11
-2.52,-58.61,0.18,0.23,0.38,0.1
-2.55,-59.77,0.18,0.22,0.38,0.1
-2.42,-60.17,0.18,0.22,0.37,0.09
-2.62,-60.91,0.17,0.21,0.36,0.08
-2.79,-61.34,0.17,0.21,0.36,0.08
-2.64,-61.84,0.16,0.21,0.35,0.07
-2.61,-62.4,0.16,0.2,0.35,0.07
-2.47,-63.06,0.16,0.2,0.34,0.06
-2.35,-63.79,0.16,0.19,0.34,0.06
-2.59,-64.26,0.15,0.19,0.33,0.06
-2.67,-64.9,0.15,0.19,0.33,0.05
-2.8,-65.35,0.15,0.18,0.33,0.05
-2.6,-65.87,0.14,0.18,0.32,0.04
-2.59,-66.31,0.14,0.17,0.32,0.04
-2.74,-66.95,0.14,0.17,0.32,0.04
-2.58,-67.17,0.13,0.17,0.31,0.03
-2.72,-68.04,0.13,0.16,0.31,0.03
-2.8,-68.44,0.13,0.16,0.31,0.03
-2.51,-68.93,0.13,0.16,0.31,0.03
-2.64,-69.39,0.12,0.15,0.3,0.02
-2.73,-69.58,0.12,0.15,0.3,0.02
-2.76,-70.17,0.12,0.14,0.3,0.02
-2.55,-70.63,0.11,0.14,0.29,0.02
-2.75,-71.56,0.11,0.14,0.29,0.02
-2.81,-71.72,0.11,0.13,0.29,0.02
-2.65,-71.98,0.1,0.13,0.28,0.01
-2.69,-73.22,0.1,0.12,0.28,0.01
-2.89,-72.96,0.1,0.12,0.28,0.01
-2.67,-73.54,0.09,0.11,0.27,0.01
-2.69,-74.17,0.09,0.11,0.27,0.01
-2.83,-74.43,0.09,0.11,0.27,0.01
-2.84,-75.36,0.08,0.1,0.26,0.01
-2.68,-75.54,0.08,0.1,0.26,0.01
-2.84,-75.54,0.08,0.09,0.26,0.01
-2.85,-76.35,0.07,0.09,0.25,0.01
-2.74,-77.34,0.07,0.08,0.25,0.01
-2.7,-77.24,0.07,0.08,0.25,0.01
-2.69,-77.53,0.06,0.08,0.24,0.01
-2.69,-78.64,0.06,0.07,0.24,0.01
-2.79,-78.02,0.06,0.07,0.23,0.01
-2.82,-78.67,0.06,0.07,0.22,0.01
-2.8,-79.23,0.05,0.07,0.2,0.01
-2.72,-79.27,0.05,0.06,0.16,0.01
-2.83,-79.05,0.05,0.06,0.13,0.01
-2.82,-80.18,0.05,0.06,0.09,0.01
-2.78,-79.53,0.05,0.06,0.06,0.01
-2.86,-79.6,0.05,0.06,0.05,0
-2.77,-79.6,0.04,0.05,0.04,0
-2.79,-83.4,0.04,0.05,0.02,0
-2.79,-79.56,0.04,0.04,0.02,0
-2.53,-80.2,0.04,0.03,0.02,0
-2.64,-84.43,0.03,0.02,0.02,0
-2.69,-80.12,0.03,0.02,0.02,0
-2.78,-84.1,0.03,0.01,0.02,0
-2.72,-85.58,0.02,0.01,0.02,0
-2.67,-86.31,0.01,0.01,0.01,0
-2.73,-87.54,0.01,0.01,0.01,0
-2.81,-86.92,0.01,0.01,0.01,0
-2.75,-85.51,0.01,0.01,0.01,0
-2.78,-85.43,0.01,0.01,0.01,0
-2.8,-83.09,0.01,0.01,0.01,0
-2.67,-83.17,0.02,0.01,0.02,0
-2.71,-86.92,0.02,0.01,0.02,0
-2.8,-86.96,0.03,0.02,0.02,0
-2.86,-80.34,0.04,0.03,0.02,0
-2.78,-80.3,0.04,0.04,0.02,0
-2.76,-80.13,0.04,0.05,0.03,0
-2.8,-79.87,0.05,0.06,0.06,0.01
-2.84,-78.99,0.05,0.06,0.17,0.01
-2.43,-79.56,0.06,0.07,0.22,0.01
-2.79,-77.99,0.06,0.08,0.24,0.01
-2.9,-77.55,0.07,0.08,0.25,0.01
-2.58,-77.04,0.08,0.09,0.26,0.01
-2.63,-76.17,0.08,0.1,0.26,0.01
-2.78,-75,0.09,0.11,0.27,0.01
-2.8,-75.21,0.1,0.12,0.28,0.01
-2.7,-73.62,0.1,0.12,0.28,0.01
-2.64,-72.85,0.1,0.13,0.29,0.01
-2.78,-72,0.11,0.13,0.29,0.02
-2.81,-71.93,0.11,0.14,0.29,0.02
-2.73,-70.83,0.12,0.14,0.3,0.02
-2.62,-69.45,0.12,0.15,0.3,0.02
-2.74,-68.95,0.13,0.16,0.31,0.03
-2.5,-66.88,0.14,0.18,0.32,0.04
-2.58,-66.25,0.15,0.19,0.33,0.05
-2.42,-65.03,0.15,0.2,0.33,0.06
-2.53,-63.88,0.16,0.2,0.34,0.07
-2.85,-63.44,0.16,0.21,0.34,0.07
-2.63,-62.58,0.17,0.21,0.36,0.08
-2.21,-61.47,0.17,0.21,0.36,0.08
-2.41,-61.01,0.17,0.22,0.37,0.09
-2.5,-60.91,0.18,0.22,0.37,0.09
-2.51,-59.75,0.18,0.23,0.38,0.1
-2.61,-59.12,0.19,0.23,0.38,0.11
-2.39,-58.54,0.19,0.24,0.39,0.11
-2.55,-57.69,0.19,0.24,0.39,0.12
-2.42,-57.09,0.2,0.25,0.4,0.13
-2.34,-56.24,0.2,0.25,0.4,0.14
-2.49,-54.5,0.21,0.26,0.4,0.15
-2.33,-54.45,0.21,0.26,0.41,0.16
-2.42,-52.97,0.22,0.27,0.41,0.17
-2.35,-52.3,0.22,0.27,0.41,0.17
-2.32,-51.45,0.23,0.27,0.41,0.18
-2.15,-50.7,0.23,0.28,0.41,0.19
-2.2,-49.88,0.23,0.28,0.41,0.19
-2.1,-49.12,0.24,0.28,0.41,0.19
-2.04,-48.97,0.24,0.28,0.42,0.2
-2.31,-48.35,0.24,0.28,0.42,0.2
-2.28,-48.01,0.24,0.29,0.42,0.2
-2.15,-47.61,0.25,0.29,0.42,0.21
-2.15,-47.38,0.25,0.29,0.42,0.21
-2.26,-46.32,0.25,0.29,0.42,0.22
-2.31,-45.75,0.25,0.3,0.42,0.22
-2.08,-45.39,0.26,0.3,0.43,0.22
-2.1,-44.62,0.26,0.3,0.43,0.23
-2.05,-44,0.26,0.3,0.43,0.23
-1.98,-43.31,0.27,0.31,0.43,0.24
-2.02,-42.51,0.27,0.31,0.43,0.24
-2.03,-41.84,0.27,0.31,0.43,0.25
-1.58,-41.22,0.27,0.31,0.43,0.25
-1.93,-40.6,0.28,0.32,0.43,0.25
-1.97,-39.86,0.28,0.32,0.43,0.26
-2.11,-39.33,0.28,0.32,0.43,0.26
-2.16,-38.72,0.29,0.32,0.43,0.27
-1.99,-38.13,0.29,0.33,0.43,0.27
-1.84,-37.06,0.29,0.33,0.43,0.28
-1.66,-36.6,0.3,0.33,0.42,0.28
-1.73,-35.79,0.3,0.33,0.42,0.28
-1.83,-35.42,0.3,0.34,0.42,0.29
-1.82,-34.67,0.3,0.34,0.42,0.29
-1.69,-33.77,0.31,0.34,0.42,0.3
-1.75,-33.37,0.31,0.34,0.42,0.3
-1.77,-32.74,0.31,0.34,0.42,0.3
-1.69,-32.4,0.31,0.35,0.42,0.3
-1.79,-31.63,0.31,0.35,0.42,0.31
-1.88,-31.41,0.32,0.35,0.42,0.31
-1.85,-30.58,0.32,0.35,0.42,0.31
-1.59,-30.05,0.32,0.35,0.42,0.32
-1.53,-28.89,0.32,0.36,0.42,0.32
-1.62,-28.45,0.32,0.36,0.42,0.33
-1.76,-27.19,0.33,0.36,0.41,0.33
-1.36,-26.18,0.33,0.37,0.41,0.34
-2.06,-25.65,0.34,0.37,0.41,0.34
-1.77,-24.56,0.34,0.37,0.41,0.35
-1.78,-23.7,0.34,0.37,0.41,0.35
-1.69,-23.08,0.34,0.37,0.41,0.35
-1.34,-22.51,0.34,0.37,0.41,0.35
-1.46,-21.8,0.34,0.37,0.41,0.36
-1.5,-20.97,0.34,0.38,0.41,0.36
-1.62,-19.9,0.35,0.38,0.41,0.36
-1.52,-19.38,0.35,0.38,0.41,0.37
-1.6,-18.35,0.35,0.38,0.41,0.37
-1.33,-18.2,0.35,0.38,0.41,0.37
-1.4,-17.67,0.35,0.38,0.41,0.37
-1.57,-16.92,0.35,0.38,0.41,0.37
-1.54,-16.47,0.35,0.38,0.41,0.37
-1.4,-15.81,0.35,0.39,0.41,0.38
-1.5,-15.3,0.35,0.39,0.41,0.38
-1.41,-14.48,0.35,0.39,0.41,0.38
-1.31,-13.85,0.36,0.39,0.41,0.38
-1.23,-13.42,0.36,0.39,0.41,0.38
-1.14,-12.63,0.36,0.39,0.41,0.38
-1.29,-12.07,0.36,0.39,0.41,0.38
-1.34,-11.31,0.36,0.39,0.41,0.39
-1.32,-10.24,0.36,0.39,0.41,0.39
-1.34,-9.42,0.36,0.39,0.41,0.39
-1.05,-8.48,0.36,0.39,0.41,0.39
-1.1,-7.82,0.36,0.39,0.41,0.39
-1.1,-6.86,0.36,0.39,0.41,0.39
-1.3,-6.15,0.36,0.39,0.41,0.39
-1.12,-5.39,0.36,0.4,0.41,0.4
-1.12,-4.88,0.36,0.39,0.41,0.4
-1.03,-4.31,0.36,0.4,0.41,0.4
-1.05,-3.74,0.36,0.4,0.4,0.4
-1.07,-3.32,0.36,0.4,0.4,0.4
-1.01,-2.7,0.36,0.4,0.4,0.4
-0.94,-2.23,0.36,0.4,0.4,0.4
-1.02,-1.48,0.36,0.4,0.4,0.4
-0.94,-0.86,0.36,0.4,0.4,0.4
-1.02,-0.56,0.36,0.4,0.4,0.4
-1.07,0.19,0.36,0.4,0.4,0.4
-0.7,0.49,0.36,0.4,0.4,0.4
-0.73,1.16,0.36,0.4,0.4,0.4
-0.71,1.47,0.36,0.4,0.4,0.4
-0.81,2.16,0.36,0.4,0.4,0.41
-0.93,2.57,0.36,0.39,0.4,0.41
-0.93,2.93,0.36,0.4,0.4,0.41
-0.92,3.68,0.36,0.39,0.4,0.41
-0.87,4.09,0.36,0.39,0.4,0.41
-0.86,4.61,0.36,0.39,0.4,0.41
-0.85,5.46,0.36,0.39,0.39,0.41
-0.9,6.08,0.36,0.39,0.39,0.41
-0.79,6.11,0.36,0.39,0.39,0.41
-0.75,6.08,0.36,0.39,0.39,0.41
-0.73,6.11,0.36,0.39,0.39,0.41
-0.76,6.13,0.36,0.39,0.39,0.41
-0.76,6.14,0.36,0.39,0.39,0.41
-0.74,6.17,0.36,0.39,0.39,0.41
-0.73,6.15,0.36,0.39,0.39,0.41
-0.78,6.17,0.36,0.39,0.39,0.41
-0.75,6.19,0.36,0.39,0.39,0.41
-0.75,6.21,0.36,0.39,0.39,0.41
-0.77,6.22,0.36,0.39,0.39,0.41
