-1,-0.28,0.38,0.41,0.36,0.39
-0.99,-0.27,0.38,0.41,0.36,0.39
-1,-0.28,0.38,0.41,0.36,0.39
-1,-0.28,0.38,0.41,0.36,0.39
-1,-0.22,0.38,0.41,0.36,0.39
-0.99,-0.25,0.38,0.41,0.36,0.39
-0.97,-0.25,0.38,0.41,0.36,0.39
-1.04,-0.32,0.38,0.41,0.36,0.39
-1,-0.31,0.38,0.41,0.36,0.39
-1.02,-0.31,0.38,0.41,0.36,0.39
-0.95,-0.27,0.38,0.41,0.36,0.39
-1.02,-0.16,0.38,0.41,0.36,0.39
-1,-0.06,0.38,0.41,0.36,0.39
-1.02,-0.1,0.38,0.41,0.36,0.39
-1.03,-0.34,0.38,0.41,0.36,0.39
-0.99,-0.33,0.38,0.41,0.36,0.39
-1,-0.33,0.38,0.41,0.36,0.39
-1.02,-0.14,0.38,0.41,0.36,0.39
-1.06,-0.31,0.38,0.41,0.36,0.39
-1.18,-0.17,0.38,0.41,0.36,0.39
-1.33,-0.4,0.38,0.41,0.36,0.39
-1.65,-0.27,0.38,0.41,0.36,0.39
-1.88,-0.2,0.38,0.41,0.36,0.39
-2.37,0.19,0.38,0.41,0.36,0.39
-2.79,0.09,0.38,0.41,0.36,0.39
-3.17,0.15,0.38,0.41,0.36,0.39
-3.79,0.06,0.38,0.41,0.36,0.39
-4.24,-0.08,0.38,0.41,0.36,0.39
-4.89,0.06,0.37,0.42,0.36,0.39
-5.5,-0.07,0.37,0.42,0.36,0.39
-6.18,0.06,0.37,0.42,0.36,0.39
-6.88,-0.04,0.37,0.41,0.36,0.39
-7.41,0.01,0.37,0.41,0.36,0.39
-7.95,-0.11,0.37,0.41,0.36,0.39
-8.09,-0.15,0.37,0.41,0.36,0.39
-8.8,0.06,0.37,0.41,0.36,0.39
-9.23,0.13,0.37,0.41,0.36,0.39
-9.71,0.08,0.36,0.41,0.36,0.39
-10.35,0.13,0.36,0.41,0.36,0.38
-10.61,0.05,0.36,0.41,0.36,0.38
-10.95,0.1,0.36,0.41,0.36,0.38
-11.4,-0.03,0.36,0.41,0.36,0.38
-12.3,0.04,0.35,0.42,0.36,0.38
-13.26,0.16,0.35,0.42,0.36,0.38
-13.76,0.28,0.35,0.42,0.36,0.38
-14.51,0.22,0.35,0.42,0.36,0.38
-15.27,-0.08,0.35,0.42,0.36,0.38
-15.49,0.31,0.34,0.42,0.35,0.38
-16.66,0.13,0.34,0.42,0.35,0.38
-16.57,0.13,0.34,0.42,0.35,0.37
-18.1,0.22,0.34,0.42,0.35,0.37
-18.57,0.24,0.33,0.42,0.35,0.37
-19.45,0.4,0.33,0.42,0.35,0.37
-20.27,0.44,0.33,0.42,0.35,0.37
-21.19,0.49,0.32,0.42,0.34,0.37
-22.07,0.55,0.32,0.42,0.34,0.36
-23.14,0.55,0.32,0.42,0.34,0.36
-23.71,0.3,0.31,0.42,0.34,0.36
-24.37,0.66,0.31,0.42,0.34,0.36
-25.55,0.6,0.31,0.42,0.34,0.36
-25.83,0.72,0.31,0.42,0.33,0.36
-26.75,0.64,0.3,0.42,0.33,0.35
-27.37,0.66,0.3,0.42,0.33,0.35
-28.35,0.84,0.29,0.42,0.33,0.35
-28.85,0.74,0.29,0.42,0.32,0.35
-29.97,0.71,0.29,0.42,0.32,0.34
-30.52,0.68,0.28,0.42,0.32,0.34
-31.42,0.73,0.28,0.41,0.32,0.34
-32.01,0.72,0.28,0.41,0.31,0.34
-32.82,0.79,0.27,0.41,0.31,0.33
-33.38,0.87,0.27,0.41,0.31,0.33
-34.34,0.87,0.27,0.41,0.31,0.33
-34.59,0.87,0.27,0.41,0.3,0.33
-34.98,0.9,0.27,0.41,0.3,0.33
-35.06,0.83,0.27,0.41,0.3,0.33
-35.51,0.87,0.26,0.41,0.3,0.32
-35.65,0.68,0.26,0.41,0.3,0.32
-35.72,0.77,0.26,0.41,0.3,0.32
-36.14,1.07,0.26,0.41,0.3,0.32
-36.26,0.93,0.26,0.41,0.3,0.32
-36.72,0.94,0.26,0.41,0.3,0.32
-37.09,0.94,0.25,0.41,0.29,0.32
-37.79,1.04,0.25,0.4,0.29,0.31
-37.94,1.07,0.25,0.4,0.29,0.31
-38.41,0.94,0.25,0.4,0.29,0.31
-39.09,0.91,0.25,0.4,0.29,0.31
-39.03,0.97,0.24,0.4,0.28,0.31
-39.84,0.87,0.24,0.4,0.28,0.3
-40.42,0.92,0.24,0.4,0.28,0.3
-41.15,1.05,0.23,0.39,0.27,0.3
-41.59,1.05,0.23,0.39,0.27,0.29
-42.11,1.13,0.22,0.39,0.27,0.29
-43.05,0.93,0.22,0.39,0.27,0.29
-43.21,1.08,0.22,0.39,0.26,0.29
-43.9,0.95,0.21,0.39,0.26,0.28
-44.58,1.12,0.21,0.38,0.26,0.28
-45.27,1.13,0.2,0.38,0.25,0.28
-45.46,1.14,0.2,0.38,0.25,0.28
-46.36,0.96,0.19,0.38,0.25,0.27
-46.98,1.1,0.19,0.37,0.24,0.27
-47.85,1.08,0.18,0.37,0.24,0.27
-48.31,1.23,0.18,0.37,0.24,0.27
-49.03,1.21,0.17,0.37,0.23,0.26
-49.4,1.2,0.17,0.37,0.23,0.26
-50.14,1.23,0.16,0.36,0.23,0.26
-50.8,1.13,0.16,0.36,0.23,0.25
-51.22,1.17,0.15,0.36,0.22,0.25
-51.94,1.13,0.15,0.36,0.22,0.25
-52.53,1.37,0.14,0.36,0.22,0.25
-53.08,1.14,0.14,0.35,0.21,0.24
-53.68,1.32,0.13,0.35,0.21,0.24
-54.32,1.34,0.13,0.35,0.21,0.24
-55.05,1.24,0.12,0.35,0.2,0.23
-55.65,1.22,0.12,0.35,0.2,0.23
-56.21,1.14,0.11,0.34,0.2,0.23
-57.05,1.14,0.1,0.34,0.19,0.22
-57.69,1.33,0.1,0.34,0.19,0.22
-57.93,1.14,0.09,0.34,0.19,0.22
-58.99,1.24,0.09,0.33,0.18,0.21
-59.45,1.32,0.08,0.33,0.18,0.21
-60.3,1.34,0.08,0.33,0.18,0.21
-60.67,1.42,0.07,0.32,0.17,0.2
-60.93,1.34,0.07,0.32,0.17,0.2
-61.59,1.41,0.06,0.32,0.17,0.2
-62.34,1.31,0.06,0.32,0.17,0.19
-62.1,1.26,0.06,0.31,0.16,0.19
-63.65,1.39,0.05,0.31,0.16,0.19
-64.02,1.5,0.05,0.31,0.16,0.18
-64.23,1.42,0.04,0.31,0.15,0.18
-64.62,1.37,0.04,0.31,0.15,0.18
-65.28,1.28,0.04,0.3,0.15,0.17
-65.82,1.32,0.04,0.3,0.15,0.17
-65.74,1.44,0.03,0.3,0.15,0.17
-66.42,1.36,0.03,0.3,0.14,0.16
-67.42,1.42,0.03,0.29,0.14,0.16
-67.27,1.18,0.03,0.29,0.14,0.15
-67.74,1.31,0.03,0.29,0.13,0.15
-68.46,1.45,0.02,0.29,0.13,0.15
-68.98,1.47,0.02,0.29,0.13,0.15
-68.87,1.4,0.02,0.28,0.13,0.14
-69.27,1.38,0.02,0.28,0.13,0.14
-70.2,1.36,0.02,0.28,0.12,0.13
-70.36,1.45,0.02,0.28,0.12,0.13
-70.95,1.36,0.02,0.28,0.12,0.13
-71,1.22,0.02,0.27,0.11,0.12
-71.95,1.32,0.02,0.27,0.11,0.12
-71.65,1.46,0.02,0.27,0.11,0.12
-72.01,1.4,0.02,0.27,0.11,0.11
-72.93,1.41,0.02,0.26,0.1,0.11
-72.95,1.45,0.02,0.26,0.1,0.11
-73.65,1.38,0.02,0.26,0.1,0.1
-74.83,1.54,0.02,0.26,0.1,0.1
-73.87,1.41,0.02,0.26,0.1,0.1
-74.89,1.55,0.02,0.26,0.1,0.1
-74.59,1.33,0.02,0.26,0.09,0.1
-74.72,1.36,0.02,0.25,0.09,0.1
-75.02,1.56,0.02,0.25,0.09,0.09
-74.02,1.51,0.02,0.25,0.09,0.09
-75.67,1.5,0.02,0.25,0.09,0.09
-75.27,1.3,0.02,0.25,0.09,0.09
-75.3,1.34,0.02,0.25,0.09,0.09
-75.65,1.65,0.02,0.25,0.09,0.09
-75.6,1.67,0.02,0.25,0.09,0.09
-75.98,1.46,0.02,0.25,0.09,0.09
-75.6,1.41,0.02,0.25,0.09,0.08
-75.89,1.54,0.02,0.25,0.08,0.08
-75.71,1.51,0.02,0.25,0.09,0.09
-75.92,1.26,0.02,0.25,0.09,0.09
-75.32,1.46,0.02,0.25,0.09,0.09
-75.36,1.41,0.02,0.25,0.09,0.09
-75.29,1.52,0.02,0.25,0.09,0.1
-74.94,1.52,0.02,0.26,0.1,0.1
-74.55,1.42,0.02,0.26,0.1,0.11
-72.99,1.35,0.02,0.27,0.11,0.11
-72.15,1.67,0.02,0.27,0.11,0.12
-72.21,1.54,0.02,0.28,0.12,0.13
-70.31,1.6,0.02,0.28,0.12,0.14
-69.99,1.41,0.02,0.29,0.13,0.14
-69.36,1.6,0.02,0.29,0.13,0.15
-68.3,1.45,0.03,0.29,0.14,0.15
-67.77,1.42,0.03,0.3,0.14,0.16
-66.92,1.5,0.03,0.3,0.14,0.16
-66.18,1.41,0.04,0.3,0.15,0.17
-65.1,1.47,0.05,0.31,0.16,0.18
-64.09,1.49,0.06,0.32,0.16,0.19
-63.41,1.33,0.06,0.32,0.17,0.2
-61.98,1.51,0.07,0.32,0.17,0.2
-61.01,1.66,0.08,0.33,0.18,0.21
-60.48,1.26,0.08,0.33,0.18,0.21
-59.45,1.31,0.09,0.33,0.19,0.22
-58.46,1.41,0.1,0.34,0.19,0.22
-58.02,1.38,0.11,0.34,0.2,0.23
-56.31,1.35,0.12,0.35,0.2,0.23
-55.31,1.43,0.13,0.35,0.21,0.24
-55.09,1.32,0.14,0.35,0.21,0.24
-53.63,1.44,0.14,0.36,0.22,0.25
-53.21,1.02,0.15,0.36,0.22,0.25
-51.72,1.17,0.16,0.36,0.23,0.25
-51.18,1.31,0.17,0.36,0.23,0.26
-49.98,1.09,0.17,0.37,0.23,0.26
-49.88,1,0.18,0.37,0.24,0.27
-48.68,1.26,0.18,0.37,0.24,0.27
-47.74,1.22,0.19,0.37,0.25,0.27
-46.77,0.96,0.2,0.37,0.25,0.28
-46.33,1.22,0.2,0.38,0.25,0.28
-45.19,1.18,0.21,0.38,0.26,0.28
-44.86,1.41,0.22,0.38,0.26,0.29
-43.88,1.31,0.22,0.38,0.26,0.29
-42.98,0.97,0.22,0.39,0.27,0.29
-42.32,1.09,0.23,0.39,0.27,0.3
-41.85,1.15,0.24,0.39,0.28,0.3
-41.03,1.22,0.24,0.39,0.28,0.3
-40.17,1.07,0.24,0.39,0.28,0.31
-39.65,1.15,0.25,0.4,0.29,0.31
-38.9,1.04,0.25,0.4,0.29,0.31
-37.8,1.19,0.26,0.4,0.29,0.32
-37.83,1.08,0.26,0.4,0.3,0.32
-36.33,0.99,0.26,0.41,0.3,0.32
-35.19,1.33,0.27,0.41,0.3,0.33
-34.51,1.16,0.27,0.41,0.31,0.33
-33.68,1.12,0.28,0.41,0.31,0.33
-33.02,1.19,0.28,0.41,0.31,0.34
-32.15,0.96,0.28,0.42,0.32,0.34
-31.74,0.91,0.28,0.42,0.32,0.34
-31.79,0.8,0.29,0.42,0.32,0.34
-30.92,1.05,0.29,0.42,0.32,0.34
-30.1,0.86,0.29,0.42,0.32,0.35
-30.07,1,0.29,0.42,0.33,0.35
-28.61,0.62,0.3,0.42,0.33,0.35
-28.25,0.65,0.3,0.42,0.33,0.35
-27.38,0.75,0.31,0.42,0.33,0.35
-26.36,1.04,0.31,0.42,0.34,0.36
-25.52,1.04,0.31,0.42,0.34,0.36
-25.36,0.6,0.31,0.42,0.34,0.36
-24.63,0.39,0.32,0.42,0.34,0.36
-24.11,0.79,0.32,0.42,0.34,0.36
-23.05,0.87,0.32,0.42,0.34,0.36
-22.8,0.71,0.32,0.42,0.34,0.37
-21.81,0.39,0.33,0.42,0.35,0.37
-21.59,0.55,0.33,0.42,0.35,0.37
-20.94,0.39,0.33,0.42,0.35,0.37
-20.4,0.44,0.33,0.42,0.35,0.37
-19.83,0.93,0.33,0.42,0.35,0.37
-19.68,0.69,0.33,0.42,0.35,0.37
-19.38,0.69,0.34,0.42,0.35,0.37
-18.41,0.72,0.34,0.42,0.35,0.37
-17.27,0.44,0.34,0.42,0.35,0.38
-16.73,0.81,0.34,0.42,0.35,0.38
-16.01,0.49,0.35,0.42,0.35,0.38
-14.9,0.78,0.35,0.41,0.36,0.38
-14.07,0.71,0.35,0.41,0.36,0.38
-13.56,0.41,0.36,0.41,0.36,0.38
-12.63,1.79,0.36,0.41,0.36,0.38
-12.4,0.6,0.36,0.41,0.36,0.38
-11.17,0.66,0.36,0.41,0.36,0.38
-10.61,0.5,0.36,0.41,0.36,0.39
-9.93,0.48,0.37,0.41,0.36,0.39
-8.73,0.17,0.37,0.41,0.36,0.39
-7.97,0.13,0.37,0.41,0.36,0.39
-7.05,0.47,0.37,0.41,0.36,0.39
-6.25,0.56,0.37,0.41,0.36,0.39
-5.57,0.25,0.38,0.41,0.36,0.39
-4.89,0.05,0.38,0.41,0.36,0.39
-3.97,0.19,0.38,0.41,0.36,0.39
-3.24,0.13,0.38,0.41,0.36,0.39
-2.54,0.23,0.38,0.41,0.36,0.39
-1.57,-0.04,0.38,0.41,0.36,0.39
-0.96,-0.2,0.38,0.41,0.36,0.39
-0.16,0.12,0.39,0.41,0.36,0.39
0.5,-0.1,0.39,0.41,0.36,0.39
1.2,-0.1,0.39,0.4,0.36,0.39
1.87,0.11,0.39,0.4,0.36,0.39
2.41,-0.11,0.39,0.4,0.36,0.39
3.68,-0.1,0.39,0.4,0.36,0.39
4.24,-0.26,0.39,0.4,0.36,0.39
5.09,-0.35,0.39,0.4,0.36,0.39
5.9,0.12,0.39,0.4,0.36,0.39
6.56,-0.03,0.39,0.4,0.36,0.39
7.53,-0.09,0.4,0.39,0.36,0.39
8.16,-0.14,0.4,0.39,0.36,0.39
9.51,0.08,0.4,0.39,0.36,0.39
9.85,-0.31,0.4,0.39,0.36,0.39
11.08,-0.26,0.4,0.39,0.36,0.39
12.08,-0.21,0.4,0.38,0.35,0.39
12.55,-0.34,0.4,0.38,0.35,0.38
13.56,-0.15,0.4,0.38,0.35,0.38
14.29,-0.57,0.4,0.37,0.35,0.38
15.44,-0.35,0.4,0.37,0.35,0.38
16.46,-0.43,0.4,0.37,0.35,0.38
17.1,-0.44,0.4,0.36,0.35,0.38
18.21,-0.23,0.4,0.36,0.34,0.38
19,-0.41,0.4,0.36,0.34,0.38
20.16,-0.34,0.4,0.35,0.34,0.37
20.97,-0.41,0.4,0.35,0.34,0.37
21.44,-0.61,0.4,0.35,0.34,0.37
22.93,-0.68,0.4,0.34,0.33,0.37
23.8,-0.64,0.4,0.34,0.33,0.37
24.61,-0.37,0.4,0.33,0.33,0.36
25.8,-0.49,0.4,0.33,0.33,0.36
26.41,-0.82,0.4,0.33,0.33,0.36
27.25,-0.64,0.4,0.32,0.33,0.36
28.07,-0.86,0.39,0.32,0.32,0.35
28.88,-0.56,0.39,0.31,0.32,0.35
29.68,-0.88,0.39,0.31,0.32,0.35
30.2,-0.62,0.39,0.3,0.32,0.35
31.09,-0.91,0.39,0.3,0.31,0.35
31.83,-0.69,0.39,0.3,0.31,0.34
31.6,-0.87,0.39,0.3,0.31,0.34
32.68,-0.88,0.39,0.29,0.31,0.34
32.38,-0.73,0.39,0.29,0.31,0.34
33.67,-0.68,0.39,0.29,0.31,0.34
33.76,-0.66,0.39,0.29,0.31,0.33
33.67,-1.01,0.39,0.29,0.31,0.33
33.9,-0.62,0.39,0.28,0.3,0.33
34.19,-0.75,0.39,0.28,0.3,0.33
35.4,-1.06,0.39,0.28,0.3,0.33
35.25,-0.94,0.39,0.27,0.3,0.32
36.4,-0.66,0.38,0.27,0.29,0.32
36.95,-0.72,0.38,0.26,0.29,0.32
38.4,-0.92,0.38,0.26,0.29,0.31
38.67,-0.9,0.38,0.25,0.29,0.31
39.45,-1.2,0.38,0.25,0.28,0.31
40.02,-1,0.38,0.24,0.28,0.3
40.96,-0.86,0.38,0.24,0.28,0.3
41.16,-1.45,0.38,0.23,0.27,0.29
41.97,-1.15,0.38,0.23,0.27,0.29
42.72,-1.12,0.38,0.22,0.27,0.29
43.55,-0.87,0.38,0.22,0.27,0.28
44.38,-1.28,0.37,0.21,0.26,0.28
44.97,-1.26,0.37,0.2,0.26,0.28
45.97,-1.1,0.37,0.2,0.26,0.27
46.62,-1.45,0.37,0.19,0.26,0.27
47.29,-1.26,0.37,0.19,0.25,0.26
47.68,-1.12,0.37,0.18,0.25,0.26
48.01,-1.51,0.37,0.18,0.25,0.26
49.49,-1.36,0.37,0.17,0.24,0.25
49.87,-1.34,0.36,0.16,0.24,0.25
50.34,-1.27,0.36,0.15,0.24,0.24
51.85,-1.22,0.36,0.15,0.23,0.24
52.3,-1.43,0.36,0.14,0.23,0.23
52.85,-1.46,0.35,0.13,0.22,0.23
53.79,-1.64,0.35,0.13,0.22,0.23
54.89,-1.45,0.35,0.12,0.22,0.22
54.92,-1.21,0.35,0.11,0.21,0.22
56.01,-1.5,0.35,0.11,0.21,0.22
56.77,-1.56,0.34,0.11,0.21,0.21
56.94,-1.49,0.34,0.1,0.2,0.21
57.67,-1.55,0.34,0.09,0.2,0.2
58.17,-1.66,0.34,0.09,0.2,0.2
59.78,-1.43,0.33,0.08,0.19,0.2
59.21,-1.58,0.33,0.08,0.19,0.19
60.54,-1.58,0.33,0.07,0.19,0.19
61.19,-1.66,0.33,0.07,0.18,0.19
60.91,-1.76,0.32,0.06,0.18,0.18
63.35,-1.75,0.32,0.06,0.17,0.18
62.89,-1.66,0.31,0.05,0.16,0.17
63.97,-1.66,0.31,0.05,0.16,0.17
65.28,-1.7,0.31,0.04,0.16,0.16
65.38,-1.48,0.31,0.04,0.15,0.16
65.67,-1.75,0.3,0.03,0.15,0.15
66.89,-1.74,0.3,0.03,0.14,0.15
66.85,-1.67,0.3,0.03,0.14,0.15
68.36,-1.78,0.3,0.03,0.13,0.14
68.21,-1.77,0.29,0.03,0.13,0.14
68.67,-1.78,0.29,0.02,0.12,0.14
69.94,-1.77,0.29,0.02,0.12,0.14
70.23,-1.8,0.29,0.02,0.12,0.13
70.67,-1.84,0.28,0.02,0.11,0.13
71.02,-1.86,0.28,0.02,0.11,0.13
71.93,-1.93,0.28,0.02,0.1,0.12
71.34,-1.65,0.28,0.02,0.1,0.12
72.32,-1.73,0.28,0.02,0.1,0.12
72.89,-1.74,0.27,0.02,0.1,0.12
72.47,-1.81,0.27,0.02,0.1,0.12
72.26,-1.88,0.27,0.02,0.1,0.12
72.58,-1.8,0.27,0.02,0.09,0.11
72.76,-1.86,0.27,0.02,0.1,0.12
72.9,-1.79,0.27,0.02,0.1,0.12
72.57,-1.92,0.28,0.02,0.1,0.12
72.21,-1.86,0.28,0.02,0.1,0.12
71.92,-1.84,0.28,0.02,0.1,0.12
71.48,-1.84,0.28,0.02,0.11,0.13
69.87,-1.79,0.29,0.02,0.12,0.14
69.79,-1.71,0.3,0.03,0.13,0.14
68.8,-1.63,0.3,0.03,0.14,0.15
67.73,-1.55,0.3,0.03,0.14,0.15
66.16,-1.92,0.31,0.04,0.15,0.16
66.06,-1.61,0.31,0.04,0.16,0.16
64.81,-1.69,0.31,0.05,0.16,0.17
64.23,-1.61,0.32,0.05,0.17,0.17
63.47,-1.58,0.32,0.06,0.17,0.18
62.68,-1.58,0.32,0.07,0.18,0.19
61.93,-1.72,0.33,0.07,0.19,0.19
60.27,-1.69,0.33,0.08,0.19,0.2
60.15,-1.45,0.33,0.09,0.2,0.2
58.61,-1.45,0.34,0.1,0.2,0.21
58.03,-1.59,0.34,0.1,0.21,0.21
56.62,-1.47,0.35,0.12,0.21,0.22
55.4,-1.47,0.35,0.13,0.22,0.22
54.87,-1.37,0.35,0.14,0.23,0.23
53.36,-1.39,0.36,0.14,0.23,0.24
52.01,-1.39,0.36,0.16,0.24,0.24
51.44,-1.61,0.36,0.16,0.24,0.25
50.32,-1.47,0.37,0.17,0.25,0.25
49.33,-1.28,0.37,0.18,0.25,0.26
48.18,-1.39,0.37,0.19,0.25,0.26
47.53,-1.29,0.37,0.2,0.26,0.27
46.24,-1.21,0.37,0.2,0.26,0.27
46.06,-1.3,0.38,0.21,0.26,0.28
45.26,-1.21,0.38,0.21,0.27,0.28
44.55,-1.11,0.38,0.22,0.27,0.28
44.66,-0.91,0.38,0.22,0.27,0.29
42.81,-1.05,0.38,0.23,0.27,0.29
42.56,-1.18,0.38,0.23,0.28,0.29
41.67,-1.11,0.38,0.24,0.28,0.3
40.97,-1.34,0.38,0.24,0.28,0.3
40.96,-0.96,0.38,0.24,0.28,0.3
39.33,-1.31,0.38,0.25,0.29,0.31
38.78,-1.33,0.38,0.26,0.29,0.31
37.59,-0.73,0.39,0.26,0.29,0.32
36.75,-1.09,0.39,0.27,0.3,0.32
36.3,-1.44,0.39,0.28,0.3,0.33
35.2,-0.73,0.39,0.28,0.3,0.33
34.17,-0.93,0.39,0.29,0.31,0.34
32.45,-0.83,0.39,0.29,0.31,0.34
32.29,-0.91,0.39,0.3,0.31,0.35
31.14,-1.14,0.39,0.31,0.32,0.35
29.78,-0.94,0.39,0.31,0.32,0.35
28.47,-0.9,0.39,0.32,0.32,0.36
28.09,-0.68,0.39,0.32,0.33,0.36
27.4,-1.01,0.4,0.33,0.33,0.36
26.87,-0.88,0.4,0.33,0.33,0.36
25.68,-0.74,0.4,0.33,0.33,0.37
24.72,-0.43,0.4,0.34,0.33,0.37
23.73,-0.6,0.4,0.34,0.34,0.37
23.18,-0.54,0.4,0.35,0.34,0.37
22.06,-0.79,0.4,0.35,0.34,0.37
21.17,-0.57,0.4,0.35,0.34,0.38
20.05,-0.59,0.4,0.36,0.34,0.38
19.73,-0.39,0.4,0.36,0.34,0.38
18.76,-0.63,0.4,0.36,0.35,0.38
17.5,-0.32,0.4,0.37,0.35,0.38
17.04,-0.2,0.4,0.37,0.35,0.38
16.32,-0.31,0.4,0.37,0.35,0.38
15.19,-0.28,0.4,0.37,0.35,0.38
14.79,-0.3,0.4,0.38,0.35,0.38
13.92,-0.18,0.4,0.38,0.35,0.38
13.57,-0.28,0.4,0.38,0.35,0.39
12.11,-0.27,0.4,0.39,0.36,0.39
11.01,-0.08,0.4,0.39,0.36,0.39
10.29,-0.21,0.4,0.39,0.36,0.39
9.09,-0.17,0.4,0.39,0.36,0.39
8.33,-0.59,0.4,0.4,0.36,0.39
8.24,0.05,0.4,0.4,0.36,0.39
7.54,-0.14,0.39,0.4,0.36,0.39
6.98,0.1,0.39,0.4,0.36,0.39
6.28,0.02,0.39,0.4,0.36,0.39
5.61,0.02,0.39,0.4,0.36,0.39
5.09,-0,0.39,0.4,0.36,0.39
4.78,0.06,0.39,0.4,0.36,0.39
4.13,0.19,0.39,0.4,0.36,0.39
3.67,-0.08,0.39,0.41,0.36,0.39
3.46,-0.12,0.39,0.41,0.36,0.39
3.3,0.57,0.39,0.41,0.36,0.39
2.5,0.06,0.39,0.41,0.36,0.39
2.27,0.28,0.39,0.41,0.36,0.39
1.95,0.25,0.39,0.41,0.36,0.39
1.57,0.19,0.39,0.41,0.36,0.39
1.1,0.25,0.39,0.41,0.36,0.39
0.33,0.36,0.38,0.41,0.36,0.39
-0.2,0.19,0.38,0.41,0.36,0.39
-0.86,0.18,0.38,0.41,0.36,0.39
-1.31,0.47,0.38,0.41,0.36,0.39
-1.9,-0.15,0.38,0.41,0.36,0.39
-2.37,0.11,0.38,0.41,0.36,0.39
-2.73,0.23,0.38,0.41,0.36,0.39
-3.61,0.3,0.38,0.41,0.36,0.39
-3.88,0.24,0.38,0.41,0.36,0.39
-4.55,0.36,0.38,0.41,0.36,0.39
-5.07,0.17,0.37,0.41,0.36,0.39
-5.66,-0.16,0.37,0.41,0.36,0.39
-6.41,0.12,0.37,0.41,0.36,0.39
-7.57,0.24,0.37,0.41,0.36,0.39
-8.23,0.19,0.37,0.41,0.36,0.39
-9.42,0.24,0.36,0.41,0.36,0.39
-9.72,0.43,0.36,0.41,0.36,0.38
-10.8,0.41,0.36,0.41,0.36,0.38
-11.23,0.35,0.36,0.41,0.36,0.38
-11.99,0.44,0.36,0.41,0.36,0.38
-12.25,0.1,0.35,0.41,0.36,0.38
-13.23,0.19,0.35,0.41,0.36,0.38
-13.65,0.69,0.35,0.41,0.36,0.38
-14.56,0.75,0.35,0.41,0.36,0.38
-15.02,0.65,0.35,0.41,0.35,0.38
-15.69,0.61,0.34,0.42,0.35,0.38
-16.5,0.6,0.34,0.42,0.35,0.37
-17.49,0.46,0.34,0.42,0.35,0.37
-18.02,0.81,0.34,0.42,0.35,0.37
-18.63,0.55,0.33,0.42,0.35,0.37
-19.55,0.74,0.33,0.42,0.35,0.37
-20.05,0.74,0.33,0.42,0.35,0.37
-21.26,0.6,0.32,0.42,0.34,0.37
-21.64,0.65,0.32,0.42,0.34,0.36
-22.96,0.69,0.32,0.42,0.34,0.36
-23.91,0.81,0.31,0.42,0.34,0.36
-25.17,0.78,0.31,0.42,0.33,0.36
-26.33,0.76,0.3,0.42,0.33,0.35
-27.22,0.87,0.3,0.42,0.33,0.35
-28,0.86,0.29,0.42,0.33,0.35
-29.13,1.1,0.29,0.42,0.32,0.35
-29.74,1.04,0.29,0.42,0.32,0.34
-30.27,0.94,0.29,0.42,0.32,0.34
-31.36,0.82,0.28,0.41,0.32,0.34
-31.94,1.43,0.28,0.41,0.31,0.33
-32.84,0.71,0.27,0.41,0.31,0.33
-33.83,1.14,0.27,0.41,0.31,0.33
-34,1.17,0.27,0.41,0.3,0.33
-34.69,1.04,0.27,0.41,0.3,0.33
-35.48,0.88,0.26,0.41,0.3,0.32
-35.79,1.44,0.26,0.41,0.3,0.32
-36.02,1.06,0.26,0.4,0.3,0.32
-36.93,1.01,0.26,0.4,0.29,0.32
-37.32,1.23,0.25,0.4,0.29,0.32
-37.71,1.12,0.25,0.4,0.29,0.31
-38.33,1.24,0.25,0.4,0.29,0.31
-38.99,1.26,0.24,0.39,0.28,0.31
-39.92,1.17,0.24,0.39,0.28,0.3
-40.66,1.23,0.23,0.39,0.27,0.3
-41.41,1.14,0.23,0.39,0.27,0.29
-42.43,1.25,0.22,0.39,0.27,0.29
-43.04,1.29,0.22,0.38,0.26,0.29
-43.88,1.27,0.21,0.38,0.26,0.28
-44.53,1.3,0.21,0.38,0.26,0.28
-45.2,1.29,0.2,0.38,0.25,0.28
-45.85,1.2,0.2,0.38,0.25,0.28
-46.49,1.47,0.19,0.37,0.25,0.27
-47,1.31,0.19,0.37,0.24,0.27
-47.96,1.24,0.18,0.37,0.24,0.27
-48.58,1.47,0.18,0.37,0.24,0.26
-49.17,1.4,0.17,0.37,0.23,0.26
-50.14,1.25,0.16,0.36,0.23,0.26
-50.23,1.58,0.16,0.36,0.23,0.25
-51.38,1.42,0.15,0.36,0.22,0.25
-51.83,1.55,0.15,0.36,0.22,0.25
-52.82,1.5,0.14,0.36,0.22,0.25
-53.14,1.47,0.14,0.35,0.21,0.24
-54.14,1.37,0.13,0.35,0.21,0.24
-54.76,1.23,0.12,0.35,0.2,0.23
-55.57,1.74,0.12,0.35,0.2,0.23
-55.96,1.56,0.11,0.34,0.2,0.23
-57,1.51,0.1,0.34,0.19,0.22
-57.8,1.24,0.1,0.34,0.19,0.22
-58.01,1.39,0.09,0.33,0.19,0.22
-59.12,1.52,0.09,0.33,0.18,0.21
-59.38,1.57,0.08,0.33,0.18,0.21
-60.36,1.51,0.07,0.33,0.18,0.2
-60.75,1.33,0.07,0.32,0.17,0.2
-61.34,1.47,0.06,0.32,0.17,0.2
-62.66,1.45,0.06,0.32,0.16,0.19
-62.85,1.59,0.05,0.31,0.16,0.19
-63.44,1.63,0.05,0.31,0.16,0.18
-64.6,1.31,0.04,0.31,0.15,0.18
-64.7,1.53,0.04,0.31,0.15,0.17
-65.33,1.71,0.04,0.3,0.15,0.17
-66.33,1.32,0.03,0.3,0.14,0.17
-66.49,1.64,0.03,0.3,0.14,0.16
-67.19,1.49,0.03,0.29,0.14,0.16
-67.51,1.7,0.03,0.29,0.14,0.15
-68.12,1.61,0.02,0.29,0.13,0.15
-68.97,1.48,0.02,0.29,0.13,0.14
-69.25,1.41,0.02,0.28,0.13,0.14
-69.81,1.52,0.02,0.28,0.12,0.14
-69.92,1.63,0.02,0.28,0.12,0.13
-70.56,1.45,0.02,0.28,0.12,0.13
-71.16,1.53,0.02,0.27,0.12,0.12
-71.17,1.68,0.02,0.27,0.11,0.12
-71.82,1.72,0.02,0.27,0.11,0.12
-71.35,1.72,0.02,0.27,0.11,0.11
-72.64,1.41,0.02,0.27,0.11,0.11
-73.84,1.49,0.02,0.26,0.1,0.11
-72.74,1.75,0.02,0.26,0.1,0.1
-74.43,1.4,0.02,0.26,0.1,0.1
-73.71,1.63,0.02,0.26,0.1,0.1
-74.72,1.44,0.02,0.26,0.09,0.1
-75.21,1.57,0.02,0.25,0.09,0.1
-74.73,1.24,0.02,0.25,0.09,0.09
-75.78,1.45,0.02,0.25,0.09,0.09
-74.74,1.58,0.02,0.25,0.09,0.09
-75.81,1.61,0.02,0.25,0.09,0.09
-76.08,1.37,0.02,0.25,0.09,0.09
-75.43,1.33,0.02,0.25,0.09,0.09
-76.47,1.58,0.02,0.24,0.08,0.08
-75.94,1.38,0.02,0.24,0.08,0.08
-76.05,1.44,0.02,0.24,0.08,0.08
-76.19,1.5,0.02,0.24,0.08,0.08
-76.09,1.39,0.02,0.24,0.08,0.08
-75.89,1.42,0.02,0.24,0.08,0.08
-75.64,1.37,0.02,0.25,0.09,0.09
-75.42,1.66,0.02,0.25,0.09,0.09
-75.09,1.74,0.02,0.26,0.09,0.1
-73.84,1.44,0.02,0.26,0.1,0.11
-73.59,1.29,0.02,0.27,0.11,0.12
-72.16,1.59,0.02,0.28,0.12,0.13
-71.27,1.6,0.02,0.28,0.12,0.13
-70.23,1.55,0.02,0.28,0.13,0.14
-69.87,1.67,0.02,0.29,0.13,0.15
-68.59,1.53,0.02,0.29,0.13,0.15
-68.03,1.59,0.03,0.29,0.14,0.16
-67.79,1.16,0.03,0.3,0.14,0.16
-66.49,1.32,0.04,0.3,0.15,0.17
-66.39,1.49,0.04,0.31,0.15,0.18
-63.82,1.41,0.05,0.31,0.16,0.18
-64.23,1.46,0.06,0.32,0.16,0.19
-62.9,1.76,0.06,0.32,0.17,0.2
-61.8,1.57,0.07,0.33,0.17,0.2
-60.94,1.41,0.08,0.33,0.18,0.21
-59.91,1.44,0.09,0.33,0.19,0.21
-59.09,1.39,0.1,0.34,0.19,0.22
-57.82,1.51,0.11,0.34,0.2,0.23
-57.07,1.48,0.11,0.34,0.2,0.23
-56.2,1.37,0.12,0.35,0.21,0.24
-56,1.36,0.13,0.35,0.21,0.24
-54.12,1.38,0.14,0.35,0.21,0.24
-53.78,1.58,0.14,0.36,0.22,0.24
-53.23,1.35,0.15,0.36,0.22,0.25
-52.92,1.35,0.15,0.36,0.22,0.25
-52.16,1.13,0.16,0.36,0.22,0.25
-51.33,1.31,0.16,0.36,0.23,0.26
-50.53,1.62,0.17,0.37,0.23,0.26
-49.67,1.28,0.18,0.37,0.24,0.26
-48.69,1.1,0.19,0.37,0.24,0.27
-48.11,1.32,0.19,0.38,0.25,0.27
-46.81,1.17,0.2,0.38,0.25,0.28
-45.29,1.2,0.21,0.38,0.26,0.28
-44.82,1.32,0.22,0.39,0.26,0.29
-43.61,1.36,0.22,0.39,0.27,0.29
-42.92,1.07,0.23,0.39,0.27,0.3
-42.15,1.2,0.23,0.39,0.27,0.3
-40.55,1.14,0.24,0.4,0.28,0.31
-40.69,0.97,0.25,0.4,0.29,0.31
-38.37,1.14,0.25,0.4,0.29,0.32
-38.08,1.05,0.26,0.41,0.3,0.32
-37.12,1.08,0.26,0.41,0.3,0.32
-36,0.94,0.27,0.41,0.3,0.32
-35.52,1.06,0.27,0.41,0.3,0.33
-34.39,0.93,0.27,0.41,0.31,0.33
-33.47,0.99,0.28,0.41,0.31,0.33
-32.49,0.98,0.28,0.42,0.32,0.34
-31.55,0.98,0.29,0.42,0.32,0.34
-30.57,1.09,0.29,0.42,0.32,0.35
-29.34,1,0.3,0.42,0.33,0.35
-28.58,0.56,0.3,0.42,0.33,0.35
-27.59,1.08,0.3,0.42,0.33,0.35
-26.92,0.93,0.31,0.42,0.33,0.36
-25.54,0.93,0.31,0.42,0.34,0.36
-25.25,0.85,0.31,0.42,0.34,0.36
-24.13,0.62,0.32,0.42,0.34,0.36
-23.44,0.75,0.32,0.42,0.34,0.36
-22.61,0.74,0.33,0.42,0.34,0.37
-22.33,0.74,0.33,0.42,0.35,0.37
-20.72,0.8,0.33,0.42,0.35,0.37
-20.11,0.67,0.33,0.42,0.35,0.37
-20.08,0.44,0.33,0.42,0.35,0.37
-18.66,0.74,0.34,0.42,0.35,0.37
-18.16,0.5,0.34,0.42,0.35,0.37
-17.07,0.44,0.34,0.42,0.35,0.38
-16.81,0.72,0.34,0.42,0.35,0.38
-16.57,0.43,0.34,0.42,0.35,0.38
-15.54,0.66,0.35,0.41,0.35,0.38
-15.3,0.44,0.35,0.41,0.35,0.38
-14.56,0.36,0.35,0.41,0.36,0.38
-14.09,0.26,0.35,0.41,0.36,0.38
-13.28,0.44,0.35,0.41,0.36,0.38
-13.1,0.39,0.36,0.41,0.36,0.38
-12.28,0.39,0.36,0.41,0.36,0.38
-11.58,0.39,0.36,0.41,0.36,0.38
-11.39,0.53,0.36,0.41,0.36,0.38
-9.87,0.22,0.36,0.41,0.36,0.38
-9.92,0.23,0.37,0.41,0.36,0.39
-9.01,0.29,0.37,0.41,0.36,0.39
-8.41,0.12,0.37,0.41,0.36,0.39
-7.86,0.11,0.37,0.41,0.36,0.39
-7.17,0.19,0.37,0.41,0.36,0.39
-6.64,0.24,0.37,0.41,0.36,0.39
-6.09,0.38,0.37,0.41,0.36,0.39
-5.64,0.26,0.38,0.41,0.36,0.39
-4.7,0.28,0.38,0.41,0.36,0.39
-4.61,0.04,0.38,0.41,0.36,0.39
-4.06,0.37,0.38,0.41,0.36,0.39
-4.1,0.29,0.38,0.41,0.36,0.39
-3.34,0.08,0.38,0.41,0.36,0.39
-2.91,-0.04,0.38,0.41,0.36,0.39
-2.53,-0.01,0.38,0.41,0.36,0.39
-2.34,0.44,0.38,0.41,0.36,0.39
-1.6,0.42,0.38,0.41,0.36,0.39
-1.08,0.28,0.38,0.41,0.36,0.39
-0.38,0.39,0.38,0.41,0.36,0.39
-0.08,0.16,0.39,0.41,0.36,0.39
0.77,0.09,0.39,0.41,0.36,0.39
1.42,0.06,0.39,0.41,0.36,0.39
2.06,0.24,0.39,0.4,0.36,0.39
3.06,0.24,0.39,0.4,0.36,0.39
3.86,0.15,0.39,0.4,0.36,0.39
4.59,0.17,0.39,0.4,0.36,0.39
5.72,0.14,0.39,0.4,0.36,0.39
6.72,-0.19,0.4,0.4,0.36,0.39
7.75,-0.09,0.4,0.39,0.36,0.39
8.65,-0.07,0.4,0.39,0.36,0.39
9.62,-0.16,0.4,0.39,0.36,0.39
10.34,-0.08,0.4,0.39,0.36,0.39
11.19,-0.17,0.4,0.38,0.36,0.39
12.16,-0.13,0.4,0.38,0.35,0.39
13.03,-0.14,0.4,0.38,0.35,0.38
13.98,-0.15,0.4,0.38,0.35,0.38
14.86,-0.25,0.4,0.37,0.35,0.38
15.73,-0.18,0.4,0.37,0.35,0.38
16.74,-0.26,0.4,0.37,0.35,0.38
17.43,-0.25,0.4,0.37,0.35,0.38
18.07,-0.28,0.4,0.36,0.34,0.38
19.12,-0.21,0.4,0.36,0.34,0.38
19.43,-0.33,0.4,0.36,0.34,0.38
20.47,-0.45,0.4,0.35,0.34,0.37
21.07,-0.53,0.4,0.35,0.34,0.37
22.11,-0.47,0.4,0.35,0.34,0.37
22.65,-0.32,0.4,0.34,0.34,0.37
23.61,-0.63,0.4,0.34,0.33,0.37
24.52,-0.42,0.4,0.34,0.33,0.37
25.01,-0.43,0.4,0.33,0.33,0.36
25.75,-0.65,0.4,0.33,0.33,0.36
26.88,-0.89,0.4,0.32,0.33,0.36
27.4,-0.42,0.4,0.32,0.32,0.36
28.17,-0.77,0.4,0.32,0.32,0.36
28.93,-0.76,0.4,0.32,0.32,0.35
29.35,-0.23,0.4,0.31,0.32,0.35
30.21,-0.75,0.39,0.31,0.32,0.35
29.36,-0.86,0.39,0.31,0.32,0.35
31.27,-0.71,0.39,0.31,0.32,0.35
30.87,-0.4,0.39,0.3,0.32,0.35
31.71,-0.96,0.39,0.3,0.31,0.34
32.17,-0.82,0.39,0.3,0.31,0.34
32.5,-0.57,0.39,0.29,0.31,0.34
33.04,-1.02,0.39,0.29,0.31,0.34
34.02,-0.48,0.39,0.29,0.31,0.33
34.77,-0.8,0.39,0.28,0.3,0.33
34.65,-0.77,0.39,0.28,0.3,0.33
33.88,-1.08,0.39,0.28,0.3,0.33
36.34,-1.32,0.39,0.27,0.3,0.32
36.03,-0.27,0.39,0.27,0.3,0.32
36.37,-0.85,0.38,0.27,0.29,0.32
36.76,-0.98,0.38,0.27,0.29,0.32
37.28,-0.52,0.38,0.26,0.29,0.32
37.11,-0.96,0.38,0.26,0.29,0.32
38.04,-0.79,0.38,0.26,0.29,0.32
38.8,-0.3,0.38,0.26,0.29,0.32
38.11,-0.76,0.38,0.26,0.29,0.31
38.52,-1.09,0.38,0.26,0.29,0.31
38.98,-0.88,0.38,0.25,0.29,0.31
39.23,-0.9,0.38,0.25,0.28,0.31
39.84,-0.96,0.38,0.25,0.28,0.31
39.88,-0.91,0.38,0.24,0.28,0.3
40.43,-1.12,0.38,0.24,0.28,0.3
41.9,-1.17,0.38,0.23,0.27,0.29
42.12,-1.05,0.38,0.23,0.27,0.29
42.85,-1.03,0.38,0.22,0.27,0.28
44.22,-1.13,0.37,0.21,0.26,0.28
45.03,-0.9,0.37,0.21,0.26,0.28
45.24,-0.96,0.37,0.21,0.26,0.27
45.92,-1.12,0.37,0.2,0.26,0.27
46.92,-0.91,0.37,0.2,0.26,0.27
46.93,-1.13,0.37,0.19,0.25,0.26
47.28,-0.65,0.37,0.18,0.25,0.26
48.23,-1,0.37,0.18,0.25,0.26
49.34,-1.2,0.37,0.17,0.24,0.25
49.79,-1.22,0.36,0.16,0.24,0.25
50.34,-1.28,0.36,0.16,0.24,0.24
51.42,-1.2,0.36,0.15,0.24,0.24
52.11,-1.37,0.36,0.15,0.23,0.24
52.36,-1.11,0.36,0.14,0.23,0.23
52.02,-1.08,0.36,0.14,0.23,0.23
54.43,-1.18,0.35,0.14,0.23,0.23
52.89,-1.23,0.35,0.13,0.22,0.23
54.71,-0.96,0.35,0.12,0.22,0.22
55.61,-1.29,0.35,0.12,0.21,0.22
56.4,-1.26,0.34,0.11,0.21,0.21
56.41,-1.28,0.34,0.1,0.2,0.21
57.26,-1.15,0.34,0.1,0.2,0.2
58.4,-1.4,0.33,0.09,0.2,0.2
59.11,-1.28,0.33,0.08,0.19,0.2
59.52,-1.09,0.33,0.08,0.19,0.19
60.96,-1.08,0.33,0.07,0.19,0.19
61.53,-1.32,0.32,0.07,0.18,0.19
60.65,-1.16,0.32,0.06,0.18,0.18
62.81,-1.06,0.32,0.06,0.17,0.18
62.71,-1.16,0.32,0.05,0.17,0.17
63.46,-1.39,0.31,0.05,0.16,0.17
64.7,-1.56,0.31,0.05,0.16,0.17
63.09,-1.04,0.31,0.04,0.16,0.16
65.48,-1.21,0.31,0.04,0.15,0.16
66.38,-1.72,0.3,0.04,0.15,0.16
64.79,-1.23,0.3,0.04,0.14,0.15
67.66,-1.45,0.3,0.03,0.14,0.15
67.98,-1.36,0.3,0.03,0.13,0.15
67.53,-1.14,0.3,0.03,0.13,0.14
68.48,-1.75,0.29,0.03,0.13,0.14
68.1,-1.29,0.29,0.03,0.12,0.14
69.68,-1.59,0.29,0.02,0.12,0.14
70.31,-1.18,0.29,0.02,0.12,0.13
70.45,-1.46,0.29,0.02,0.11,0.13
70.25,-1.28,0.28,0.02,0.11,0.13
70.86,-1.49,0.28,0.02,0.11,0.13
71.13,-1.71,0.28,0.02,0.11,0.12
72.21,-1.2,0.28,0.02,0.1,0.12
71.47,-1.63,0.28,0.02,0.1,0.12
72.24,-1.47,0.28,0.02,0.1,0.12
73.01,-1.37,0.28,0.02,0.09,0.12
72.77,-1.59,0.27,0.02,0.09,0.11
72.93,-1.45,0.27,0.02,0.09,0.11
72.93,-1.47,0.27,0.02,0.09,0.11
73.02,-1.48,0.27,0.02,0.09,0.11
72.66,-1.38,0.27,0.02,0.09,0.11
71.84,-1.45,0.28,0.02,0.1,0.12
72.57,-1.69,0.28,0.02,0.1,0.12
72.22,-1.66,0.28,0.02,0.1,0.12
71.8,-1.68,0.28,0.02,0.11,0.13
71.66,-1.48,0.29,0.02,0.11,0.13
69.72,-1.75,0.29,0.02,0.12,0.13
69.99,-1.72,0.29,0.03,0.13,0.14
67.73,-1.65,0.3,0.03,0.14,0.15
67.82,-1.61,0.3,0.04,0.15,0.16
66.57,-1.62,0.31,0.04,0.15,0.16
66.11,-1.47,0.31,0.05,0.16,0.17
64,-1.69,0.32,0.06,0.17,0.18
62.07,-1.38,0.32,0.07,0.18,0.18
61.43,-1.57,0.33,0.08,0.19,0.19
61.19,-1.44,0.33,0.08,0.19,0.2
59.76,-1.39,0.34,0.09,0.2,0.2
59.01,-1.18,0.34,0.1,0.2,0.21
57.87,-1.61,0.34,0.11,0.21,0.21
56.67,-1.45,0.35,0.11,0.21,0.22
55.49,-1.23,0.35,0.12,0.22,0.22
54.72,-1.19,0.35,0.13,0.22,0.23
53.77,-1.53,0.36,0.14,0.23,0.23
53.01,-1.51,0.36,0.15,0.23,0.24
51.38,-1.5,0.36,0.16,0.24,0.25
50.67,-1.01,0.37,0.17,0.24,0.25
50.01,-1.13,0.37,0.17,0.25,0.26
49.26,-1.39,0.37,0.18,0.25,0.26
48.96,-1.14,0.37,0.19,0.25,0.26
46.79,-1.32,0.37,0.2,0.26,0.27
46.72,-1.14,0.37,0.21,0.26,0.28
45.77,-1.11,0.38,0.21,0.27,0.28
44.52,-1.29,0.38,0.22,0.27,0.28
43.37,-1.07,0.38,0.22,0.27,0.29
42.99,-1.02,0.38,0.23,0.27,0.29
42.53,-1.23,0.38,0.23,0.28,0.3
41.39,-1.21,0.38,0.24,0.28,0.3
40.94,-0.89,0.38,0.24,0.28,0.3
39.64,-1.13,0.38,0.25,0.28,0.31
38.88,-1.06,0.39,0.26,0.29,0.31
37.85,-0.95,0.39,0.26,0.29,0.32
37.19,-1.03,0.39,0.27,0.3,0.32
36.14,-1.11,0.39,0.27,0.3,0.33
35.3,-0.8,0.39,0.28,0.3,0.33
34.69,-0.64,0.39,0.28,0.31,0.33
33.76,-0.79,0.39,0.29,0.31,0.34
32.84,-0.94,0.39,0.3,0.31,0.34
31.89,-0.82,0.39,0.3,0.32,0.35
31.1,-0.75,0.39,0.31,0.32,0.35
30.18,-0.67,0.39,0.31,0.32,0.35
29.4,-0.85,0.39,0.32,0.32,0.35
28.28,-0.62,0.39,0.32,0.33,0.36
27.6,-0.45,0.4,0.33,0.33,0.36
26.65,-0.71,0.4,0.33,0.33,0.36
25.45,-0.54,0.4,0.33,0.33,0.37
24.91,-0.42,0.4,0.34,0.33,0.37
24.04,-0.47,0.4,0.34,0.34,0.37
23.22,-0.47,0.4,0.35,0.34,0.37
21.93,-0.26,0.4,0.35,0.34,0.37
20.85,-0.38,0.4,0.36,0.34,0.38
19.57,-0.53,0.4,0.36,0.34,0.38
18.23,-0.31,0.4,0.36,0.35,0.38
17.58,-0.25,0.4,0.37,0.35,0.38
16.32,-0.28,0.4,0.37,0.35,0.38
15.32,-0.15,0.4,0.38,0.35,0.38
13.84,-0.27,0.39,0.38,0.35,0.39
12.93,-0.37,0.39,0.38,0.35,0.39
11.7,-0.05,0.4,0.39,0.36,0.39
10.48,-0.18,0.4,0.39,0.36,0.39
9.04,-0.15,0.39,0.39,0.36,0.39
8.27,0.05,0.39,0.4,0.36,0.39
7.3,0.12,0.39,0.4,0.36,0.39
6.53,0.05,0.39,0.4,0.36,0.39
5.53,-0.03,0.39,0.4,0.36,0.39
4.42,-0.01,0.39,0.4,0.36,0.39
3.97,-0.03,0.39,0.4,0.36,0.39
3.04,-0.2,0.39,0.4,0.36,0.39
2.99,0.17,0.39,0.4,0.36,0.39
2.36,0.19,0.39,0.41,0.36,0.39
2.01,0.2,0.39,0.41,0.36,0.39
1.31,-0.16,0.39,0.41,0.36,0.39
1.24,0.28,0.39,0.41,0.36,0.39
0.83,0.27,0.39,0.41,0.36,0.39
0.27,0.22,0.39,0.41,0.36,0.39
-0.26,-0.02,0.38,0.41,0.36,0.39
-0.8,0.46,0.38,0.41,0.36,0.39
-1,0.17,0.38,0.41,0.36,0.39
-1.39,-0.16,0.38,0.41,0.36,0.39
-1.5,0.15,0.38,0.41,0.36,0.39
-1.14,0.49,0.38,0.41,0.36,0.39
-0.89,0.33,0.38,0.41,0.36,0.39
-1.59,-0.27,0.38,0.41,0.36,0.39
-0.8,-0.11,0.38,0.41,0.36,0.39
-0.55,0.46,0.38,0.41,0.36,0.39
-1.15,0.39,0.38,0.41,0.36,0.39
-1.14,-0.26,0.38,0.41,0.36,0.39
-1.05,0.15,0.38,0.41,0.36,0.39
-1.23,0.13,0.38,0.41,0.36,0.39
-1.68,0.12,0.38,0.41,0.36,0.39
-0.81,-0.11,0.38,0.41,0.36,0.39
-0.88,0.47,0.38,0.41,0.36,0.39
-1.75,-0.05,0.38,0.41,0.36,0.39
-1.18,0.21,0.38,0.41,0.36,0.39
-1.45,0.26,0.38,0.41,0.36,0.39
-1.76,0.27,0.38,0.41,0.36,0.39
-2.09,0.16,0.38,0.41,0.36,0.39
-1.88,0.03,0.38,0.41,0.36,0.39
-2.09,0.26,0.38,0.41,0.36,0.39
-2.08,-0.13,0.38,0.41,0.36,0.39
-1.86,0.52,0.38,0.41,0.36,0.39
-2.08,-0.07,0.38,0.41,0.36,0.39
-1.88,0.28,0.38,0.41,0.36,0.39
-1.76,0.33,0.38,0.41,0.36,0.39
-2.05,0.12,0.38,0.41,0.36,0.39
-2.02,0.32,0.38,0.41,0.36,0.39
