0.59,10.89,0.41,0.41,0.36,0.41
0.53,10.9,0.41,0.41,0.36,0.41
0.5,10.9,0.41,0.41,0.36,0.41
0.57,10.94,0.41,0.41,0.36,0.41
0.6,10.91,0.41,0.41,0.36,0.41
0.36,10.97,0.41,0.41,0.36,0.41
0.54,10.92,0.41,0.41,0.36,0.41
0.5,10.87,0.41,0.41,0.36,0.41
0.6,10.81,0.41,0.42,0.36,0.41
0.52,10.82,0.41,0.42,0.36,0.41
0.61,10.81,0.41,0.42,0.36,0.41
0.45,10.81,0.41,0.42,0.36,0.41
0.55,10.72,0.41,0.42,0.36,0.41
0.61,10.58,0.41,0.42,0.36,0.41
0.4,10.59,0.41,0.42,0.36,0.41
0.54,10.19,0.41,0.42,0.36,0.41
0.38,10.04,0.41,0.42,0.36,0.41
0.46,9.72,0.41,0.42,0.36,0.41
0.59,9.29,0.41,0.42,0.36,0.41
0.44,9.09,0.42,0.42,0.36,0.41
0.48,8.6,0.42,0.42,0.36,0.41
0.48,8.06,0.42,0.42,0.37,0.41
0.49,7.53,0.42,0.42,0.37,0.41
0.34,7.08,0.42,0.42,0.37,0.41
0.39,6.42,0.42,0.42,0.37,0.41
0.28,6.06,0.42,0.42,0.37,0.41
0.38,5.57,0.42,0.42,0.37,0.41
0.3,5.02,0.42,0.42,0.37,0.41
0.45,4.56,0.42,0.42,0.37,0.41
0.21,4.07,0.42,0.42,0.37,0.41
0.37,3.55,0.42,0.42,0.37,0.41
0.33,3.03,0.42,0.42,0.37,0.41
0.26,2.37,0.42,0.42,0.38,0.41
0.15,1.99,0.42,0.42,0.38,0.41
0.12,1.48,0.42,0.42,0.38,0.41
0.2,1.03,0.42,0.42,0.38,0.41
0.22,0.49,0.42,0.42,0.38,0.41
0.16,0.1,0.42,0.42,0.38,0.41
0.04,-0.37,0.42,0.42,0.38,0.41
0.13,-0.72,0.42,0.42,0.38,0.41
0.07,-1.09,0.42,0.42,0.38,0.41
0.1,-1.69,0.42,0.42,0.38,0.41
0.06,-2.08,0.42,0.42,0.38,0.41
0.08,-2.48,0.42,0.42,0.38,0.41
0.18,-2.89,0.42,0.42,0.38,0.4
-0,-3.52,0.42,0.43,0.38,0.4
-0.04,-4.09,0.42,0.42,0.38,0.4
-0.03,-4.67,0.42,0.42,0.39,0.4
0.03,-5.35,0.42,0.42,0.39,0.4
0.01,-5.99,0.42,0.42,0.39,0.4
0.06,-6.27,0.42,0.42,0.39,0.4
-0.15,-7.15,0.42,0.42,0.39,0.4
-0.18,-7.66,0.42,0.42,0.39,0.4
-0.1,-8.01,0.42,0.42,0.39,0.39
-0.03,-8.41,0.42,0.42,0.39,0.39
-0.15,-9.07,0.42,0.42,0.39,0.39
-0.22,-9.51,0.42,0.42,0.39,0.39
-0.15,-10.17,0.42,0.42,0.39,0.39
-0.04,-10.81,0.42,0.42,0.39,0.39
-0.21,-11.56,0.42,0.42,0.39,0.39
-0.11,-12.07,0.42,0.42,0.39,0.39
-0.24,-12.62,0.42,0.41,0.39,0.38
-0.27,-13.11,0.42,0.41,0.39,0.38
-0.22,-13.6,0.42,0.41,0.39,0.38
-0.31,-14.08,0.42,0.41,0.39,0.38
-0.3,-14.88,0.42,0.41,0.39,0.38
-0.39,-15.43,0.42,0.41,0.39,0.38
-0.18,-16.08,0.42,0.41,0.39,0.38
-0.31,-16.62,0.41,0.4,0.39,0.38
-0.3,-17.06,0.41,0.4,0.39,0.37
-0.35,-17.71,0.41,0.4,0.39,0.37
-0.57,-18.11,0.41,0.4,0.39,0.37
-0.36,-18.53,0.41,0.4,0.39,0.37
-0.47,-19,0.41,0.4,0.39,0.37
-0.26,-19.22,0.41,0.4,0.39,0.37
-0.42,-19.86,0.41,0.4,0.39,0.37
-0.54,-20.56,0.41,0.39,0.39,0.36
-0.38,-20.79,0.41,0.39,0.39,0.36
-0.22,-21,0.41,0.39,0.39,0.36
-0.69,-21.28,0.41,0.39,0.39,0.36
-0.21,-21.37,0.41,0.39,0.39,0.36
-0.37,-21.97,0.41,0.39,0.39,0.36
-0.48,-22.05,0.41,0.39,0.39,0.36
-0.25,-22.51,0.41,0.39,0.39,0.36
-0.54,-22.7,0.4,0.39,0.39,0.36
-0.53,-22.69,0.4,0.39,0.39,0.36
-0.34,-23.18,0.4,0.39,0.39,0.35
-0.37,-23.52,0.4,0.38,0.39,0.35
-0.69,-23.97,0.4,0.38,0.39,0.35
-0.38,-24.61,0.4,0.38,0.39,0.35
-0.05,-25.26,0.4,0.38,0.39,0.35
-1,-25.7,0.4,0.38,0.39,0.34
-0.51,-26.39,0.39,0.38,0.39,0.34
-0.58,-26.54,0.39,0.37,0.39,0.34
-0.91,-27.75,0.39,0.37,0.39,0.34
-0.49,-28.44,0.39,0.37,0.39,0.33
-0.37,-29,0.39,0.37,0.39,0.33
-0.74,-29.53,0.38,0.37,0.39,0.33
-0.32,-30.6,0.38,0.36,0.39,0.32
-0.41,-30.82,0.38,0.36,0.39,0.32
-0.86,-31.76,0.38,0.36,0.39,0.32
-0.66,-32.1,0.37,0.36,0.39,0.32
-0.69,-32.84,0.37,0.35,0.39,0.31
-0.75,-33.42,0.37,0.35,0.39,0.31
-0.8,-33.76,0.37,0.35,0.39,0.31
-0.62,-34.56,0.37,0.35,0.39,0.3
-0.55,-35.41,0.36,0.34,0.39,0.3
-0.59,-36.06,0.36,0.34,0.38,0.3
-0.66,-37.23,0.35,0.34,0.38,0.29
-0.54,-37.86,0.35,0.33,0.38,0.29
-0.64,-38.37,0.35,0.33,0.38,0.28
-0.69,-39.24,0.34,0.33,0.38,0.28
-0.56,-39.8,0.34,0.33,0.38,0.28
-0.8,-40.44,0.34,0.32,0.38,0.27
-0.62,-41.09,0.33,0.32,0.38,0.27
-0.73,-42.27,0.33,0.32,0.38,0.27
-0.9,-42.04,0.32,0.31,0.38,0.26
-0.69,-43.91,0.32,0.31,0.38,0.26
-0.81,-44.11,0.31,0.31,0.38,0.25
-0.85,-45.13,0.31,0.3,0.38,0.25
-0.67,-45.52,0.31,0.3,0.38,0.24
-0.96,-46.4,0.3,0.3,0.38,0.24
-0.65,-46.97,0.3,0.3,0.38,0.24
-0.95,-47.13,0.3,0.3,0.38,0.24
-0.97,-48.29,0.29,0.29,0.37,0.23
-0.78,-48.81,0.29,0.29,0.37,0.23
-0.84,-50.19,0.28,0.28,0.37,0.22
-0.97,-50.48,0.27,0.28,0.37,0.21
-0.87,-51.51,0.27,0.28,0.37,0.21
-0.93,-51.83,0.27,0.27,0.36,0.2
-0.95,-52.95,0.26,0.27,0.36,0.2
-1,-53.63,0.26,0.27,0.36,0.19
-1.01,-54.34,0.25,0.26,0.36,0.18
-1.02,-55.15,0.25,0.26,0.36,0.18
-0.92,-55.77,0.24,0.26,0.36,0.17
-1.15,-56.56,0.24,0.25,0.36,0.16
-1.04,-57.27,0.24,0.25,0.35,0.16
-1.01,-58.28,0.23,0.25,0.35,0.15
-1.15,-58.16,0.23,0.24,0.35,0.15
-1.08,-59.28,0.23,0.24,0.35,0.14
-1.18,-60.08,0.22,0.23,0.34,0.13
-1.13,-60.12,0.22,0.23,0.34,0.13
-1.11,-61.44,0.21,0.23,0.34,0.12
-1.13,-61.19,0.21,0.22,0.34,0.12
-1.42,-62.51,0.2,0.22,0.33,0.11
-0.84,-63.27,0.2,0.21,0.33,0.1
-1.38,-63.66,0.19,0.2,0.32,0.09
-1.13,-64.03,0.19,0.2,0.32,0.09
-1.17,-65.71,0.18,0.2,0.32,0.08
-1.03,-65.44,0.18,0.19,0.32,0.08
-1.45,-66.22,0.18,0.19,0.31,0.08
-1.11,-66.59,0.17,0.18,0.31,0.07
-1.23,-67.49,0.17,0.18,0.31,0.07
-1.12,-67.63,0.17,0.17,0.31,0.06
-1.27,-68.93,0.16,0.17,0.3,0.05
-1.19,-69.38,0.16,0.16,0.3,0.05
-1.28,-69.97,0.15,0.16,0.3,0.04
-1.32,-70.2,0.15,0.15,0.29,0.04
-1.23,-71.54,0.15,0.15,0.29,0.04
-1.29,-71.22,0.15,0.14,0.29,0.03
-1.33,-71.7,0.14,0.14,0.28,0.03
-1.21,-72.3,0.14,0.14,0.28,0.03
-1.24,-72.78,0.14,0.13,0.28,0.03
-1.34,-73.98,0.13,0.13,0.28,0.03
-1.31,-73.15,0.13,0.13,0.27,0.03
-1.21,-74.66,0.13,0.12,0.27,0.02
-1.3,-74.87,0.13,0.12,0.27,0.02
-1.23,-73.85,0.13,0.12,0.27,0.02
-1.29,-74.71,0.13,0.12,0.27,0.02
-1.23,-75.03,0.12,0.12,0.27,0.02
-1.37,-74.67,0.12,0.12,0.27,0.02
-1.33,-75.55,0.12,0.12,0.27,0.02
-1.16,-75.44,0.12,0.12,0.27,0.02
-1.45,-75.3,0.12,0.11,0.26,0.02
-1.3,-76.63,0.12,0.11,0.26,0.02
-1.39,-75.43,0.12,0.11,0.26,0.02
-1.4,-75.43,0.12,0.11,0.26,0.02
-1.29,-77.25,0.12,0.11,0.26,0.02
-1.31,-75.77,0.11,0.1,0.26,0.02
-1.37,-75.95,0.11,0.1,0.26,0.02
-1.34,-76.74,0.11,0.1,0.26,0.02
-1.32,-77.1,0.11,0.1,0.25,0.02
-1.33,-76.55,0.11,0.1,0.25,0.02
-1.29,-76.83,0.11,0.1,0.25,0.02
-1.36,-76.84,0.11,0.1,0.25,0.02
-1.33,-77.32,0.11,0.1,0.25,0.02
-1.34,-77.15,0.11,0.1,0.25,0.02
-1.5,-76.45,0.11,0.1,0.25,0.02
-1.29,-77.49,0.11,0.1,0.25,0.02
-1.37,-76.82,0.11,0.1,0.25,0.02
-1.46,-76.99,0.11,0.1,0.25,0.02
-1.22,-76.46,0.11,0.1,0.26,0.02
-1.34,-75.49,0.12,0.11,0.26,0.02
-1.43,-75.94,0.12,0.11,0.26,0.02
-1.29,-73.88,0.13,0.12,0.27,0.02
-1.34,-75.66,0.13,0.13,0.28,0.03
-1.45,-72.69,0.14,0.14,0.28,0.03
-1.09,-72.46,0.14,0.14,0.29,0.03
-1.39,-72.37,0.15,0.15,0.29,0.04
-1.33,-71.11,0.15,0.15,0.29,0.04
-1.23,-71.54,0.16,0.16,0.3,0.05
-1.18,-69.62,0.16,0.17,0.3,0.05
-1.22,-70.03,0.16,0.17,0.3,0.06
-1.15,-68.67,0.17,0.18,0.31,0.06
-1.21,-67.45,0.17,0.18,0.31,0.07
-1.35,-66.68,0.18,0.19,0.31,0.08
-1.14,-66.34,0.19,0.2,0.32,0.09
-1.29,-64.78,0.19,0.21,0.33,0.1
-1.05,-63.95,0.2,0.22,0.33,0.11
-1.32,-63.11,0.21,0.22,0.34,0.12
-0.92,-61.06,0.22,0.23,0.34,0.13
-1.42,-61.12,0.22,0.24,0.35,0.14
-0.93,-59.34,0.23,0.24,0.35,0.15
-0.91,-58.63,0.24,0.25,0.35,0.16
-1.08,-56.77,0.24,0.26,0.36,0.17
-1,-56.75,0.25,0.26,0.36,0.18
-0.68,-56.08,0.25,0.26,0.36,0.19
-1.63,-54.66,0.26,0.27,0.36,0.19
-0.81,-53.83,0.26,0.27,0.36,0.2
-0.91,-53.48,0.26,0.27,0.36,0.2
-0.97,-52.88,0.27,0.27,0.36,0.21
-0.86,-51.91,0.27,0.28,0.37,0.21
-0.95,-51.75,0.28,0.28,0.37,0.22
-0.96,-51.19,0.28,0.28,0.37,0.22
-0.98,-49.9,0.28,0.29,0.37,0.22
-0.79,-50.13,0.29,0.29,0.37,0.23
-0.74,-49.1,0.29,0.29,0.37,0.23
-0.88,-48.39,0.29,0.29,0.37,0.23
-0.78,-48.48,0.29,0.29,0.37,0.23
-0.96,-47.71,0.3,0.3,0.38,0.24
-0.86,-46.17,0.31,0.3,0.38,0.25
-0.6,-46.11,0.32,0.31,0.38,0.25
-1.19,-44.16,0.32,0.31,0.38,0.26
-0.72,-43.12,0.33,0.32,0.38,0.26
-0.5,-42.54,0.33,0.32,0.38,0.27
-0.45,-41.59,0.34,0.32,0.38,0.27
-0.77,-40.35,0.34,0.33,0.38,0.28
-0.57,-39.36,0.35,0.34,0.38,0.29
-0.71,-38.16,0.36,0.34,0.38,0.29
-0.49,-36.29,0.36,0.35,0.39,0.3
-0.91,-35.85,0.37,0.35,0.39,0.31
-0.61,-33.87,0.37,0.35,0.39,0.31
-0.53,-33.36,0.37,0.36,0.39,0.32
-0.84,-31.92,0.38,0.36,0.39,0.32
-0.53,-31.51,0.38,0.37,0.39,0.33
-0.67,-30.07,0.39,0.37,0.39,0.33
-0.79,-29.54,0.39,0.37,0.39,0.33
-0.7,-28.57,0.39,0.37,0.39,0.34
-0.29,-27.39,0.39,0.38,0.39,0.34
-0.25,-26.62,0.4,0.38,0.39,0.35
-0.51,-25.21,0.4,0.38,0.39,0.35
-0.4,-24.38,0.4,0.38,0.39,0.35
-0.41,-23.54,0.4,0.39,0.39,0.36
-0.44,-22.84,0.41,0.39,0.39,0.36
-0.31,-21.66,0.41,0.39,0.39,0.36
-0.26,-20.5,0.41,0.39,0.39,0.37
-0.26,-19.74,0.41,0.39,0.39,0.37
-0.26,-18.8,0.41,0.4,0.39,0.37
-0.43,-17.88,0.41,0.4,0.39,0.37
-0,-17.19,0.41,0.4,0.39,0.38
-0.11,-16.35,0.42,0.4,0.39,0.38
-0.21,-15.02,0.42,0.41,0.39,0.38
-0.04,-14.07,0.42,0.41,0.39,0.38
-0.37,-12.64,0.42,0.41,0.39,0.39
-0.05,-11.53,0.42,0.41,0.39,0.39
-0.05,-10.43,0.42,0.41,0.39,0.39
0.26,-9.49,0.42,0.42,0.39,0.39
-0.15,-8.22,0.42,0.42,0.39,0.39
-0.05,-7.79,0.42,0.42,0.39,0.4
0.06,-6.83,0.42,0.42,0.39,0.4
-0.03,-6.18,0.42,0.42,0.38,0.4
0.01,-5.43,0.42,0.42,0.38,0.4
0.19,-4.5,0.42,0.42,0.38,0.4
0.12,-4.33,0.42,0.42,0.38,0.4
0.14,-3.44,0.42,0.42,0.38,0.4
0.31,-2.73,0.42,0.43,0.38,0.4
0.27,-2.07,0.42,0.43,0.38,0.41
0.19,-0.91,0.42,0.43,0.38,0.41
0.44,-0.33,0.42,0.43,0.38,0.41
0.06,0.71,0.42,0.42,0.38,0.41
0.41,1.36,0.42,0.42,0.38,0.41
0.46,2.16,0.42,0.42,0.37,0.41
0.42,2.91,0.42,0.42,0.37,0.41
0.34,3.75,0.42,0.42,0.37,0.41
0.35,4.7,0.42,0.42,0.37,0.41
0.48,5.49,0.42,0.42,0.37,0.41
0.4,6.38,0.42,0.42,0.37,0.41
0.49,7.18,0.42,0.42,0.36,0.41
0.48,7.92,0.41,0.42,0.36,0.41
0.6,8.76,0.41,0.42,0.36,0.41
0.59,9.51,0.41,0.42,0.36,0.41
0.71,10.12,0.41,0.42,0.36,0.41
0.66,10.92,0.41,0.41,0.36,0.41
0.71,11.49,0.41,0.41,0.35,0.41
0.6,12.4,0.41,0.41,0.35,0.41
0.71,13.02,0.41,0.41,0.35,0.41
0.66,14,0.4,0.41,0.35,0.41
0.8,14.75,0.4,0.41,0.35,0.41
0.86,15.47,0.4,0.4,0.34,0.41
0.84,16.48,0.4,0.4,0.34,0.41
0.78,17.02,0.4,0.4,0.34,0.41
0.8,17.54,0.4,0.4,0.34,0.41
0.78,18.11,0.39,0.4,0.34,0.41
0.67,18.53,0.39,0.4,0.33,0.41
0.85,19.28,0.39,0.4,0.33,0.41
0.93,20.1,0.39,0.39,0.33,0.41
0.93,20.81,0.39,0.39,0.33,0.41
0.97,21.49,0.38,0.39,0.32,0.41
1.04,22.26,0.38,0.39,0.32,0.41
1.18,22.99,0.38,0.38,0.32,0.41
0.86,23.11,0.38,0.38,0.32,0.41
0.86,23.77,0.37,0.38,0.31,0.41
0.39,24.81,0.37,0.38,0.31,0.41
0.76,25.34,0.36,0.37,0.3,0.41
1.01,26.86,0.36,0.37,0.3,0.41
0.92,27.46,0.36,0.37,0.3,0.4
0.65,27.69,0.36,0.36,0.3,0.4
0.47,28.69,0.35,0.36,0.29,0.4
1.27,29.3,0.35,0.36,0.29,0.4
1.05,29.93,0.35,0.35,0.28,0.4
1.12,30.97,0.34,0.35,0.28,0.4
1.1,31.33,0.34,0.35,0.28,0.4
1.04,32.14,0.34,0.34,0.27,0.4
1.13,32.74,0.33,0.34,0.27,0.4
1.33,33.37,0.33,0.34,0.27,0.4
1.35,34.1,0.33,0.34,0.27,0.4
1.33,34.36,0.33,0.33,0.26,0.39
1.31,34.81,0.32,0.33,0.26,0.39
1.13,35.36,0.32,0.33,0.26,0.39
1.09,36.14,0.32,0.32,0.25,0.39
1.28,36.76,0.32,0.32,0.25,0.39
1.46,37.06,0.31,0.32,0.25,0.39
1.21,37.99,0.31,0.31,0.24,0.39
1.4,38.46,0.31,0.31,0.24,0.39
1.41,39.21,0.3,0.31,0.23,0.38
1.46,40.13,0.3,0.3,0.23,0.38
1.52,40.71,0.3,0.3,0.22,0.38
1.36,41.37,0.3,0.29,0.22,0.38
1.44,42.19,0.3,0.29,0.21,0.38
1.52,42.56,0.29,0.29,0.21,0.38
1.69,43.25,0.29,0.29,0.21,0.38
1.73,43.42,0.29,0.28,0.21,0.38
1.65,44.56,0.29,0.28,0.2,0.37
1.65,44.71,0.29,0.28,0.2,0.37
1.6,45.21,0.28,0.27,0.19,0.37
1.45,44.87,0.28,0.27,0.19,0.37
1.24,45.82,0.28,0.27,0.19,0.37
1.47,45.94,0.28,0.27,0.19,0.37
1.68,46.74,0.28,0.27,0.18,0.37
1.71,47.08,0.28,0.26,0.18,0.37
1.54,47.09,0.27,0.26,0.18,0.36
1.51,47.84,0.27,0.26,0.18,0.36
1.7,48.09,0.27,0.26,0.17,0.36
0.86,47.37,0.27,0.26,0.17,0.36
1.36,48.49,0.27,0.26,0.17,0.36
1.76,48.34,0.27,0.26,0.17,0.36
1.53,48.4,0.27,0.26,0.17,0.36
1.55,49.64,0.27,0.26,0.17,0.36
1.47,48.48,0.27,0.25,0.16,0.36
1.56,49.77,0.26,0.25,0.16,0.36
1.58,49.44,0.26,0.25,0.16,0.36
1.52,49.96,0.26,0.25,0.16,0.36
1.92,49.96,0.26,0.25,0.15,0.35
1.31,50.5,0.26,0.24,0.15,0.35
1.35,50.83,0.26,0.24,0.14,0.35
1.4,51.6,0.25,0.24,0.14,0.35
1.65,51.79,0.25,0.23,0.14,0.35
1.51,52.26,0.25,0.23,0.13,0.35
1.68,52.12,0.25,0.23,0.13,0.34
1.55,53.13,0.25,0.23,0.13,0.34
1.57,53.6,0.24,0.22,0.12,0.34
1.74,53.35,0.24,0.22,0.12,0.34
1.68,54.35,0.24,0.22,0.11,0.34
1.63,54.17,0.24,0.22,0.11,0.34
1.68,55.57,0.24,0.22,0.11,0.33
1.42,54.86,0.24,0.22,0.11,0.33
1.47,55.45,0.24,0.21,0.11,0.33
1.31,55.45,0.24,0.21,0.1,0.33
1.65,56.29,0.23,0.21,0.1,0.33
1.27,56.19,0.23,0.2,0.09,0.33
1.44,56.85,0.23,0.2,0.09,0.32
1.79,57.95,0.22,0.2,0.08,0.32
1.61,57.57,0.22,0.19,0.08,0.32
1.61,58.83,0.22,0.19,0.08,0.32
1.49,59.54,0.21,0.19,0.07,0.31
1.47,59.82,0.21,0.18,0.07,0.31
1.89,60.6,0.2,0.18,0.06,0.31
1.62,61.27,0.2,0.17,0.06,0.3
1.59,62.01,0.19,0.17,0.05,0.3
1.63,62.18,0.19,0.17,0.05,0.3
1.79,63.14,0.19,0.16,0.05,0.3
1.47,63.72,0.18,0.16,0.04,0.29
1.82,64.01,0.18,0.16,0.04,0.29
1.8,64.81,0.18,0.15,0.04,0.29
1.57,64.27,0.17,0.15,0.04,0.29
1.61,65.21,0.17,0.15,0.03,0.29
1.84,65.65,0.17,0.15,0.03,0.29
1.66,65.2,0.17,0.14,0.03,0.28
1.72,66.21,0.16,0.14,0.03,0.28
1.77,66.67,0.16,0.14,0.03,0.28
1.58,66.87,0.15,0.13,0.02,0.28
1.69,66.94,0.15,0.13,0.02,0.27
1.79,68.62,0.15,0.13,0.02,0.27
1.76,67.89,0.14,0.13,0.02,0.27
1.84,67.85,0.14,0.12,0.02,0.27
1.64,68.84,0.14,0.12,0.02,0.27
1.68,68.77,0.14,0.12,0.02,0.26
1.75,68.69,0.14,0.12,0.02,0.26
1.67,69.04,0.14,0.12,0.02,0.26
1.62,69.02,0.13,0.12,0.02,0.26
1.75,69.56,0.13,0.12,0.02,0.26
1.73,69.53,0.13,0.12,0.02,0.26
1.74,69.81,0.13,0.12,0.02,0.26
1.58,69.48,0.13,0.11,0.02,0.26
1.77,70.04,0.13,0.11,0.02,0.26
1.75,70.09,0.13,0.11,0.02,0.26
1.68,70.02,0.13,0.11,0.02,0.26
1.79,70.04,0.13,0.12,0.02,0.26
1.57,70.06,0.13,0.11,0.02,0.26
1.67,69.99,0.13,0.11,0.02,0.26
1.76,70.52,0.13,0.11,0.02,0.26
1.75,70.1,0.12,0.11,0.02,0.26
1.63,70.16,0.12,0.11,0.02,0.26
1.6,70.21,0.12,0.11,0.02,0.26
1.58,69.91,0.13,0.11,0.02,0.26
1.9,70.15,0.13,0.12,0.02,0.26
1.85,69.26,0.14,0.12,0.02,0.27
1.68,68.24,0.15,0.13,0.02,0.27
1.63,68.98,0.15,0.13,0.02,0.28
1.73,66.69,0.16,0.14,0.03,0.28
1.43,65.5,0.17,0.15,0.03,0.29
1.58,66.25,0.17,0.15,0.04,0.29
1.94,64.04,0.18,0.16,0.04,0.29
1.62,64.11,0.19,0.16,0.05,0.3
1.6,63,0.19,0.17,0.05,0.3
1.7,61.14,0.2,0.18,0.06,0.31
1.56,61.28,0.21,0.18,0.07,0.31
1.58,59.8,0.22,0.19,0.08,0.32
1.8,58.33,0.22,0.2,0.09,0.32
1.65,58.18,0.23,0.2,0.09,0.33
1.52,56.43,0.23,0.21,0.1,0.33
1.6,56.28,0.24,0.22,0.11,0.33
1.55,54.76,0.24,0.22,0.12,0.34
1.35,53.53,0.25,0.23,0.13,0.34
1.5,52.82,0.25,0.23,0.14,0.35
1.53,51.89,0.26,0.24,0.15,0.35
1.54,51.01,0.26,0.25,0.15,0.35
1.68,50.22,0.27,0.25,0.16,0.36
1.37,48.81,0.27,0.26,0.17,0.36
1.68,48.25,0.27,0.26,0.18,0.36
1.61,47.45,0.28,0.27,0.18,0.37
1.55,47,0.28,0.27,0.19,0.37
1.47,45.68,0.28,0.27,0.19,0.37
1.48,45.42,0.28,0.27,0.2,0.37
1.52,45.01,0.29,0.28,0.2,0.37
1.47,44.01,0.29,0.28,0.2,0.37
1.63,43.64,0.29,0.28,0.21,0.38
1.35,43.19,0.29,0.29,0.21,0.38
1.25,42.99,0.3,0.29,0.21,0.38
2.05,41.77,0.3,0.29,0.22,0.38
1.14,41.78,0.3,0.29,0.22,0.38
1.36,41.67,0.3,0.3,0.22,0.38
1.33,40.93,0.3,0.3,0.23,0.38
1.44,40.05,0.31,0.3,0.23,0.39
1.36,39.86,0.31,0.3,0.23,0.39
1.02,39.32,0.31,0.31,0.24,0.39
1.35,38.67,0.31,0.31,0.24,0.39
1.34,37.8,0.32,0.32,0.25,0.39
1.33,37.08,0.32,0.32,0.25,0.39
1.35,35.95,0.32,0.33,0.26,0.39
1.15,35.6,0.33,0.33,0.26,0.4
1.36,34.68,0.33,0.33,0.27,0.4
1.25,34.25,0.33,0.34,0.27,0.4
1.26,33.18,0.34,0.34,0.27,0.4
1.12,32.54,0.34,0.35,0.28,0.4
1.12,31.43,0.34,0.35,0.28,0.4
1.24,30.24,0.35,0.36,0.29,0.4
0.99,29.39,0.35,0.36,0.29,0.4
1.04,28.54,0.36,0.36,0.3,0.4
0.98,27.61,0.36,0.37,0.3,0.4
0.87,26.91,0.37,0.37,0.3,0.41
1.04,25.8,0.37,0.38,0.31,0.41
0.82,25.05,0.37,0.38,0.31,0.41
0.87,24.58,0.37,0.38,0.32,0.41
1.31,22.74,0.38,0.39,0.32,0.41
0.81,22.4,0.38,0.39,0.32,0.41
1.16,21.43,0.39,0.39,0.33,0.41
1.09,20.52,0.39,0.4,0.33,0.41
0.98,19.74,0.39,0.4,0.33,0.41
0.55,18.75,0.4,0.4,0.34,0.41
1.01,17.37,0.4,0.4,0.34,0.41
0.72,17.17,0.4,0.4,0.34,0.41
0.88,15.71,0.4,0.41,0.34,0.41
0.56,15.68,0.4,0.41,0.35,0.41
0.73,14.59,0.4,0.41,0.35,0.41
0.84,14.16,0.4,0.41,0.35,0.41
0.6,13.1,0.41,0.41,0.35,0.41
0.51,12.45,0.41,0.41,0.35,0.41
0.52,11.53,0.41,0.41,0.36,0.41
0.55,10.86,0.41,0.42,0.36,0.41
0.61,9.84,0.41,0.42,0.36,0.41
0.5,9.03,0.41,0.42,0.36,0.41
0.44,8.44,0.42,0.42,0.36,0.41
0.44,7.78,0.42,0.42,0.36,0.41
0.44,7.01,0.42,0.42,0.37,0.41
0.44,6.61,0.42,0.42,0.37,0.41
0.6,5.62,0.42,0.42,0.37,0.41
0.45,4.92,0.42,0.42,0.37,0.41
0.22,4.16,0.42,0.42,0.37,0.41
0.15,3.28,0.42,0.42,0.37,0.41
0.17,2.66,0.42,0.42,0.37,0.41
0.26,1.68,0.42,0.42,0.38,0.41
0.46,1.23,0.42,0.42,0.38,0.41
0.32,0.58,0.42,0.42,0.38,0.41
0.24,-0.35,0.42,0.42,0.38,0.41
0.15,-1.36,0.42,0.42,0.38,0.4
0.19,-1.88,0.42,0.42,0.38,0.4
0.23,-2.78,0.42,0.42,0.38,0.4
0.26,-3.57,0.42,0.42,0.38,0.4
0.03,-4.36,0.42,0.42,0.38,0.4
0.02,-5.01,0.42,0.42,0.38,0.4
0.04,-5.88,0.42,0.42,0.39,0.4
0.12,-6.85,0.42,0.42,0.39,0.39
0.06,-7.78,0.42,0.42,0.39,0.39
-0.01,-8.7,0.42,0.42,0.39,0.39
0.09,-9.11,0.42,0.42,0.39,0.39
-0.25,-10.56,0.42,0.41,0.39,0.39
-0.16,-10.9,0.42,0.41,0.39,0.39
0.27,-12.88,0.42,0.41,0.39,0.38
-0.21,-13.03,0.42,0.4,0.39,0.38
-0.04,-14.01,0.42,0.4,0.39,0.38
0.05,-15.29,0.41,0.4,0.39,0.38
-0.15,-16.05,0.41,0.4,0.39,0.37
-0.11,-17.27,0.41,0.4,0.39,0.37
-0.2,-18,0.41,0.39,0.39,0.37
0.01,-19.45,0.41,0.39,0.39,0.36
-0.15,-20.12,0.4,0.39,0.39,0.36
-0.45,-21.39,0.4,0.39,0.39,0.36
-0.69,-22.1,0.4,0.38,0.39,0.36
-0.39,-22.83,0.4,0.38,0.39,0.35
-0.25,-23.74,0.4,0.38,0.39,0.35
-0.15,-24.31,0.4,0.38,0.39,0.35
-0.01,-25.47,0.4,0.38,0.39,0.35
-0.43,-26,0.39,0.38,0.39,0.34
-0.94,-26.37,0.39,0.37,0.39,0.34
-0.18,-27.22,0.39,0.37,0.39,0.34
-0.17,-28.15,0.39,0.37,0.39,0.33
-0.14,-29.1,0.38,0.37,0.39,0.33
-0.41,-29.42,0.38,0.36,0.39,0.33
-0.49,-30.52,0.38,0.36,0.39,0.32
-0.47,-31.31,0.38,0.36,0.39,0.32
-0.39,-32.58,0.37,0.35,0.39,0.32
-0.53,-32.77,0.37,0.35,0.39,0.31
-0.64,-33.63,0.37,0.35,0.39,0.31
-0.32,-34.57,0.36,0.35,0.39,0.3
-0.96,-35.2,0.36,0.34,0.38,0.3
-0.52,-36.06,0.35,0.34,0.38,0.29
-0.61,-37.71,0.35,0.33,0.38,0.29
-0.75,-38.35,0.35,0.33,0.38,0.28
-0.52,-39.64,0.34,0.33,0.38,0.28
-0.76,-40.83,0.33,0.32,0.38,0.27
-0.48,-41.35,0.33,0.32,0.38,0.27
-0.89,-42.07,0.33,0.31,0.38,0.26
-0.86,-43.66,0.32,0.31,0.38,0.26
-0.87,-43.57,0.32,0.31,0.38,0.25
-1.1,-44.36,0.31,0.3,0.38,0.25
-0.81,-45.74,0.31,0.3,0.38,0.24
-0.76,-46.8,0.3,0.3,0.37,0.24
-0.84,-47.49,0.29,0.29,0.37,0.24
-0.83,-48.17,0.29,0.29,0.37,0.23
-0.78,-48.71,0.29,0.29,0.37,0.23
-0.65,-49.65,0.28,0.29,0.37,0.23
-0.89,-50.09,0.28,0.28,0.37,0.22
-0.85,-51.02,0.27,0.28,0.37,0.22
-0.96,-51.15,0.27,0.28,0.36,0.21
-0.98,-51.93,0.27,0.27,0.36,0.2
-0.91,-52.99,0.26,0.27,0.36,0.2
-0.98,-53.42,0.26,0.27,0.36,0.19
-1.01,-54.26,0.25,0.26,0.36,0.18
-0.96,-54.96,0.25,0.26,0.36,0.18
-1.02,-55.5,0.24,0.25,0.36,0.17
-0.89,-57.37,0.24,0.25,0.35,0.16
-1.19,-57.68,0.23,0.25,0.35,0.15
-0.81,-58.14,0.23,0.24,0.35,0.15
-1.13,-59.03,0.22,0.24,0.34,0.14
-1.14,-60.26,0.22,0.23,0.34,0.13
-0.96,-61.06,0.21,0.23,0.34,0.12
-1.07,-61.32,0.21,0.22,0.33,0.11
-1.08,-62.73,0.2,0.21,0.33,0.11
-1.16,-63.2,0.19,0.21,0.32,0.1
-1.07,-63.98,0.19,0.2,0.32,0.09
-1.29,-65.14,0.19,0.2,0.32,0.09
-0.99,-65.33,0.18,0.19,0.32,0.08
-1.27,-66.03,0.18,0.19,0.32,0.08
-1.04,-66.71,0.18,0.18,0.31,0.07
-1.3,-66.57,0.17,0.18,0.31,0.07
-1.32,-67.73,0.17,0.18,0.31,0.06
-1.02,-68.15,0.16,0.17,0.3,0.06
-1.35,-67.58,0.16,0.17,0.3,0.06
-1.16,-69.61,0.16,0.17,0.3,0.05
-1.28,-68.95,0.16,0.16,0.3,0.05
-1.19,-70.23,0.16,0.16,0.3,0.05
-1.18,-69.94,0.16,0.16,0.3,0.05
-1.13,-70.25,0.15,0.16,0.29,0.04
-1.21,-70.38,0.15,0.15,0.29,0.04
-1.18,-70.93,0.15,0.15,0.29,0.04
-1.15,-70.79,0.15,0.15,0.29,0.04
-1.28,-71.14,0.15,0.15,0.29,0.04
-1.22,-71.24,0.15,0.15,0.29,0.04
-1.24,-71.17,0.15,0.15,0.29,0.04
-1.22,-70.95,0.15,0.15,0.29,0.04
-1.12,-71.32,0.15,0.15,0.29,0.04
-1.29,-71.55,0.15,0.15,0.29,0.04
-1.35,-71.21,0.15,0.15,0.29,0.04
-1.19,-70.87,0.15,0.15,0.29,0.04
-1.23,-70.64,0.15,0.16,0.3,0.05
-1.33,-69.63,0.16,0.16,0.3,0.05
-1.23,-69.31,0.16,0.17,0.3,0.06
-1.38,-69.04,0.17,0.18,0.31,0.07
-1.17,-67.01,0.17,0.19,0.31,0.07
-1.34,-66.3,0.18,0.19,0.32,0.08
-1.35,-65.9,0.19,0.2,0.32,0.09
-1.02,-64.35,0.2,0.21,0.33,0.1
-1.17,-64.2,0.2,0.22,0.33,0.11
-0.95,-62.11,0.21,0.23,0.34,0.12
-0.92,-61.21,0.22,0.24,0.34,0.14
-1.09,-59.5,0.23,0.24,0.35,0.15
-1.07,-58.26,0.24,0.25,0.35,0.16
-0.93,-57.56,0.24,0.26,0.36,0.17
-0.91,-55.84,0.25,0.26,0.36,0.18
-0.64,-54.08,0.26,0.27,0.36,0.2
-1.07,-53.74,0.27,0.27,0.36,0.2
-0.75,-52.41,0.27,0.28,0.37,0.21
-1.03,-51.13,0.28,0.28,0.37,0.22
-0.59,-49.83,0.28,0.29,0.37,0.22
-1.06,-49.11,0.29,0.29,0.37,0.23
-0.88,-48,0.3,0.3,0.38,0.24
-0.91,-47.16,0.31,0.3,0.38,0.24
-0.82,-45.35,0.31,0.31,0.38,0.25
-0.85,-44.16,0.32,0.31,0.38,0.26
-0.82,-42.6,0.33,0.32,0.38,0.27
-0.69,-41.15,0.34,0.33,0.38,0.28
-0.46,-39.42,0.35,0.33,0.38,0.29
-0.74,-38.44,0.35,0.34,0.38,0.29
-0.45,-36.93,0.36,0.34,0.38,0.3
-0.52,-36.27,0.36,0.35,0.39,0.3
-0.75,-34.68,0.37,0.35,0.39,0.31
-0.37,-32.86,0.38,0.36,0.39,0.32
-0.52,-31.47,0.39,0.37,0.39,0.33
-0.15,-28.44,0.39,0.37,0.39,0.34
-0.43,-27.26,0.4,0.38,0.39,0.35
-0.46,-24.83,0.4,0.38,0.39,0.35
-0.19,-23.86,0.4,0.39,0.39,0.36
-0.36,-22.24,0.41,0.39,0.39,0.36
-0.23,-21.02,0.41,0.39,0.39,0.36
-0.05,-19.59,0.41,0.39,0.39,0.37
-0.31,-18.28,0.41,0.4,0.39,0.37
-0.12,-17.64,0.41,0.4,0.39,0.37
-0.29,-16.43,0.42,0.4,0.39,0.38
0.39,-15.06,0.42,0.4,0.39,0.38
0.05,-14.19,0.42,0.41,0.39,0.38
-0.42,-13.22,0.42,0.41,0.39,0.38
-0.11,-11.87,0.42,0.41,0.39,0.39
-0.07,-11,0.42,0.41,0.39,0.39
-0.14,-9.66,0.42,0.42,0.39,0.39
-0.01,-8.66,0.42,0.42,0.39,0.39
0.04,-6.86,0.42,0.42,0.38,0.4
0.18,-5.88,0.42,0.42,0.38,0.4
0.19,-4.17,0.42,0.42,0.38,0.4
0.3,-3.22,0.42,0.42,0.38,0.4
0.15,-2.2,0.42,0.42,0.38,0.4
0.73,-1.2,0.42,0.42,0.38,0.41
0.23,0.24,0.42,0.42,0.38,0.41
0.27,0.74,0.42,0.42,0.37,0.41
-0.1,2.06,0.42,0.42,0.37,0.41
0.25,2.82,0.42,0.42,0.37,0.41
0.44,4.18,0.42,0.42,0.37,0.41
0.5,4.74,0.42,0.42,0.37,0.41
0.43,5.68,0.42,0.42,0.37,0.41
0.41,6.55,0.42,0.42,0.36,0.41
0.54,8.4,0.41,0.42,0.36,0.41
0.61,9.28,0.41,0.42,0.36,0.41
0.58,10.71,0.41,0.41,0.35,0.41
0.65,12.75,0.41,0.41,0.35,0.41
0.62,12.89,0.4,0.41,0.35,0.41
0.49,14.32,0.4,0.41,0.34,0.41
0.82,15.64,0.4,0.4,0.34,0.41
0.78,16.67,0.4,0.4,0.34,0.41
0.71,17.64,0.39,0.4,0.33,0.41
0.71,18.96,0.39,0.39,0.33,0.41
1.13,19.53,0.39,0.39,0.33,0.41
0.79,20.4,0.38,0.39,0.33,0.41
1.02,22.49,0.38,0.38,0.32,0.41
0.91,22.99,0.37,0.38,0.31,0.41
0.86,24.33,0.37,0.37,0.31,0.41
1.14,25.62,0.37,0.37,0.3,0.41
1.05,26.38,0.36,0.37,0.3,0.4
1.17,26.86,0.36,0.37,0.3,0.4
1.09,27.82,0.36,0.36,0.29,0.4
0.89,28.42,0.35,0.36,0.29,0.4
1.41,29.12,0.35,0.35,0.29,0.4
1.14,30.25,0.34,0.35,0.28,0.4
0.78,30.66,0.34,0.34,0.28,0.4
1.34,32.22,0.34,0.34,0.27,0.4
0.89,33.11,0.33,0.33,0.27,0.4
1.13,33.64,0.33,0.33,0.26,0.4
1.25,34.72,0.32,0.33,0.26,0.39
1.09,35.97,0.32,0.32,0.25,0.39
1.05,37.31,0.31,0.31,0.24,0.39
1.24,37.93,0.31,0.31,0.24,0.39
1.31,39.1,0.3,0.3,0.23,0.38
1.25,40.43,0.3,0.29,0.22,0.38
1.58,41.21,0.29,0.29,0.21,0.38
1.39,42.71,0.29,0.28,0.2,0.37
1.45,44.31,0.28,0.27,0.19,0.37
1.52,45.44,0.28,0.26,0.18,0.37
1.55,46.78,0.27,0.26,0.18,0.36
1.52,47.66,0.27,0.26,0.17,0.36
1.19,48.45,0.27,0.25,0.16,0.36
1.36,50.11,0.26,0.24,0.15,0.35
1.58,50.46,0.25,0.23,0.13,0.34
1.63,52.87,0.25,0.23,0.13,0.34
1.58,52.97,0.24,0.22,0.12,0.34
1.57,53.85,0.24,0.22,0.12,0.34
1.62,54.47,0.24,0.22,0.11,0.34
1.8,54.8,0.24,0.21,0.11,0.33
1.57,56.51,0.23,0.21,0.1,0.33
1.57,55.95,0.23,0.2,0.09,0.32
1.69,56.38,0.22,0.2,0.08,0.32
1.7,58.79,0.22,0.19,0.07,0.32
1.41,58.94,0.21,0.18,0.07,0.31
1.66,60.57,0.2,0.18,0.06,0.31
1.65,60.65,0.2,0.17,0.06,0.3
1.63,61.49,0.19,0.17,0.05,0.3
1.63,63.06,0.19,0.16,0.05,0.3
1.72,63.06,0.18,0.16,0.04,0.29
1.81,63.95,0.18,0.15,0.04,0.29
1.59,64.9,0.17,0.15,0.03,0.29
1.59,65.46,0.17,0.14,0.03,0.28
1.57,65.56,0.16,0.14,0.03,0.28
1.74,66.46,0.16,0.14,0.02,0.28
1.68,66.91,0.15,0.13,0.02,0.27
1.46,68.15,0.15,0.13,0.02,0.27
1.85,68.3,0.14,0.13,0.02,0.27
1.68,69.11,0.14,0.12,0.02,0.27
1.5,68.7,0.14,0.12,0.02,0.26
1.63,69.46,0.13,0.12,0.02,0.26
1.8,69.39,0.13,0.11,0.02,0.26
1.64,70.21,0.13,0.11,0.02,0.26
1.79,70.48,0.12,0.11,0.02,0.25
1.79,70.69,0.12,0.11,0.02,0.25
1.85,70.94,0.12,0.1,0.02,0.25
1.72,71.24,0.11,0.1,0.02,0.25
1.56,71.28,0.11,0.1,0.02,0.25
1.68,72.04,0.11,0.1,0.02,0.24
1.68,72.91,0.11,0.1,0.02,0.24
1.63,72.53,0.1,0.09,0.02,0.24
1.61,72.35,0.1,0.09,0.02,0.24
1.67,72.85,0.1,0.09,0.02,0.24
1.64,73.15,0.1,0.09,0.02,0.24
1.67,73.23,0.1,0.09,0.02,0.24
1.64,73.65,0.1,0.09,0.02,0.24
1.76,73.24,0.1,0.09,0.02,0.24
1.72,73.08,0.1,0.09,0.02,0.24
1.82,74.43,0.09,0.09,0.02,0.23
1.73,74.4,0.09,0.08,0.02,0.23
1.68,74.1,0.09,0.08,0.02,0.23
1.82,74.4,0.09,0.08,0.02,0.23
1.79,73.73,0.09,0.08,0.02,0.23
1.79,74,0.09,0.08,0.02,0.23
1.79,73.95,0.1,0.09,0.02,0.24
1.68,72.71,0.1,0.09,0.02,0.24
1.68,72.72,0.11,0.1,0.02,0.25
1.77,72.11,0.12,0.11,0.02,0.25
1.74,70.48,0.13,0.11,0.02,0.26
1.6,69.04,0.14,0.13,0.02,0.27
1.74,68.65,0.16,0.14,0.03,0.28
1.59,67.02,0.17,0.14,0.03,0.28
1.36,65.43,0.18,0.15,0.04,0.29
0.92,65.51,0.19,0.16,0.05,0.3
1.89,62.2,0.2,0.17,0.06,0.3
1.8,61.73,0.21,0.18,0.06,0.31
1.59,60.24,0.21,0.19,0.07,0.32
1.66,59.06,0.22,0.2,0.08,0.32
1.53,58.26,0.23,0.2,0.09,0.33
1.7,56.59,0.23,0.21,0.1,0.33
1.74,55.47,0.24,0.22,0.11,0.34
1.46,54.45,0.24,0.22,0.12,0.34
1.47,53.44,0.25,0.23,0.13,0.34
1.41,52.87,0.25,0.23,0.14,0.35
1.67,51.42,0.26,0.24,0.14,0.35
1.55,51.64,0.26,0.24,0.15,0.35
1.57,49.84,0.26,0.25,0.16,0.35
1.57,49.35,0.27,0.25,0.16,0.36
1.36,49.04,0.27,0.25,0.17,0.36
1.36,48.57,0.27,0.26,0.17,0.36
1.48,47.82,0.27,0.26,0.18,0.36
1.54,47.44,0.28,0.26,0.18,0.37
1.48,46.6,0.28,0.27,0.18,0.37
1.41,45.86,0.28,0.27,0.19,0.37
1.35,45.68,0.28,0.27,0.2,0.37
1.35,44.99,0.29,0.28,0.2,0.37
1.35,44.13,0.29,0.28,0.2,0.37
1.51,43.58,0.29,0.28,0.21,0.38
1.31,42.62,0.3,0.29,0.21,0.38
1.22,42.16,0.3,0.29,0.22,0.38
1.26,40.64,0.3,0.3,0.23,0.38
1.53,40.88,0.3,0.3,0.23,0.38
1.31,39.35,0.31,0.31,0.24,0.39
1.45,38.92,0.31,0.31,0.24,0.39
1.3,38.15,0.31,0.31,0.25,0.39
1.36,37.06,0.32,0.32,0.25,0.39
1.36,37.18,0.32,0.32,0.25,0.39
1.16,36.26,0.32,0.32,0.25,0.39
1.27,36.09,0.32,0.32,0.26,0.39
1.35,35.61,0.32,0.33,0.26,0.39
1.29,35.09,0.33,0.33,0.26,0.4
1.36,34.27,0.33,0.34,0.27,0.4
1.28,33.55,0.33,0.34,0.27,0.4
1.12,32.74,0.34,0.34,0.28,0.4
1.19,31.6,0.34,0.35,0.28,0.4
1.23,30.85,0.35,0.35,0.28,0.4
1.21,29.55,0.35,0.36,0.29,0.4
1.16,29.35,0.35,0.36,0.29,0.4
0.86,28.26,0.36,0.36,0.3,0.4
0.92,27.09,0.36,0.37,0.3,0.4
1.19,26.45,0.37,0.38,0.31,0.41
0.95,25.05,0.37,0.38,0.31,0.41
0.99,23.97,0.38,0.38,0.32,0.41
0.97,22.62,0.38,0.39,0.32,0.41
1.06,21.27,0.39,0.39,0.33,0.41
0.76,20.05,0.39,0.4,0.33,0.41
0.82,18.42,0.4,0.4,0.34,0.41
1.02,16.91,0.4,0.4,0.34,0.41
1.04,15.73,0.4,0.41,0.35,0.41
0.97,14.12,0.4,0.41,0.35,0.41
0.6,12.52,0.41,0.41,0.35,0.41
0.67,11.39,0.41,0.41,0.36,0.41
0.54,10.11,0.41,0.42,0.36,0.41
0.65,8.59,0.41,0.42,0.36,0.41
0.82,7.8,0.42,0.42,0.36,0.41
0.71,6.67,0.42,0.42,0.37,0.41
0.71,6.42,0.42,0.42,0.37,0.41
0.74,5.3,0.42,0.42,0.37,0.41
0.39,4.15,0.42,0.42,0.37,0.41
0.76,3.24,0.42,0.42,0.37,0.41
0.48,1.9,0.42,0.42,0.38,0.41
0.55,1.11,0.42,0.42,0.38,0.41
0.49,-0.02,0.42,0.42,0.38,0.41
0.36,-0.09,0.42,0.42,0.38,0.4
0.28,-1.94,0.42,0.42,0.38,0.4
0.26,-2.17,0.42,0.42,0.38,0.4
0.4,-2.86,0.42,0.42,0.38,0.4
0.24,-3.57,0.42,0.42,0.38,0.4
0.44,-3.94,0.42,0.42,0.38,0.4
0.24,-4.49,0.42,0.42,0.38,0.4
0.43,-4.97,0.42,0.42,0.38,0.4
0.23,-4.52,0.42,0.42,0.38,0.4
0.38,-4.73,0.42,0.42,0.38,0.4
0.45,-5.16,0.42,0.42,0.38,0.4
0.17,-5.23,0.42,0.42,0.38,0.4
0.35,-5.33,0.42,0.42,0.38,0.4
0.54,-4.88,0.42,0.42,0.38,0.4
0.67,-5.61,0.42,0.42,0.38,0.4
0.23,-4.96,0.42,0.42,0.38,0.4
0.61,-5.17,0.42,0.42,0.38,0.4
0.04,-4.87,0.42,0.42,0.38,0.4
