-2.96,0.12,0.35,0.41,0.39,0.39
-2.98,0.09,0.35,0.41,0.39,0.39
-3,0.11,0.35,0.41,0.39,0.39
-3.01,0.1,0.35,0.41,0.39,0.39
-3.01,0.09,0.35,0.41,0.39,0.39
-2.98,0.1,0.35,0.41,0.39,0.39
-3.03,0.07,0.35,0.41,0.39,0.39
-3.01,0.09,0.35,0.41,0.39,0.39
-3.02,0.07,0.35,0.41,0.39,0.39
-3,0.06,0.35,0.41,0.39,0.39
-3.01,0.09,0.35,0.41,0.39,0.39
-3.01,0.07,0.35,0.41,0.39,0.39
-3.01,0.03,0.35,0.41,0.39,0.39
-3.01,0.01,0.35,0.41,0.39,0.39
-2.98,0.26,0.35,0.41,0.39,0.39
-2.96,0.16,0.35,0.41,0.39,0.39
-2.97,0.19,0.35,0.41,0.39,0.39
-2.96,0.17,0.35,0.41,0.39,0.39
-2.96,0.23,0.35,0.41,0.39,0.39
-2.9,0.28,0.35,0.41,0.39,0.39
-2.94,0.28,0.35,0.41,0.39,0.39
-2.91,0.27,0.35,0.41,0.39,0.39
-2.92,0.14,0.35,0.41,0.39,0.39
-2.79,0.35,0.35,0.41,0.39,0.39
-2.83,0.36,0.35,0.41,0.39,0.39
-2.61,0.39,0.35,0.41,0.39,0.39
-2.53,0.11,0.35,0.41,0.39,0.39
-2.15,0.13,0.35,0.41,0.39,0.39
-1.65,0.16,0.35,0.41,0.39,0.39
-1.73,-0.05,0.35,0.41,0.39,0.39
-0.67,0.27,0.35,0.41,0.39,0.39
-0.8,0.05,0.35,0.41,0.39,0.39
-0.41,0.02,0.35,0.41,0.39,0.39
-0.3,-0.09,0.35,0.41,0.39,0.39
0.14,-0.19,0.35,0.41,0.39,0.39
0.14,-0.17,0.35,0.41,0.39,0.39
0.34,-0.02,0.35,0.41,0.39,0.39
0.39,-0.01,0.35,0.41,0.39,0.39
0.62,-0.13,0.36,0.41,0.39,0.39
0.93,-0.14,0.36,0.41,0.39,0.39
1.26,-0.12,0.36,0.41,0.39,0.39
1.96,-0,0.36,0.4,0.39,0.39
3.07,0.09,0.36,0.4,0.39,0.39
3.77,-0,0.36,0.4,0.38,0.39
4.87,-0.1,0.36,0.4,0.38,0.39
5.63,-0.14,0.36,0.4,0.38,0.39
6.19,-0.08,0.36,0.4,0.38,0.39
6.75,-0.15,0.36,0.39,0.38,0.39
7.28,-0.25,0.36,0.39,0.38,0.39
7.82,-0.28,0.36,0.39,0.38,0.39
8.39,-0.36,0.36,0.39,0.38,0.39
9.03,-0.39,0.36,0.39,0.38,0.39
9.74,-0.33,0.36,0.39,0.38,0.39
10.2,-0.41,0.36,0.39,0.38,0.39
11.01,-0.4,0.36,0.38,0.38,0.39
11.16,-0.5,0.36,0.38,0.38,0.39
11.87,-0.56,0.36,0.38,0.38,0.39
12.16,-0.49,0.36,0.38,0.38,0.39
12.7,-0.42,0.36,0.38,0.38,0.39
13.07,-0.35,0.36,0.38,0.38,0.39
13.85,-0.48,0.36,0.38,0.38,0.39
14.14,-0.42,0.36,0.38,0.38,0.38
15,-0.55,0.36,0.37,0.37,0.38
15.41,-0.6,0.36,0.37,0.37,0.38
16.29,-0.59,0.36,0.37,0.37,0.38
16.86,-0.64,0.36,0.37,0.37,0.38
17.52,-0.44,0.36,0.37,0.37,0.38
18.2,-0.52,0.36,0.36,0.37,0.38
18.76,-0.71,0.36,0.36,0.37,0.38
20.01,-0.67,0.36,0.36,0.37,0.38
20.42,-0.72,0.36,0.36,0.36,0.38
21.2,-0.71,0.36,0.36,0.36,0.37
21.74,-0.96,0.36,0.35,0.36,0.37
22.26,-0.69,0.36,0.35,0.36,0.37
22.94,-0.87,0.36,0.35,0.36,0.37
23.34,-0.97,0.37,0.35,0.36,0.37
23.85,-0.6,0.37,0.35,0.36,0.37
24.2,-0.73,0.37,0.34,0.36,0.37
24.93,-0.64,0.37,0.34,0.35,0.37
25.2,-0.8,0.37,0.34,0.35,0.36
25.76,-0.91,0.37,0.34,0.35,0.36
26.64,-0.95,0.37,0.33,0.35,0.36
26.68,-1.07,0.37,0.33,0.35,0.36
27.75,-0.8,0.36,0.33,0.35,0.36
28.02,-1.04,0.36,0.33,0.35,0.36
28.3,-1.11,0.36,0.33,0.35,0.36
28.73,-0.89,0.36,0.32,0.34,0.36
29.28,-1.05,0.36,0.32,0.34,0.35
30.03,-0.87,0.36,0.32,0.34,0.35
30.81,-1.03,0.36,0.31,0.33,0.35
31.5,-1.16,0.36,0.31,0.33,0.34
32.43,-1.22,0.36,0.31,0.33,0.34
32.98,-1.04,0.36,0.3,0.33,0.34
33.5,-1.03,0.36,0.3,0.32,0.34
34.16,-1.09,0.36,0.3,0.32,0.33
34.7,-1.26,0.36,0.29,0.32,0.33
35.18,-1.23,0.36,0.29,0.32,0.33
36.32,-1.18,0.36,0.29,0.32,0.32
36.13,-1.29,0.36,0.28,0.31,0.32
37.5,-0.95,0.36,0.28,0.31,0.32
38.22,-1.24,0.36,0.27,0.31,0.31
38.73,-1.18,0.36,0.27,0.31,0.31
39.21,-1.29,0.36,0.27,0.31,0.31
39.32,-1.26,0.36,0.27,0.3,0.31
39.86,-1.28,0.36,0.27,0.3,0.31
40.22,-1.35,0.36,0.26,0.3,0.31
40.74,-1.13,0.36,0.26,0.3,0.3
40.45,-1.28,0.36,0.26,0.3,0.3
41.05,-1.3,0.36,0.26,0.3,0.3
41.11,-1.41,0.36,0.26,0.3,0.3
41.58,-1.28,0.36,0.25,0.3,0.3
41.92,-1.25,0.36,0.25,0.3,0.29
42.55,-1.39,0.36,0.25,0.29,0.29
42.7,-1.26,0.35,0.24,0.29,0.29
43.27,-1.3,0.36,0.24,0.29,0.29
43.81,-1.32,0.35,0.24,0.29,0.29
43.71,-1.33,0.35,0.24,0.29,0.28
44.13,-1.21,0.35,0.23,0.29,0.28
44.76,-1.33,0.35,0.23,0.28,0.28
45.26,-1.26,0.35,0.23,0.28,0.28
45.64,-1.45,0.35,0.23,0.28,0.28
46.02,-1.44,0.35,0.22,0.28,0.27
46.65,-1.5,0.35,0.22,0.28,0.27
46.94,-1.49,0.35,0.21,0.27,0.27
48.04,-1.65,0.35,0.2,0.27,0.26
48.4,-1.37,0.35,0.2,0.27,0.26
48.83,-1.35,0.35,0.2,0.27,0.26
49.4,-1.45,0.34,0.19,0.27,0.25
49.53,-1.47,0.34,0.19,0.27,0.25
50.14,-1.63,0.34,0.19,0.26,0.25
50.41,-1.62,0.34,0.18,0.26,0.25
50.57,-1.61,0.34,0.18,0.26,0.24
51.32,-1.56,0.34,0.17,0.26,0.24
51.87,-1.44,0.34,0.17,0.25,0.24
52.41,-1.63,0.34,0.16,0.25,0.23
53.25,-1.66,0.34,0.15,0.25,0.23
53.16,-1.55,0.34,0.15,0.25,0.23
54.53,-1.67,0.34,0.14,0.24,0.22
55.23,-1.6,0.33,0.14,0.24,0.22
55.54,-1.66,0.33,0.13,0.24,0.22
55.84,-1.72,0.33,0.13,0.23,0.21
57.22,-1.74,0.33,0.12,0.23,0.21
57.41,-1.52,0.33,0.12,0.23,0.21
58.01,-1.64,0.33,0.11,0.23,0.21
58,-1.65,0.33,0.11,0.22,0.2
58.88,-1.6,0.32,0.1,0.22,0.2
58.79,-1.7,0.32,0.1,0.22,0.2
58.9,-1.8,0.32,0.1,0.22,0.2
59.84,-1.71,0.32,0.09,0.22,0.2
60.27,-1.64,0.32,0.09,0.21,0.19
60.73,-1.77,0.32,0.08,0.21,0.19
61.56,-1.65,0.32,0.08,0.2,0.18
62.09,-1.82,0.31,0.07,0.2,0.18
63.03,-1.72,0.31,0.07,0.2,0.18
62.66,-1.82,0.31,0.07,0.2,0.18
63.84,-1.86,0.31,0.06,0.19,0.17
63.89,-1.72,0.31,0.06,0.19,0.17
64.56,-1.8,0.31,0.06,0.19,0.17
64.45,-1.78,0.31,0.06,0.19,0.17
64.92,-1.97,0.31,0.06,0.18,0.17
65.21,-1.73,0.3,0.05,0.18,0.16
65.26,-1.84,0.3,0.05,0.17,0.16
66.08,-1.79,0.3,0.04,0.17,0.16
66.7,-1.81,0.3,0.04,0.17,0.15
67.14,-1.88,0.29,0.04,0.16,0.15
67.78,-1.82,0.29,0.03,0.16,0.15
68.48,-1.91,0.29,0.03,0.15,0.14
68.76,-1.59,0.29,0.03,0.15,0.14
69.43,-2.05,0.28,0.03,0.14,0.14
70.16,-1.93,0.28,0.03,0.14,0.13
70.42,-1.9,0.28,0.02,0.14,0.13
71.29,-2.18,0.28,0.02,0.13,0.13
70.96,-1.99,0.28,0.02,0.13,0.12
70.78,-1.88,0.28,0.02,0.13,0.12
71.83,-1.88,0.28,0.02,0.13,0.12
71.92,-1.99,0.28,0.02,0.13,0.12
72.02,-1.72,0.28,0.02,0.13,0.12
71.97,-2,0.28,0.02,0.13,0.12
71.94,-1.98,0.28,0.02,0.13,0.12
71.98,-1.67,0.28,0.02,0.13,0.12
71.84,-1.75,0.28,0.02,0.13,0.12
71.93,-1.83,0.28,0.02,0.13,0.12
71.89,-1.73,0.28,0.02,0.13,0.12
72.22,-1.86,0.28,0.02,0.13,0.12
72.07,-1.79,0.28,0.02,0.13,0.12
72.05,-1.79,0.28,0.02,0.13,0.12
71.94,-1.87,0.28,0.02,0.13,0.12
71.63,-1.88,0.28,0.02,0.13,0.12
71.88,-1.71,0.28,0.02,0.13,0.12
71.69,-1.86,0.28,0.02,0.13,0.13
71.46,-1.83,0.28,0.02,0.14,0.13
70.88,-1.84,0.28,0.02,0.14,0.13
70.21,-1.63,0.29,0.03,0.14,0.14
69.92,-1.78,0.29,0.03,0.15,0.14
69.9,-1.99,0.29,0.03,0.15,0.14
68.22,-1.72,0.29,0.03,0.16,0.15
68.59,-1.88,0.29,0.04,0.16,0.15
68.08,-1.65,0.3,0.04,0.16,0.15
66.79,-1.88,0.3,0.04,0.17,0.16
67.43,-1.74,0.3,0.04,0.17,0.16
65.9,-1.82,0.3,0.05,0.17,0.16
65.56,-1.8,0.3,0.05,0.18,0.16
65.27,-1.8,0.31,0.06,0.18,0.17
64.54,-1.83,0.31,0.06,0.19,0.17
64.59,-1.77,0.31,0.06,0.19,0.17
63.76,-1.98,0.31,0.06,0.19,0.17
63.03,-1.75,0.31,0.07,0.2,0.18
63.23,-1.88,0.31,0.07,0.2,0.18
62.41,-1.82,0.32,0.08,0.2,0.18
61.9,-1.9,0.32,0.08,0.21,0.19
61.96,-1.77,0.32,0.08,0.21,0.19
61.2,-1.78,0.32,0.09,0.21,0.19
61.19,-1.72,0.32,0.09,0.21,0.19
60.27,-1.58,0.32,0.09,0.22,0.2
59.6,-1.79,0.32,0.1,0.22,0.2
59.26,-1.9,0.33,0.11,0.22,0.2
58.62,-1.85,0.33,0.11,0.23,0.21
58.48,-1.73,0.33,0.12,0.23,0.21
56.92,-1.69,0.33,0.12,0.23,0.21
56.96,-1.61,0.33,0.13,0.23,0.22
56.11,-1.66,0.33,0.13,0.24,0.22
56.2,-1.68,0.33,0.14,0.24,0.22
55,-1.62,0.34,0.15,0.24,0.23
54.12,-1.82,0.34,0.15,0.25,0.23
53.35,-1.75,0.34,0.16,0.25,0.24
53.25,-1.58,0.34,0.17,0.26,0.24
52.39,-1.68,0.34,0.17,0.26,0.24
51.76,-1.47,0.34,0.18,0.26,0.25
50.62,-1.48,0.35,0.19,0.27,0.25
49.94,-1.77,0.35,0.19,0.27,0.26
49.09,-1.45,0.35,0.2,0.27,0.26
48.47,-1.41,0.35,0.21,0.27,0.26
48.44,-1.64,0.35,0.21,0.28,0.27
47.75,-1.68,0.35,0.22,0.28,0.27
46.45,-1.49,0.35,0.22,0.28,0.27
45.95,-1.56,0.35,0.23,0.28,0.28
45.48,-1.4,0.35,0.23,0.28,0.28
44.89,-1.61,0.35,0.24,0.29,0.28
44.63,-1.58,0.35,0.24,0.29,0.29
43.53,-1.34,0.35,0.24,0.29,0.29
42.96,-1.37,0.35,0.25,0.29,0.29
42.2,-1.33,0.35,0.26,0.3,0.3
41.6,-1.29,0.36,0.26,0.3,0.3
40.76,-1.32,0.36,0.26,0.3,0.31
39.86,-1.34,0.36,0.27,0.31,0.31
40.21,-1.29,0.36,0.27,0.31,0.31
38.72,-1.43,0.36,0.28,0.31,0.31
38.47,-1.22,0.36,0.28,0.31,0.32
37.32,-1.31,0.36,0.29,0.32,0.32
37.32,-1.1,0.36,0.29,0.32,0.33
36.32,-1.2,0.36,0.29,0.32,0.33
35.33,-1.26,0.36,0.3,0.32,0.33
35.48,-1.43,0.36,0.3,0.32,0.33
33.89,-1.02,0.36,0.3,0.33,0.34
33.77,-1.16,0.36,0.31,0.33,0.34
32.8,-1.14,0.36,0.31,0.33,0.34
31.19,-1.13,0.36,0.32,0.34,0.35
30.84,-1.04,0.36,0.32,0.34,0.35
29.71,-0.84,0.36,0.32,0.34,0.35
29.12,-1.04,0.36,0.33,0.34,0.36
28.95,-0.83,0.36,0.33,0.35,0.36
27.73,-1.13,0.36,0.33,0.35,0.36
27.77,-1.03,0.36,0.33,0.35,0.36
26.52,-1.01,0.36,0.34,0.35,0.36
26.26,-0.76,0.36,0.34,0.35,0.37
25.39,-0.98,0.36,0.34,0.35,0.37
25.17,-0.79,0.36,0.34,0.36,0.37
24.7,-0.75,0.36,0.35,0.36,0.37
24.29,-0.73,0.36,0.35,0.36,0.37
23.81,-0.8,0.37,0.35,0.36,0.37
23.48,-0.93,0.37,0.35,0.36,0.37
22.75,-0.77,0.37,0.36,0.36,0.37
22.5,-0.69,0.37,0.36,0.36,0.37
21.5,-0.56,0.37,0.36,0.36,0.38
21.09,-0.55,0.37,0.36,0.36,0.38
20.47,-0.6,0.37,0.36,0.37,0.38
20.12,-0.64,0.37,0.37,0.37,0.38
19.79,-0.53,0.37,0.37,0.37,0.38
18.96,-0.76,0.37,0.37,0.37,0.38
18.59,-0.52,0.37,0.37,0.37,0.38
18.1,-0.55,0.37,0.38,0.37,0.38
17.5,-0.64,0.37,0.38,0.37,0.38
17.27,-0.27,0.37,0.38,0.37,0.38
16.67,-0.39,0.37,0.38,0.38,0.39
16.3,-0.38,0.37,0.38,0.38,0.39
15.66,-0.65,0.37,0.39,0.38,0.39
15.08,-0.35,0.36,0.39,0.38,0.39
14.33,-0.32,0.36,0.39,0.38,0.39
13.97,-0.37,0.37,0.39,0.38,0.39
13.23,-0.3,0.36,0.39,0.38,0.39
12.86,-0.31,0.36,0.39,0.38,0.39
12,-0.31,0.36,0.39,0.38,0.39
11.47,-0.49,0.36,0.39,0.38,0.39
10.52,-0.27,0.36,0.4,0.38,0.39
10.32,-0.51,0.36,0.4,0.38,0.39
9.34,-0.37,0.36,0.4,0.38,0.39
8.88,-0.2,0.36,0.4,0.38,0.39
8.04,-0.11,0.36,0.4,0.39,0.39
7.61,-0.22,0.36,0.4,0.39,0.39
6.9,-0.09,0.36,0.4,0.39,0.39
6.12,-0.1,0.36,0.4,0.39,0.39
5.61,-0.2,0.36,0.4,0.39,0.39
4.75,-0.37,0.36,0.41,0.39,0.4
4.34,-0.18,0.36,0.41,0.39,0.39
4.11,-0.06,0.36,0.41,0.39,0.39
3.33,-0.07,0.36,0.41,0.39,0.39
3.23,-0.17,0.36,0.41,0.39,0.39
2.41,-0.1,0.36,0.41,0.39,0.39
1.81,0.15,0.35,0.41,0.39,0.4
1.36,0.28,0.35,0.41,0.39,0.39
0.83,0.16,0.35,0.41,0.39,0.39
0.37,-0.04,0.35,0.41,0.39,0.39
0.04,0.17,0.35,0.41,0.39,0.39
-0.15,0.33,0.35,0.41,0.39,0.39
-0.26,0.41,0.35,0.41,0.39,0.39
-0.61,0.12,0.35,0.41,0.39,0.39
-1.2,0.02,0.35,0.41,0.39,0.39
-1.68,0.07,0.35,0.41,0.39,0.39
-1.94,0.09,0.35,0.42,0.39,0.39
-2.77,0.29,0.35,0.41,0.39,0.39
-2.91,0.03,0.35,0.41,0.39,0.39
-3.22,0.19,0.35,0.42,0.39,0.39
-3.93,-0.02,0.35,0.42,0.39,0.39
-4.15,0.09,0.35,0.42,0.39,0.39
-4.9,-0.1,0.35,0.42,0.39,0.39
-5.39,0.28,0.35,0.42,0.38,0.39
-5.46,-0.06,0.35,0.42,0.38,0.39
-6.41,0.23,0.35,0.42,0.38,0.39
-6.2,0.28,0.34,0.42,0.38,0.39
-6.75,0.3,0.34,0.42,0.38,0.39
-7.09,0.35,0.34,0.42,0.38,0.39
-7.28,0.24,0.34,0.42,0.38,0.39
-7.23,0.12,0.34,0.42,0.38,0.39
-7.59,0.19,0.34,0.42,0.38,0.39
-7.79,0.3,0.34,0.42,0.38,0.39
-8.36,0.42,0.34,0.42,0.38,0.39
-8.46,0.35,0.34,0.42,0.38,0.39
-8.96,0.52,0.34,0.42,0.38,0.39
-8.9,0.26,0.34,0.42,0.38,0.39
-9.66,0.33,0.34,0.42,0.38,0.39
-10.4,0.37,0.34,0.42,0.38,0.39
-10.53,0.28,0.34,0.42,0.38,0.39
-11.21,0.42,0.33,0.42,0.38,0.38
-10.78,0.5,0.33,0.42,0.38,0.38
-12.22,0.43,0.33,0.42,0.38,0.38
-12.17,0.37,0.33,0.42,0.38,0.38
-13.17,0.6,0.33,0.42,0.38,0.38
-13.17,0.63,0.33,0.42,0.38,0.38
-13.74,0.38,0.33,0.42,0.38,0.38
-14.71,0.25,0.33,0.42,0.38,0.38
-14.44,0.48,0.33,0.42,0.37,0.38
-15.27,0.62,0.33,0.42,0.37,0.38
-14.9,0.62,0.33,0.42,0.37,0.38
-14.96,0.41,0.33,0.42,0.37,0.38
-15.61,0.6,0.33,0.42,0.37,0.38
-15.34,0.44,0.32,0.42,0.37,0.38
-16.77,0.33,0.32,0.42,0.37,0.38
-15,0.74,0.32,0.42,0.37,0.38
-16.81,0.7,0.32,0.42,0.37,0.38
-17.25,0.6,0.32,0.42,0.37,0.38
-16.26,0.71,0.32,0.42,0.37,0.38
-17.09,0.62,0.32,0.42,0.37,0.38
-15.95,0.55,0.32,0.42,0.37,0.38
-16.68,0.39,0.32,0.42,0.37,0.38
-17.39,0.41,0.32,0.42,0.37,0.38
-17.6,0.66,0.32,0.42,0.37,0.38
-17.87,0.53,0.32,0.42,0.37,0.38
-18.25,0.71,0.31,0.42,0.37,0.37
-19.11,0.1,0.31,0.42,0.37,0.37
-18.85,0.19,0.31,0.42,0.37,0.37
-20.7,0.63,0.31,0.42,0.37,0.37
-20.57,0.65,0.31,0.42,0.36,0.37
-20.96,0.6,0.31,0.42,0.37,0.37
-21.76,0.55,0.31,0.42,0.36,0.37
-21.36,0.94,0.3,0.42,0.36,0.37
-22.85,0.81,0.3,0.42,0.36,0.36
-23.32,0.88,0.3,0.42,0.36,0.36
-24.61,0.66,0.29,0.42,0.36,0.36
-25.39,0.76,0.29,0.42,0.35,0.36
-26.44,0.99,0.29,0.41,0.35,0.36
-26.65,0.93,0.28,0.41,0.35,0.35
-27.05,0.98,0.28,0.41,0.35,0.35
-27.88,0.99,0.28,0.41,0.35,0.35
-28.58,0.99,0.28,0.41,0.34,0.35
-29.13,1.04,0.27,0.41,0.34,0.34
-29.89,0.98,0.27,0.41,0.34,0.34
-30.46,0.96,0.26,0.41,0.33,0.34
-31.67,1.08,0.26,0.41,0.33,0.34
-32.06,1.14,0.26,0.41,0.33,0.33
-32.77,0.96,0.26,0.41,0.33,0.33
-33.16,0.84,0.25,0.41,0.33,0.33
-33.58,1.07,0.25,0.41,0.32,0.33
-34.44,1.09,0.25,0.41,0.32,0.32
-34.53,1.24,0.24,0.41,0.32,0.32
-35.5,1.19,0.24,0.41,0.32,0.32
-36.32,1.2,0.24,0.4,0.31,0.32
-36.41,1.2,0.23,0.4,0.31,0.31
-37.28,1.23,0.23,0.4,0.31,0.31
-37.88,1.1,0.23,0.4,0.3,0.31
-38.5,1.3,0.22,0.4,0.3,0.31
-38.89,1.3,0.22,0.4,0.3,0.3
-40.01,1.19,0.21,0.4,0.29,0.3
-40.48,1.14,0.21,0.4,0.29,0.3
-41.12,1.31,0.2,0.4,0.29,0.29
-41.71,1.24,0.2,0.4,0.28,0.29
-42.53,1.36,0.19,0.4,0.28,0.29
-43.05,1.23,0.19,0.4,0.28,0.28
-43.81,1.39,0.18,0.4,0.27,0.28
-44.27,1.36,0.18,0.4,0.27,0.28
-45.18,1.31,0.17,0.4,0.27,0.28
-45.58,1.36,0.17,0.4,0.26,0.27
-46.28,1.25,0.16,0.39,0.26,0.27
-46.7,1.4,0.16,0.39,0.26,0.27
-47.58,1.47,0.15,0.39,0.25,0.26
-48.11,1.38,0.14,0.39,0.25,0.26
-48.46,1.41,0.14,0.39,0.25,0.26
-49.26,1.26,0.14,0.39,0.25,0.26
-49.46,1.71,0.13,0.39,0.24,0.26
-50.37,1.37,0.13,0.39,0.24,0.25
-50.4,1.54,0.12,0.39,0.24,0.25
-51.25,1.54,0.12,0.38,0.23,0.25
-51.95,1.57,0.11,0.38,0.23,0.25
-51.84,1.63,0.11,0.38,0.23,0.24
-52.71,1.39,0.11,0.38,0.23,0.24
-53.07,1.38,0.1,0.38,0.22,0.24
-53.46,1.68,0.1,0.38,0.22,0.24
-53.95,1.59,0.1,0.38,0.22,0.24
-54.41,1.66,0.09,0.37,0.22,0.23
-55.03,1.51,0.09,0.37,0.21,0.23
-55.19,1.65,0.08,0.37,0.21,0.23
-55.87,1.58,0.08,0.37,0.21,0.23
-55.93,1.69,0.08,0.37,0.21,0.22
-56.91,1.52,0.08,0.37,0.21,0.22
-57.15,1.64,0.07,0.37,0.2,0.22
-57.39,1.57,0.07,0.36,0.2,0.22
-57.92,1.74,0.07,0.36,0.2,0.22
-58.57,1.54,0.06,0.36,0.2,0.21
-58.68,1.74,0.06,0.36,0.19,0.21
-59.12,1.53,0.06,0.36,0.19,0.21
-59.46,1.68,0.05,0.36,0.19,0.21
-60.12,1.58,0.05,0.36,0.19,0.2
-60.51,1.63,0.05,0.35,0.19,0.2
-60.55,1.63,0.05,0.35,0.18,0.2
-61.01,1.71,0.05,0.35,0.18,0.2
-61.48,1.68,0.04,0.35,0.18,0.19
-62.01,1.71,0.04,0.35,0.18,0.19
-62.21,1.76,0.04,0.34,0.17,0.19
-62.72,1.64,0.04,0.34,0.17,0.19
-63.15,1.79,0.03,0.34,0.17,0.18
-63.5,1.88,0.03,0.34,0.17,0.18
-63.83,1.65,0.03,0.34,0.16,0.18
-64.26,1.95,0.03,0.33,0.16,0.17
-64.84,1.8,0.03,0.33,0.16,0.17
-64.65,1.52,0.03,0.33,0.16,0.17
-65.38,1.44,0.03,0.33,0.16,0.17
-65.57,1.52,0.03,0.33,0.16,0.17
-65.71,1.28,0.03,0.33,0.16,0.16
-65.82,1.74,0.02,0.33,0.16,0.16
-66.46,1.97,0.02,0.32,0.15,0.16
-66.74,1.85,0.02,0.32,0.15,0.16
-66.58,1.48,0.02,0.32,0.15,0.16
-66.75,1.89,0.02,0.32,0.15,0.15
-67.62,1.86,0.02,0.32,0.14,0.15
-67.32,1.77,0.02,0.31,0.14,0.15
-68.24,1.63,0.02,0.31,0.14,0.15
-68.43,1.9,0.02,0.31,0.14,0.14
-68.38,1.82,0.02,0.31,0.14,0.14
-69.23,1.86,0.02,0.31,0.13,0.14
-69.25,1.74,0.02,0.31,0.13,0.13
-69.43,1.83,0.02,0.3,0.13,0.13
-69.94,1.79,0.02,0.3,0.13,0.13
-69.97,2.04,0.02,0.3,0.13,0.13
-69.91,1.86,0.02,0.3,0.13,0.13
-70.77,1.76,0.02,0.3,0.13,0.13
-70.07,1.79,0.02,0.3,0.13,0.13
-70.43,1.83,0.02,0.3,0.13,0.13
-70.46,1.8,0.02,0.3,0.13,0.13
-70.66,1.74,0.02,0.3,0.13,0.13
-70.19,1.84,0.02,0.3,0.13,0.13
-70.73,1.89,0.02,0.3,0.13,0.13
-70.62,1.89,0.02,0.3,0.13,0.13
-70.62,1.73,0.02,0.3,0.13,0.12
-71.09,1.9,0.02,0.3,0.12,0.12
-70.68,1.84,0.02,0.3,0.12,0.12
-71.43,1.8,0.02,0.29,0.12,0.12
-70.96,1.91,0.02,0.29,0.12,0.12
-71.38,1.78,0.02,0.29,0.12,0.11
-72.19,1.74,0.02,0.29,0.12,0.11
-71.27,1.68,0.02,0.29,0.12,0.11
-72.04,1.97,0.02,0.29,0.12,0.11
-72.24,1.82,0.02,0.29,0.11,0.11
-71.95,1.63,0.02,0.29,0.11,0.11
-72.8,1.54,0.02,0.29,0.11,0.11
-71.88,1.74,0.02,0.29,0.11,0.11
-72.85,1.97,0.02,0.29,0.11,0.11
-73.03,1.83,0.02,0.28,0.11,0.1
-72.18,1.85,0.02,0.28,0.11,0.1
-73.42,1.78,0.02,0.28,0.11,0.1
-72.97,1.84,0.02,0.28,0.11,0.1
-73.81,1.95,0.02,0.28,0.1,0.1
-73.75,1.74,0.02,0.28,0.1,0.1
-73.83,1.72,0.02,0.28,0.1,0.1
-73.44,1.85,0.02,0.28,0.1,0.1
-74.34,1.93,0.02,0.28,0.1,0.1
-73.76,1.67,0.02,0.28,0.1,0.1
-74.12,1.77,0.02,0.28,0.1,0.1
-74.33,1.85,0.02,0.28,0.1,0.1
-74.06,1.82,0.02,0.28,0.1,0.1
-73.97,1.85,0.02,0.28,0.1,0.1
-73.38,1.76,0.02,0.28,0.11,0.1
-72.73,1.82,0.02,0.29,0.11,0.11
-72.43,1.76,0.02,0.29,0.11,0.11
-72.5,1.82,0.02,0.29,0.12,0.12
-71.63,1.74,0.02,0.3,0.12,0.12
-71.11,1.71,0.02,0.3,0.13,0.13
-70.41,1.69,0.02,0.3,0.13,0.13
-70.23,1.63,0.02,0.31,0.14,0.14
-69.22,1.67,0.02,0.31,0.14,0.14
-68.4,1.7,0.02,0.32,0.14,0.15
-67.91,1.73,0.02,0.32,0.15,0.16
-67.15,1.67,0.02,0.32,0.15,0.16
-66.57,1.6,0.02,0.33,0.16,0.16
-66.05,1.68,0.03,0.33,0.16,0.17
-65.06,1.57,0.03,0.33,0.16,0.17
-64.8,1.74,0.03,0.34,0.17,0.18
-63.93,1.63,0.03,0.34,0.17,0.18
-63.35,1.67,0.04,0.34,0.17,0.19
-62.9,1.49,0.04,0.35,0.18,0.19
-62.17,1.56,0.04,0.35,0.18,0.19
-61.48,1.71,0.05,0.35,0.18,0.2
-60.8,1.46,0.05,0.35,0.19,0.2
-60.12,1.53,0.06,0.36,0.19,0.21
-59.52,1.52,0.06,0.36,0.2,0.21
-58.98,1.47,0.06,0.36,0.2,0.21
-57.93,1.58,0.07,0.36,0.2,0.22
-57.26,1.5,0.08,0.37,0.21,0.22
-57.26,1.54,0.08,0.37,0.21,0.23
-55.77,1.56,0.08,0.37,0.21,0.23
-55.48,1.44,0.09,0.37,0.22,0.23
-55.56,1.35,0.09,0.37,0.22,0.23
-54.15,1.44,0.09,0.37,0.22,0.24
-54.4,1.24,0.1,0.37,0.22,0.24
-53.94,1.43,0.1,0.38,0.22,0.24
-53.46,1.39,0.11,0.38,0.23,0.24
-52.8,1.36,0.11,0.38,0.23,0.24
-52.1,1.3,0.12,0.38,0.23,0.25
-51.79,1.45,0.12,0.38,0.24,0.25
-50.85,1.5,0.13,0.38,0.24,0.25
-50.67,1.35,0.13,0.38,0.24,0.26
-50,1.46,0.14,0.39,0.25,0.26
-49.36,1.56,0.14,0.39,0.25,0.26
-48.74,1.39,0.15,0.39,0.25,0.26
-48.06,1.31,0.15,0.39,0.26,0.27
-47.32,1.31,0.16,0.39,0.26,0.27
-46.54,1.3,0.17,0.39,0.26,0.27
-45.89,1.31,0.17,0.39,0.27,0.28
-45.27,1.18,0.18,0.39,0.27,0.28
-44.41,1.14,0.19,0.39,0.28,0.28
-44.43,1.21,0.19,0.4,0.28,0.28
-42.99,1.38,0.2,0.4,0.28,0.29
-43.14,1.38,0.2,0.4,0.28,0.29
-41.8,1.34,0.2,0.4,0.29,0.29
-41.65,1.12,0.21,0.4,0.29,0.3
-40.8,1.17,0.21,0.4,0.3,0.3
-39.86,1.23,0.22,0.4,0.3,0.3
-39.4,1.1,0.22,0.4,0.3,0.31
-38.26,1.21,0.23,0.4,0.31,0.31
-37.79,1.2,0.23,0.4,0.31,0.31
-36.83,1.09,0.24,0.4,0.31,0.32
-36.07,1.03,0.24,0.4,0.32,0.32
-35.19,0.98,0.25,0.4,0.32,0.32
-34.88,1.05,0.25,0.4,0.32,0.33
-34.29,1.22,0.25,0.4,0.32,0.33
-33.19,1.22,0.26,0.4,0.33,0.33
-32.34,0.96,0.26,0.4,0.33,0.34
-31.96,1.02,0.26,0.4,0.33,0.34
-30.9,1.05,0.27,0.41,0.34,0.34
-30.18,0.72,0.27,0.41,0.34,0.35
-29.59,0.75,0.27,0.41,0.34,0.35
-28.41,1.1,0.28,0.41,0.35,0.35
-28.2,0.77,0.28,0.41,0.35,0.35
-27.19,0.86,0.29,0.41,0.35,0.36
-26.07,0.66,0.29,0.41,0.35,0.36
-25.69,0.75,0.29,0.41,0.36,0.36
-24.94,0.93,0.3,0.41,0.36,0.36
-23.76,0.87,0.3,0.42,0.36,0.37
-23.05,0.91,0.3,0.42,0.36,0.37
-22.38,0.65,0.3,0.42,0.36,0.37
-21.86,0.8,0.31,0.42,0.36,0.37
-21.13,0.84,0.31,0.42,0.36,0.37
-20.47,0.79,0.31,0.42,0.37,0.37
-19.99,0.5,0.31,0.42,0.37,0.37
-18.6,0.66,0.32,0.42,0.37,0.38
-18.18,0.63,0.32,0.42,0.37,0.38
-17.59,0.42,0.32,0.42,0.37,0.38
-16.58,0.52,0.32,0.42,0.37,0.38
-16.62,0.6,0.32,0.42,0.37,0.38
-15.52,1.03,0.33,0.43,0.37,0.38
-15.44,0.62,0.33,0.42,0.37,0.38
-15.06,0.34,0.33,0.42,0.38,0.38
-14.58,0.54,0.33,0.43,0.38,0.38
-14.08,0.49,0.33,0.42,0.38,0.38
-13.5,0.56,0.33,0.42,0.38,0.38
-12.92,0.63,0.33,0.42,0.38,0.39
-12.7,0.33,0.33,0.42,0.38,0.38
-12.2,0.59,0.33,0.42,0.38,0.38
-12.01,0.24,0.34,0.43,0.38,0.39
-10.79,0.42,0.34,0.43,0.38,0.39
-11.35,0.33,0.34,0.43,0.38,0.39
-9.41,0.33,0.34,0.43,0.38,0.39
-9.59,0.56,0.34,0.42,0.38,0.39
-8.58,0.18,0.34,0.43,0.38,0.39
-8.52,0.28,0.34,0.42,0.38,0.39
-7.97,0.05,0.34,0.42,0.38,0.39
-8.04,0.05,0.34,0.42,0.38,0.39
-7.84,-0.44,0.34,0.42,0.38,0.39
-7.49,0.3,0.34,0.42,0.38,0.39
-7.69,0.27,0.34,0.42,0.38,0.39
-7,0.3,0.34,0.42,0.38,0.39
-6.7,0.22,0.35,0.42,0.38,0.39
-5.98,0.16,0.35,0.42,0.38,0.39
-5.14,0.39,0.35,0.41,0.38,0.39
-4.3,0.39,0.35,0.41,0.39,0.39
-3.41,0.24,0.35,0.41,0.39,0.39
-2.58,0.21,0.35,0.41,0.39,0.39
-1.77,0.01,0.35,0.41,0.39,0.39
-0.92,0.07,0.35,0.41,0.39,0.39
-0.27,-0.13,0.36,0.41,0.39,0.39
0.74,-0.1,0.36,0.41,0.39,0.39
1.6,-0.12,0.36,0.4,0.39,0.39
2.18,0.02,0.36,0.4,0.39,0.39
3.05,0.2,0.36,0.4,0.39,0.39
3.45,-0.12,0.36,0.4,0.39,0.39
4.33,-0.11,0.36,0.4,0.39,0.39
4.71,-0.19,0.36,0.4,0.39,0.39
5.08,-0.28,0.36,0.4,0.39,0.39
6.23,0.04,0.36,0.4,0.38,0.39
6.11,-0.28,0.36,0.39,0.38,0.39
7.19,-0.39,0.36,0.39,0.38,0.39
7.47,-0.48,0.36,0.39,0.38,0.39
8.56,-0.26,0.36,0.39,0.38,0.39
8.84,-0.13,0.36,0.39,0.38,0.39
9.58,-0.19,0.36,0.39,0.38,0.39
10.43,-0.12,0.36,0.39,0.38,0.39
10.7,-0.47,0.36,0.38,0.38,0.39
11.19,-0.37,0.36,0.38,0.38,0.39
11.42,-0.37,0.36,0.38,0.38,0.39
11.67,-0.26,0.36,0.38,0.38,0.39
12.71,-0.67,0.36,0.38,0.38,0.39
12.42,-0.95,0.36,0.38,0.38,0.39
13.03,-0.3,0.36,0.38,0.38,0.39
12.92,-0.29,0.36,0.38,0.38,0.39
13.55,-0.24,0.36,0.38,0.38,0.39
13.73,-0.37,0.36,0.38,0.38,0.39
14.29,-0.33,0.36,0.38,0.38,0.39
14.81,-0.33,0.36,0.37,0.38,0.39
15.43,-0.36,0.36,0.37,0.38,0.38
16.05,-0.64,0.37,0.37,0.37,0.38
16.6,-0.62,0.37,0.37,0.37,0.38
17.29,-0.42,0.37,0.37,0.37,0.38
17.63,-0.49,0.37,0.37,0.37,0.38
18.2,-0.56,0.37,0.36,0.37,0.38
18.68,-0.53,0.36,0.36,0.37,0.38
19.2,-0.64,0.37,0.36,0.37,0.38
19.99,-0.53,0.37,0.36,0.37,0.38
20.52,-0.85,0.37,0.36,0.37,0.38
20.94,-0.83,0.37,0.36,0.36,0.38
21.85,-0.7,0.37,0.35,0.36,0.37
22.15,-0.68,0.37,0.35,0.36,0.37
22.96,-0.62,0.37,0.35,0.36,0.37
23.27,-0.93,0.37,0.35,0.36,0.37
23.59,-0.91,0.37,0.35,0.36,0.37
24.56,-0.69,0.37,0.34,0.36,0.37
24.74,-0.79,0.37,0.34,0.35,0.37
25.57,-0.69,0.37,0.34,0.35,0.37
26.16,-0.79,0.37,0.33,0.35,0.36
26.9,-0.75,0.37,0.33,0.35,0.36
27.98,-0.75,0.37,0.33,0.35,0.36
28.88,-0.87,0.37,0.32,0.34,0.35
29.54,-0.69,0.36,0.32,0.34,0.35
30.44,-0.88,0.36,0.32,0.34,0.35
31.01,-0.89,0.36,0.31,0.33,0.35
32.02,-0.94,0.36,0.31,0.33,0.34
32.68,-1.2,0.36,0.3,0.33,0.34
33.22,-0.79,0.36,0.3,0.33,0.34
34.16,-0.66,0.36,0.3,0.32,0.33
35,-1.23,0.36,0.29,0.32,0.33
35.5,-0.96,0.36,0.29,0.32,0.33
36.13,-1.05,0.36,0.29,0.32,0.32
37.05,-1.33,0.36,0.28,0.31,0.32
37.45,-1.16,0.36,0.28,0.31,0.32
38.44,-1.03,0.36,0.27,0.31,0.31
38.52,-1.07,0.36,0.27,0.31,0.31
39.65,-1.04,0.36,0.26,0.3,0.31
40.78,-0.98,0.36,0.26,0.3,0.3
40.81,-1.2,0.36,0.26,0.3,0.3
41.42,-1.01,0.36,0.25,0.3,0.3
41.89,-1.4,0.36,0.25,0.3,0.29
42.5,-1.2,0.36,0.25,0.29,0.29
42.61,-1.37,0.36,0.24,0.29,0.29
43.83,-1.54,0.35,0.24,0.29,0.29
43.86,-1.23,0.35,0.24,0.29,0.29
43.99,-1.36,0.35,0.23,0.29,0.28
45.08,-1.18,0.35,0.23,0.28,0.28
45.15,-1.28,0.35,0.23,0.28,0.28
45.85,-1.45,0.35,0.23,0.28,0.28
46.19,-1.45,0.35,0.22,0.28,0.27
46.53,-1.43,0.35,0.22,0.28,0.27
46.61,-1.44,0.35,0.22,0.28,0.27
46.75,-1.24,0.35,0.21,0.28,0.27
47.37,-1.26,0.35,0.21,0.28,0.27
47.26,-1.59,0.35,0.21,0.27,0.27
48.07,-1.35,0.35,0.21,0.27,0.26
48.03,-1.52,0.35,0.21,0.27,0.26
48.59,-1.26,0.35,0.2,0.27,0.26
48.78,-1.47,0.35,0.2,0.27,0.26
49.04,-1.48,0.35,0.2,0.27,0.26
49.47,-1.35,0.35,0.19,0.27,0.25
50.14,-1.45,0.34,0.19,0.26,0.25
50.85,-1.39,0.34,0.18,0.26,0.25
51.65,-1.44,0.34,0.17,0.26,0.24
52.17,-1.56,0.34,0.16,0.25,0.24
53.24,-1.5,0.34,0.15,0.25,0.23
53.24,-1.48,0.34,0.15,0.25,0.23
54.31,-1.76,0.34,0.14,0.24,0.23
55.6,-1.51,0.34,0.14,0.24,0.22
55.87,-1.61,0.33,0.13,0.24,0.22
56.27,-1.63,0.33,0.12,0.23,0.22
57.07,-1.65,0.33,0.12,0.23,0.21
57.9,-1.64,0.33,0.11,0.23,0.21
58.49,-1.6,0.33,0.1,0.22,0.2
59.93,-1.9,0.32,0.09,0.22,0.2
60.2,-1.6,0.32,0.08,0.21,0.19
61.74,-1.63,0.32,0.08,0.21,0.19
61.84,-1.82,0.32,0.07,0.2,0.18
62.33,-1.96,0.31,0.07,0.2,0.18
63.35,-1.59,0.31,0.06,0.19,0.18
63.18,-1.71,0.31,0.06,0.19,0.17
64.77,-1.81,0.31,0.06,0.18,0.17
64.18,-1.83,0.31,0.05,0.18,0.17
65.74,-1.95,0.3,0.05,0.18,0.16
66,-1.82,0.3,0.04,0.17,0.16
66.57,-1.94,0.3,0.04,0.17,0.15
67.89,-1.83,0.3,0.04,0.16,0.15
67.59,-1.83,0.29,0.03,0.16,0.15
68.47,-1.88,0.29,0.03,0.16,0.14
68.83,-1.88,0.29,0.03,0.15,0.14
70.29,-1.99,0.29,0.03,0.15,0.14
69.5,-2.1,0.29,0.03,0.14,0.14
70.71,-1.81,0.28,0.02,0.14,0.13
70.11,-1.84,0.28,0.02,0.14,0.13
71.18,-1.9,0.28,0.02,0.13,0.13
71.56,-2.04,0.28,0.02,0.13,0.12
70.22,-2,0.28,0.02,0.13,0.12
72.22,-1.97,0.28,0.02,0.13,0.12
72.1,-1.78,0.28,0.02,0.13,0.12
72.15,-1.93,0.28,0.02,0.13,0.12
71.4,-1.99,0.28,0.02,0.13,0.12
72.19,-1.98,0.28,0.02,0.13,0.13
71.15,-1.82,0.28,0.02,0.14,0.13
70.41,-1.99,0.28,0.03,0.14,0.13
70.24,-1.88,0.29,0.03,0.15,0.14
69.63,-2.04,0.29,0.03,0.15,0.14
69.26,-1.96,0.29,0.03,0.16,0.15
68.53,-2.08,0.3,0.04,0.17,0.15
67.26,-1.99,0.3,0.04,0.17,0.16
66.54,-1.89,0.3,0.05,0.18,0.16
65.99,-2.1,0.31,0.06,0.18,0.17
64.01,-2.05,0.31,0.06,0.19,0.17
63.73,-1.94,0.32,0.07,0.2,0.18
62.72,-1.94,0.32,0.08,0.2,0.18
62.09,-2.05,0.32,0.08,0.21,0.19
61.21,-2.04,0.32,0.09,0.21,0.19
59.8,-2.01,0.33,0.1,0.22,0.2
59.79,-1.88,0.33,0.11,0.23,0.21
58.01,-1.82,0.33,0.12,0.23,0.21
57.9,-2.12,0.33,0.12,0.23,0.21
57.11,-1.96,0.33,0.13,0.24,0.22
55.8,-1.66,0.34,0.13,0.24,0.22
55.84,-1.94,0.34,0.14,0.24,0.23
55.09,-1.95,0.34,0.15,0.25,0.23
54.39,-1.72,0.34,0.16,0.25,0.24
52.86,-1.43,0.34,0.17,0.26,0.24
52.24,-1.62,0.34,0.18,0.26,0.25
51.01,-1.49,0.35,0.18,0.26,0.25
50.24,-1.74,0.35,0.19,0.27,0.25
50.5,-1.82,0.35,0.19,0.27,0.26
49.42,-1.39,0.35,0.19,0.27,0.26
48.77,-1.59,0.35,0.2,0.27,0.26
50.08,-1.77,0.35,0.2,0.27,0.26
49.58,-2.04,0.35,0.2,0.27,0.26
47.61,-1.78,0.35,0.21,0.27,0.27
47.31,-1.22,0.35,0.22,0.28,0.27
46.59,-1.8,0.35,0.22,0.28,0.27
45.7,-1.63,0.35,0.23,0.28,0.28
45.36,-1.43,0.35,0.23,0.29,0.28
45.21,-1.3,0.35,0.24,0.29,0.29
44.3,-2.01,0.35,0.24,0.29,0.29
43.87,-1.01,0.35,0.24,0.29,0.29
42.64,-1.59,0.35,0.25,0.29,0.3
42.93,-1.82,0.36,0.25,0.3,0.3
41.97,-1.45,0.36,0.26,0.3,0.3
40.85,-1.23,0.36,0.26,0.3,0.31
40.61,-1.61,0.36,0.26,0.3,0.31
40.08,-1.39,0.36,0.27,0.31,0.31
39.83,-1.17,0.36,0.27,0.31,0.31
39.45,-1.27,0.36,0.27,0.31,0.31
38.93,-1.39,0.36,0.28,0.31,0.32
38.61,-1.17,0.36,0.28,0.31,0.32
38.25,-1.61,0.36,0.28,0.31,0.32
38.17,-1.23,0.36,0.28,0.31,0.32
37.56,-0.96,0.36,0.28,0.32,0.32
37.54,-1.52,0.36,0.28,0.32,0.32
37.16,-1.66,0.36,0.29,0.32,0.33
36.51,-1.17,0.36,0.29,0.32,0.33
36.51,-1.34,0.36,0.29,0.32,0.33
36.15,-1.22,0.36,0.29,0.32,0.33
35.98,-0.91,0.36,0.29,0.32,0.33
35.46,-1.08,0.36,0.3,0.32,0.33
35.44,-1.05,0.36,0.3,0.33,0.33
34.71,-0.87,0.36,0.3,0.33,0.34
34.35,-1.07,0.36,0.3,0.33,0.34
32.99,-1,0.36,0.31,0.33,0.34
32.39,-1.33,0.36,0.31,0.34,0.35
31.67,-1.31,0.36,0.32,0.34,0.35
31.11,-1.13,0.36,0.32,0.34,0.35
29.62,-0.95,0.36,0.33,0.35,0.36
28.37,-0.93,0.36,0.33,0.35,0.36
28.06,-1.1,0.36,0.33,0.35,0.36
26.76,-0.7,0.36,0.34,0.35,0.36
26.39,-0.6,0.37,0.34,0.35,0.37
25.76,-0.9,0.37,0.35,0.36,0.37
24.79,-0.67,0.37,0.35,0.36,0.37
23.09,-0.53,0.37,0.36,0.36,0.38
21.75,-0.41,0.37,0.36,0.37,0.38
21.04,-0.49,0.37,0.36,0.37,0.38
19.72,-0.57,0.37,0.37,0.37,0.38
18.98,-0.73,0.37,0.37,0.37,0.38
18.21,-0.33,0.37,0.37,0.37,0.38
16.85,-0.42,0.37,0.38,0.37,0.39
15.78,-0.42,0.37,0.38,0.37,0.39
14.97,-0.59,0.37,0.38,0.38,0.39
14.51,-0.42,0.36,0.38,0.38,0.39
13.67,-0.5,0.36,0.38,0.38,0.39
12.63,-0.42,0.36,0.38,0.38,0.39
11.49,0.14,0.36,0.39,0.38,0.39
11.05,-0.04,0.36,0.39,0.38,0.39
9.82,-0.31,0.36,0.39,0.38,0.39
8.65,0.11,0.36,0.39,0.38,0.39
8.27,-0.19,0.36,0.4,0.39,0.39
6.94,-0.26,0.36,0.4,0.39,0.39
6.19,-0.05,0.36,0.4,0.39,0.39
5.65,0.03,0.36,0.4,0.39,0.39
4.5,-0.26,0.36,0.4,0.39,0.39
3.96,0.07,0.36,0.4,0.39,0.39
3.03,-0.21,0.36,0.41,0.39,0.4
2.15,0.02,0.36,0.41,0.39,0.4
1.67,0.02,0.36,0.41,0.39,0.39
0.71,-0.31,0.36,0.41,0.39,0.39
0.48,-0.02,0.36,0.41,0.39,0.39
-0.86,0.06,0.35,0.42,0.39,0.39
-1.66,0.25,0.35,0.41,0.39,0.39
-2.43,0.05,0.35,0.42,0.39,0.39
-3.54,0.19,0.35,0.42,0.39,0.39
-3.38,0.21,0.35,0.42,0.39,0.39
-4.58,0.26,0.35,0.42,0.38,0.39
-6.31,0.28,0.34,0.42,0.38,0.39
-6.73,0.12,0.34,0.42,0.38,0.39
-7.34,0.33,0.34,0.42,0.38,0.39
-8.93,0.34,0.34,0.42,0.38,0.39
-9.57,0.45,0.34,0.42,0.38,0.39
-9.49,0.6,0.34,0.43,0.38,0.39
-10.68,0.51,0.34,0.43,0.38,0.39
-11.27,0.46,0.33,0.43,0.38,0.38
-12.3,0.42,0.33,0.43,0.38,0.38
-13.37,0.47,0.33,0.43,0.38,0.38
-13.45,0.57,0.33,0.42,0.38,0.38
-14.66,0.45,0.33,0.43,0.38,0.38
-15.01,0.55,0.33,0.43,0.37,0.38
-15.43,0.56,0.32,0.43,0.37,0.38
-15.94,0.52,0.32,0.43,0.37,0.38
-16.46,0.55,0.32,0.43,0.37,0.38
-17.3,0.79,0.32,0.43,0.37,0.38
-18.22,0.71,0.32,0.43,0.37,0.38
-19.19,0.73,0.31,0.43,0.37,0.37
-20.22,0.66,0.31,0.42,0.37,0.37
-20.84,0.83,0.31,0.42,0.36,0.37
-22.32,0.79,0.3,0.42,0.36,0.37
-22.51,0.71,0.3,0.42,0.36,0.36
-24.4,0.58,0.3,0.42,0.36,0.36
-25.33,0.39,0.29,0.42,0.35,0.36
-26.29,1,0.28,0.41,0.35,0.35
-27.42,0.95,0.28,0.41,0.35,0.35
-28.6,0.63,0.27,0.41,0.34,0.35
-29.17,0.98,0.27,0.41,0.34,0.34
-30.65,0.93,0.27,0.41,0.34,0.34
-31.12,0.99,0.26,0.41,0.33,0.34
-32.32,0.89,0.25,0.41,0.33,0.33
-33.36,0.99,0.25,0.41,0.32,0.33
-34.32,1.08,0.25,0.41,0.32,0.32
-35.15,1.27,0.24,0.41,0.32,0.32
-35.89,1.11,0.24,0.41,0.31,0.32
-36.97,1.46,0.23,0.4,0.31,0.31
-37.79,1.2,0.23,0.4,0.3,0.31
-39,1.41,0.22,0.4,0.3,0.31
-39.31,1.1,0.21,0.4,0.29,0.3
-40.34,1.19,0.21,0.4,0.29,0.3
-41.36,1.46,0.2,0.4,0.28,0.29
-42.33,1.49,0.19,0.4,0.28,0.28
-43.41,1.42,0.18,0.4,0.27,0.28
-44.41,1.4,0.18,0.4,0.27,0.28
-45.4,1.63,0.17,0.4,0.27,0.27
-45.93,1.41,0.16,0.39,0.26,0.27
-46.69,1.31,0.16,0.39,0.26,0.27
-47.76,1.37,0.15,0.39,0.25,0.26
-48.55,1.49,0.14,0.39,0.25,0.26
-49.51,1.52,0.13,0.39,0.24,0.26
-50.35,1.72,0.12,0.39,0.24,0.25
-51.29,1.47,0.12,0.38,0.23,0.25
-52.16,1.47,0.11,0.38,0.23,0.24
-52.98,1.5,0.1,0.38,0.22,0.24
-53.93,1.49,0.09,0.38,0.22,0.24
-54.8,1.68,0.09,0.37,0.21,0.23
-55.37,1.64,0.08,0.37,0.21,0.23
-56.37,1.63,0.07,0.37,0.21,0.22
-57.16,1.61,0.07,0.36,0.2,0.22
-57.95,1.77,0.06,0.36,0.2,0.21
-58.59,1.72,0.06,0.36,0.19,0.21
-59.06,1.55,0.06,0.36,0.19,0.21
-59.82,1.9,0.05,0.36,0.19,0.2
-59.99,1.62,0.05,0.35,0.18,0.2
-60.69,1.74,0.04,0.35,0.18,0.2
-61.1,1.56,0.04,0.35,0.18,0.19
-61.28,1.51,0.04,0.35,0.18,0.19
-62.1,2.18,0.04,0.35,0.18,0.19
-62.05,1.63,0.04,0.35,0.18,0.19
-62.35,1.76,0.04,0.35,0.18,0.19
-62.87,1.75,0.04,0.34,0.17,0.19
-62.47,1.8,0.03,0.34,0.17,0.18
-63.13,1.74,0.03,0.34,0.17,0.18
-63.9,1.9,0.03,0.34,0.17,0.18
-63.72,1.85,0.03,0.33,0.16,0.17
-64.68,1.79,0.03,0.33,0.16,0.17
-63.91,1.89,0.03,0.33,0.16,0.17
-64.56,1.82,0.03,0.33,0.16,0.17
-65.25,1.88,0.03,0.33,0.16,0.17
-65.09,1.59,0.03,0.33,0.16,0.17
-65.54,1.86,0.02,0.33,0.16,0.17
-65.57,1.68,0.02,0.33,0.15,0.16
-65.86,1.82,0.02,0.32,0.15,0.16
-66.68,1.84,0.02,0.32,0.15,0.16
-66.86,1.56,0.02,0.32,0.15,0.15
-67.06,2,0.02,0.32,0.15,0.15
-67.47,2.07,0.02,0.32,0.14,0.15
-67.83,1.5,0.02,0.32,0.14,0.15
-67.65,1.93,0.02,0.31,0.14,0.14
-68.62,1.79,0.02,0.31,0.14,0.14
-68.74,1.78,0.02,0.31,0.14,0.14
-68.52,1.9,0.02,0.31,0.14,0.14
-68.79,2.04,0.02,0.31,0.13,0.14
-69.37,1.85,0.02,0.31,0.13,0.14
-69.68,1.67,0.02,0.31,0.13,0.13
-69.38,1.79,0.02,0.3,0.13,0.13
-69.85,1.91,0.02,0.3,0.13,0.13
-69.99,1.8,0.02,0.3,0.13,0.13
-69.81,1.79,0.02,0.3,0.13,0.13
-70.14,1.82,0.02,0.3,0.13,0.13
-70.23,1.77,0.02,0.3,0.13,0.13
-70.3,1.69,0.02,0.3,0.13,0.13
-70.29,1.75,0.02,0.3,0.13,0.13
-70.28,1.99,0.02,0.3,0.13,0.13
-70.67,1.84,0.02,0.3,0.13,0.13
-70.36,1.77,0.02,0.3,0.13,0.13
-70.13,1.92,0.02,0.3,0.13,0.13
-69.8,1.9,0.02,0.3,0.13,0.13
-69.89,1.86,0.02,0.31,0.13,0.13
-69.6,1.56,0.02,0.31,0.13,0.14
-68.88,1.78,0.02,0.31,0.14,0.14
-68.78,1.96,0.02,0.31,0.14,0.15
-68.13,1.64,0.02,0.32,0.15,0.15
-67.51,1.91,0.02,0.32,0.15,0.16
-66.82,1.72,0.02,0.33,0.15,0.16
-65.87,1.71,0.03,0.33,0.16,0.17
-64.8,1.79,0.03,0.34,0.16,0.18
-64.45,1.71,0.03,0.34,0.17,0.18
-63.26,1.67,0.04,0.34,0.17,0.19
-62.34,1.98,0.04,0.35,0.18,0.19
-61.45,1.68,0.05,0.35,0.19,0.2
-60.51,1.7,0.06,0.36,0.19,0.21
-59.5,1.51,0.06,0.36,0.2,0.21
-58.1,1.62,0.07,0.36,0.2,0.22
-56.63,1.58,0.08,0.37,0.21,0.23
-56.07,1.54,0.09,0.37,0.22,0.23
-54.81,1.36,0.1,0.38,0.22,0.24
-53.76,1.58,0.11,0.38,0.23,0.24
-52.73,1.39,0.12,0.38,0.24,0.25
-51.3,1.51,0.13,0.38,0.24,0.26
-50.33,1.52,0.14,0.39,0.25,0.26
-48.86,1.58,0.15,0.39,0.26,0.27
-47.53,1.27,0.16,0.39,0.26,0.27
-46.45,1.37,0.17,0.39,0.27,0.28
-44.88,1.41,0.18,0.4,0.28,0.28
-44.06,1.4,0.19,0.4,0.28,0.29
-42.68,1.24,0.2,0.4,0.29,0.29
-41.97,1.3,0.21,0.4,0.29,0.3
-41.03,1.15,0.21,0.4,0.3,0.3
-40.06,1.12,0.22,0.4,0.3,0.31
-38.65,1.04,0.23,0.4,0.31,0.31
-38.01,1.08,0.23,0.4,0.31,0.32
-36.78,1.23,0.24,0.4,0.32,0.32
-35.59,1.09,0.25,0.41,0.32,0.33
-34.3,0.9,0.25,0.41,0.33,0.33
-33.27,1.1,0.26,0.41,0.33,0.34
-31.78,1.08,0.27,0.41,0.34,0.34
-30.94,1.19,0.27,0.41,0.34,0.34
-29.85,1.03,0.27,0.41,0.34,0.35
-29.08,0.99,0.28,0.41,0.35,0.35
-27.95,1.09,0.28,0.41,0.35,0.35
-27.92,0.66,0.28,0.41,0.35,0.36
-26.93,1.03,0.29,0.41,0.35,0.36
-26.36,0.66,0.29,0.41,0.36,0.36
-26.13,0.83,0.29,0.42,0.36,0.36
-24.83,0.79,0.29,0.42,0.36,0.36
-24.42,0.8,0.3,0.42,0.36,0.36
-23.42,0.82,0.3,0.42,0.36,0.37
-22.85,0.87,0.31,0.42,0.36,0.37
-21.71,0.7,0.31,0.42,0.37,0.37
-20.48,0.85,0.31,0.42,0.37,0.37
-19.82,0.66,0.32,0.42,0.37,0.38
-19.45,0.68,0.32,0.43,0.37,0.38
-18.24,0.6,0.32,0.43,0.37,0.38
-17.56,0.76,0.32,0.43,0.37,0.38
-17.25,0.63,0.32,0.43,0.37,0.38
-15.96,0.5,0.33,0.43,0.38,0.38
-15.22,0.42,0.33,0.43,0.38,0.38
-13.86,0.41,0.33,0.43,0.38,0.39
-13.22,0.33,0.33,0.43,0.38,0.39
-12.13,0.35,0.34,0.43,0.38,0.39
-10.28,0.34,0.34,0.42,0.38,0.39
-9.91,0.53,0.34,0.43,0.38,0.39
-9.27,0.22,0.34,0.42,0.38,0.39
-8.3,0.24,0.34,0.42,0.38,0.39
-7.28,0.4,0.35,0.42,0.39,0.39
-6.21,0.13,0.35,0.42,0.39,0.39
-5.6,0.24,0.35,0.42,0.39,0.39
-4.78,0.05,0.35,0.42,0.39,0.39
-3.83,0.07,0.35,0.42,0.39,0.39
-3.52,0.04,0.35,0.42,0.39,0.39
-3.13,0.15,0.35,0.42,0.39,0.39
-2.26,0.12,0.35,0.42,0.39,0.4
-1.74,0.03,0.36,0.42,0.39,0.4
-1.39,0.03,0.36,0.42,0.39,0.4
-1.12,-0.04,0.36,0.42,0.39,0.4
-0.68,-0.03,0.36,0.42,0.39,0.4
-0.5,-0.09,0.36,0.41,0.39,0.4
-0.37,-0.04,0.36,0.42,0.39,0.4
-0.2,0.05,0.36,0.41,0.39,0.4
0.39,-0.18,0.36,0.41,0.39,0.4
0.12,-0.07,0.36,0.41,0.39,0.4
0.34,-0.02,0.36,0.41,0.39,0.4
0.38,0.03,0.36,0.41,0.39,0.39
0.12,-0.04,0.36,0.41,0.39,0.4
0.08,-0.15,0.36,0.41,0.39,0.4
0.09,0.03,0.36,0.41,0.39,0.4
-0.33,0.12,0.36,0.41,0.39,0.4
-0.22,-0.02,0.36,0.41,0.39,0.4
-0.54,-0.1,0.36,0.41,0.39,0.4
-0.53,-0.1,0.36,0.41,0.39,0.4
-0.61,0.04,0.36,0.41,0.39,0.4
-0.61,0.25,0.36,0.41,0.39,0.4
-0.62,0.36,0.36,0.41,0.39,0.39
-0.64,0.39,0.36,0.41,0.39,0.39
-0.63,0.28,0.36,0.41,0.39,0.39
-0.64,0.33,0.36,0.41,0.39,0.39
-0.65,0.23,0.36,0.41,0.39,0.4
-0.65,0.2,0.36,0.41,0.39,0.4
-0.66,0.19,0.36,0.41,0.39,0.4
-0.64,0.13,0.36,0.41,0.39,0.4
-0.66,0.17,0.36,0.41,0.39,0.4
-0.66,0.12,0.36,0.41,0.39,0.4
-0.67,0.13,0.36,0.41,0.39,0.4
-0.68,0.13,0.36,0.41,0.39,0.4
-0.66,0.11,0.36,0.41,0.39,0.4
