-0.22,8.32,0.38,0.37,0.39,0.4
-1.22,8.49,0.38,0.37,0.39,0.4
0.09,8.32,0.38,0.37,0.39,0.4
-0.46,8.56,0.38,0.37,0.39,0.4
-0.1,8.67,0.38,0.37,0.39,0.4
-0.18,8.69,0.38,0.37,0.39,0.4
-0.19,8.73,0.38,0.37,0.39,0.4
-0.27,8.35,0.38,0.37,0.39,0.4
-0.25,8.27,0.38,0.37,0.39,0.4
-0.31,8.31,0.38,0.37,0.39,0.4
-0.38,8.46,0.38,0.37,0.39,0.4
-0.33,8.47,0.38,0.37,0.39,0.4
-0.31,8.54,0.38,0.37,0.39,0.4
-0.2,8.52,0.38,0.37,0.39,0.4
-0.16,8.54,0.38,0.37,0.39,0.4
-0.35,8.52,0.38,0.37,0.39,0.4
-0.28,8.58,0.38,0.37,0.39,0.4
-0.28,8.62,0.38,0.37,0.39,0.4
-0.08,8.72,0.38,0.37,0.39,0.4
-0.4,8.84,0.38,0.37,0.39,0.4
-0.4,8.82,0.38,0.37,0.39,0.4
-0.4,8.92,0.38,0.37,0.39,0.4
-0.24,8.99,0.38,0.37,0.39,0.4
-0.1,8.97,0.38,0.37,0.39,0.4
-0.14,9,0.38,0.37,0.39,0.4
-0.43,9.22,0.38,0.37,0.39,0.4
-0.43,9.24,0.38,0.37,0.39,0.4
-0.12,9.49,0.38,0.37,0.39,0.4
-0.37,9.62,0.38,0.37,0.39,0.4
-0.13,9.65,0.38,0.37,0.39,0.4
-0.26,9.97,0.38,0.37,0.39,0.4
-0.2,10.14,0.38,0.37,0.38,0.4
-0.22,10.37,0.38,0.37,0.38,0.4
-0.47,10.59,0.38,0.37,0.38,0.4
-0.2,10.74,0.38,0.37,0.38,0.4
-0.21,10.99,0.38,0.37,0.38,0.4
-0.18,11.2,0.38,0.37,0.38,0.4
-0.24,11.3,0.38,0.37,0.38,0.4
-0.21,11.58,0.38,0.37,0.38,0.4
-0.21,11.67,0.38,0.37,0.38,0.4
-0.16,11.79,0.38,0.37,0.38,0.4
-0.08,11.86,0.38,0.37,0.38,0.4
-0.24,11.93,0.38,0.37,0.38,0.4
0.01,12.01,0.38,0.37,0.38,0.4
-0.1,12.42,0.37,0.37,0.38,0.4
-0.1,12.52,0.37,0.37,0.38,0.4
-0.01,12.66,0.37,0.37,0.38,0.4
-0.1,12.81,0.37,0.37,0.38,0.4
-0.08,13.16,0.37,0.37,0.38,0.4
-0.17,13.3,0.37,0.37,0.38,0.4
-0.13,13.44,0.37,0.37,0.38,0.4
-0.09,13.66,0.37,0.37,0.38,0.4
-0.15,13.87,0.37,0.36,0.37,0.4
-0.11,14.23,0.37,0.36,0.37,0.4
-0.18,14.43,0.37,0.36,0.37,0.4
-0.02,14.76,0.37,0.36,0.37,0.4
-0.18,15,0.37,0.36,0.37,0.4
-0.02,15.16,0.37,0.36,0.37,0.4
-0.09,15.43,0.37,0.36,0.37,0.4
-0.12,15.69,0.37,0.36,0.37,0.4
0.01,15.79,0.37,0.36,0.37,0.4
0.06,15.98,0.37,0.36,0.37,0.4
-0.05,16.1,0.37,0.36,0.37,0.4
-0.03,16.33,0.37,0.36,0.37,0.4
0.02,16.53,0.37,0.36,0.37,0.4
0.04,16.85,0.37,0.36,0.37,0.4
-0.02,17.26,0.37,0.36,0.37,0.4
-0.1,17.43,0.37,0.36,0.36,0.4
-0.14,17.77,0.37,0.36,0.36,0.4
-0.03,18.08,0.37,0.36,0.36,0.4
-0.1,18.22,0.37,0.36,0.36,0.4
-0.02,18.46,0.37,0.36,0.36,0.4
-0.11,18.73,0.37,0.36,0.36,0.4
-0.03,18.94,0.37,0.36,0.36,0.4
0.06,19.25,0.37,0.36,0.36,0.4
0.06,19.5,0.37,0.36,0.36,0.4
0.04,19.79,0.37,0.36,0.36,0.4
-0.1,20.01,0.36,0.35,0.36,0.4
-0.04,20.28,0.36,0.35,0.36,0.4
0.06,20.56,0.36,0.35,0.35,0.4
0.02,20.75,0.36,0.35,0.35,0.4
-0.1,20.97,0.36,0.35,0.35,0.4
0.3,21.22,0.36,0.35,0.35,0.4
0.12,21.44,0.36,0.35,0.35,0.4
0.09,21.81,0.36,0.35,0.35,0.4
0.03,21.93,0.36,0.35,0.35,0.4
0.06,22.2,0.36,0.35,0.35,0.4
0.03,22.44,0.36,0.35,0.35,0.4
0.17,22.61,0.36,0.35,0.35,0.4
0.02,22.85,0.36,0.35,0.34,0.4
0.1,23.18,0.36,0.35,0.34,0.4
0.09,23.34,0.36,0.35,0.34,0.4
0.17,23.65,0.36,0.35,0.34,0.4
0.21,23.83,0.36,0.35,0.34,0.4
0.12,23.98,0.36,0.35,0.34,0.4
0.17,24.25,0.36,0.35,0.34,0.4
0.13,24.52,0.36,0.35,0.34,0.4
0.21,24.69,0.35,0.35,0.34,0.4
0.17,24.79,0.35,0.34,0.34,0.4
0.07,25.12,0.35,0.34,0.34,0.4
0.13,25.08,0.35,0.34,0.34,0.4
0.12,25.17,0.35,0.34,0.34,0.4
0.07,25.12,0.35,0.34,0.34,0.4
0.24,25.12,0.35,0.34,0.34,0.4
0.16,25.22,0.35,0.34,0.34,0.4
0.01,25.2,0.35,0.34,0.34,0.4
0.13,25.12,0.35,0.34,0.34,0.4
0.2,25.31,0.35,0.34,0.34,0.4
0.17,25.26,0.35,0.34,0.33,0.4
0.23,25.55,0.35,0.34,0.33,0.4
0.19,25.69,0.35,0.34,0.33,0.4
0.15,25.95,0.35,0.34,0.33,0.4
0.32,26.2,0.35,0.34,0.33,0.4
0.23,26.55,0.35,0.34,0.33,0.4
0.16,26.85,0.35,0.34,0.33,0.4
0.3,27.32,0.35,0.34,0.33,0.4
0.21,27.49,0.35,0.34,0.32,0.4
0.23,27.73,0.35,0.34,0.32,0.4
0.22,28.04,0.34,0.34,0.32,0.4
0.19,28.49,0.34,0.33,0.32,0.4
0.26,28.68,0.34,0.33,0.32,0.39
0.2,28.94,0.34,0.33,0.32,0.4
0.15,29.17,0.34,0.33,0.32,0.39
0.35,29.4,0.34,0.33,0.32,0.39
0.37,29.64,0.34,0.33,0.32,0.39
0.36,29.83,0.34,0.33,0.31,0.39
0.24,30.05,0.34,0.33,0.31,0.39
0.36,30.2,0.34,0.33,0.31,0.39
0.44,30.52,0.34,0.33,0.31,0.39
0.29,30.71,0.34,0.33,0.31,0.39
0.46,30.9,0.34,0.33,0.31,0.39
0.42,30.9,0.34,0.33,0.31,0.39
0.15,31,0.34,0.33,0.31,0.39
0.33,31.06,0.34,0.32,0.31,0.39
0.43,31.32,0.34,0.32,0.31,0.39
0.33,31.57,0.34,0.32,0.31,0.39
0.39,31.42,0.34,0.32,0.31,0.39
0.38,31.49,0.34,0.32,0.31,0.39
0.34,31.62,0.33,0.32,0.31,0.39
0.28,31.69,0.33,0.32,0.3,0.39
0.31,31.98,0.33,0.32,0.3,0.39
0.35,32.14,0.33,0.32,0.3,0.39
0.39,32.25,0.33,0.32,0.3,0.39
0.36,32.4,0.33,0.32,0.3,0.39
0.55,32.38,0.33,0.32,0.3,0.39
0.46,32.74,0.33,0.32,0.3,0.39
0.45,32.89,0.33,0.32,0.3,0.39
0.5,33.08,0.33,0.32,0.3,0.39
0.43,33.18,0.33,0.32,0.3,0.39
0.49,33.56,0.33,0.32,0.29,0.39
0.41,33.71,0.33,0.32,0.29,0.39
0.37,33.88,0.32,0.31,0.29,0.39
0.44,34.12,0.32,0.31,0.29,0.39
0.31,34.28,0.32,0.31,0.29,0.39
0.42,34.48,0.32,0.31,0.29,0.39
0.44,34.6,0.32,0.31,0.29,0.39
0.43,34.9,0.32,0.31,0.29,0.39
0.37,35.02,0.32,0.31,0.29,0.39
0.42,35.38,0.32,0.31,0.28,0.39
0.49,35.69,0.32,0.31,0.28,0.39
0.35,36.08,0.32,0.31,0.28,0.39
0.28,36.32,0.32,0.3,0.28,0.39
0.46,36.64,0.32,0.3,0.28,0.39
0.64,36.92,0.31,0.3,0.27,0.39
0.5,37.39,0.31,0.3,0.27,0.39
0.47,37.49,0.31,0.3,0.27,0.39
0.49,37.76,0.31,0.3,0.27,0.39
0.57,38.31,0.31,0.29,0.27,0.39
0.47,38.6,0.31,0.29,0.26,0.39
0.5,38.91,0.31,0.29,0.26,0.39
0.55,39.3,0.3,0.29,0.26,0.38
0.6,39.48,0.3,0.29,0.26,0.39
0.55,40.08,0.3,0.29,0.25,0.38
0.55,40.3,0.3,0.29,0.25,0.38
0.48,40.42,0.3,0.28,0.25,0.38
0.51,40.81,0.3,0.28,0.25,0.38
0.49,41.28,0.3,0.28,0.24,0.38
0.53,41.75,0.29,0.28,0.24,0.38
0.57,42.02,0.29,0.28,0.24,0.38
0.61,42.33,0.29,0.27,0.24,0.38
0.71,42.6,0.29,0.27,0.23,0.38
0.66,43.08,0.29,0.27,0.23,0.38
0.46,43.37,0.29,0.27,0.23,0.38
0.5,43.91,0.28,0.26,0.22,0.38
0.48,44.66,0.28,0.26,0.22,0.38
0.53,44.57,0.28,0.26,0.22,0.38
0.54,45.29,0.28,0.26,0.21,0.38
0.73,45.31,0.28,0.26,0.21,0.38
0.67,45.67,0.28,0.26,0.21,0.38
0.68,46.11,0.28,0.25,0.2,0.37
0.71,46.58,0.27,0.25,0.2,0.37
0.72,47.05,0.27,0.25,0.2,0.37
0.72,47.31,0.27,0.25,0.19,0.37
0.72,47.75,0.27,0.24,0.19,0.37
0.66,48.3,0.27,0.24,0.19,0.37
0.52,48.32,0.27,0.24,0.19,0.37
0.71,48.7,0.27,0.24,0.18,0.37
0.77,48.99,0.26,0.24,0.18,0.37
0.74,49.03,0.26,0.24,0.18,0.37
0.73,49.4,0.26,0.24,0.18,0.37
0.89,49.67,0.26,0.23,0.17,0.37
0.86,50.07,0.26,0.23,0.17,0.36
0.75,50.42,0.26,0.23,0.17,0.36
0.61,50.52,0.26,0.23,0.17,0.36
0.71,50.98,0.25,0.23,0.16,0.36
0.8,51.44,0.25,0.23,0.16,0.36
0.83,51.93,0.25,0.22,0.15,0.36
0.98,52.16,0.25,0.22,0.15,0.36
0.89,52.71,0.25,0.22,0.15,0.35
0.87,53.14,0.24,0.22,0.14,0.35
0.93,53.46,0.24,0.21,0.14,0.35
0.83,53.96,0.24,0.21,0.13,0.35
0.82,54.43,0.24,0.21,0.13,0.35
0.65,54.9,0.24,0.21,0.13,0.35
0.57,55.24,0.23,0.21,0.12,0.34
0.82,55.56,0.23,0.2,0.12,0.34
0.77,55.9,0.23,0.2,0.12,0.34
0.7,56.36,0.23,0.2,0.11,0.34
0.93,56.88,0.22,0.2,0.11,0.34
0.92,56.99,0.22,0.19,0.11,0.34
0.85,57.36,0.22,0.19,0.1,0.34
0.82,57.71,0.22,0.19,0.1,0.34
0.79,57.84,0.22,0.19,0.1,0.33
0.82,58.05,0.21,0.19,0.1,0.33
0.82,58.6,0.21,0.19,0.09,0.33
0.65,58.76,0.21,0.18,0.09,0.33
0.81,58.92,0.21,0.18,0.09,0.33
0.67,59.33,0.21,0.18,0.09,0.33
0.7,59.38,0.2,0.18,0.08,0.33
0.8,59.81,0.2,0.18,0.08,0.33
0.71,60.1,0.2,0.18,0.08,0.33
0.87,60.57,0.2,0.18,0.08,0.32
0.72,60.6,0.2,0.17,0.07,0.32
0.83,61.19,0.2,0.17,0.07,0.32
0.78,61.1,0.19,0.17,0.07,0.32
0.91,61.4,0.19,0.17,0.06,0.32
0.85,62.02,0.19,0.16,0.06,0.31
0.74,62.38,0.18,0.16,0.06,0.31
0.86,63.15,0.18,0.16,0.06,0.31
0.87,63.2,0.18,0.16,0.05,0.31
0.9,63.84,0.17,0.16,0.05,0.31
0.88,64.43,0.17,0.15,0.05,0.3
0.77,64.33,0.17,0.15,0.05,0.3
0.87,65.13,0.17,0.15,0.04,0.3
0.82,65.09,0.16,0.15,0.04,0.3
0.82,65.48,0.16,0.15,0.04,0.3
0.98,65.46,0.16,0.15,0.04,0.3
0.98,65.73,0.16,0.14,0.04,0.3
0.81,66.43,0.16,0.14,0.04,0.29
0.69,66.21,0.15,0.14,0.04,0.29
0.73,66.73,0.15,0.14,0.03,0.29
0.88,67.19,0.15,0.14,0.03,0.29
0.78,67.28,0.15,0.13,0.03,0.29
1.02,67.83,0.14,0.13,0.03,0.29
1.04,68.12,0.14,0.13,0.03,0.28
1.22,68.8,0.14,0.13,0.03,0.28
1.07,68.81,0.13,0.12,0.02,0.28
0.79,69.56,0.13,0.12,0.02,0.28
0.78,69.69,0.13,0.12,0.02,0.28
0.98,69.78,0.13,0.12,0.02,0.27
1.04,70.15,0.12,0.12,0.02,0.27
1.06,70.35,0.12,0.12,0.02,0.27
0.95,70.64,0.12,0.11,0.02,0.27
0.92,71,0.12,0.11,0.02,0.27
0.83,71.38,0.11,0.11,0.02,0.26
0.82,71.78,0.11,0.11,0.02,0.26
0.89,72.04,0.11,0.11,0.02,0.26
0.99,72.04,0.11,0.1,0.02,0.26
0.86,72.27,0.1,0.1,0.02,0.26
0.87,72.56,0.1,0.1,0.02,0.26
0.92,71.94,0.1,0.1,0.02,0.26
1.05,72.8,0.1,0.1,0.02,0.25
0.99,72.7,0.1,0.1,0.02,0.25
1.01,72.9,0.1,0.1,0.02,0.25
1.03,73.05,0.1,0.1,0.02,0.25
0.98,73.22,0.1,0.1,0.02,0.25
0.83,72.86,0.1,0.1,0.02,0.25
0.95,73.08,0.1,0.1,0.02,0.25
0.91,72.2,0.1,0.1,0.02,0.26
0.97,72.68,0.1,0.1,0.02,0.26
1,72.64,0.11,0.1,0.02,0.26
0.92,72.05,0.11,0.11,0.02,0.26
0.9,71.61,0.11,0.11,0.02,0.26
0.83,71.97,0.11,0.11,0.02,0.26
0.77,71.46,0.11,0.11,0.02,0.26
0.98,70.94,0.12,0.11,0.02,0.27
0.93,71.04,0.12,0.11,0.02,0.27
1.02,70.54,0.12,0.11,0.02,0.27
0.98,70.48,0.12,0.12,0.02,0.27
0.95,70.57,0.12,0.12,0.02,0.27
0.91,70.24,0.13,0.12,0.02,0.27
0.89,69.88,0.13,0.12,0.02,0.28
0.9,69.55,0.13,0.12,0.02,0.28
0.83,69.22,0.13,0.12,0.02,0.28
0.91,69.1,0.13,0.12,0.03,0.28
1,69.04,0.14,0.13,0.03,0.28
0.95,68.61,0.14,0.13,0.03,0.28
0.89,68.38,0.14,0.13,0.03,0.28
0.77,68.36,0.14,0.13,0.03,0.28
0.86,67.94,0.14,0.13,0.03,0.29
1.01,67.63,0.15,0.13,0.03,0.29
0.81,67.73,0.15,0.13,0.03,0.29
0.91,67.18,0.15,0.14,0.03,0.29
0.9,66.54,0.15,0.14,0.04,0.29
1.02,66.32,0.16,0.14,0.04,0.3
0.84,65.95,0.16,0.15,0.04,0.3
0.87,65.03,0.17,0.15,0.04,0.3
0.77,64.92,0.17,0.15,0.05,0.3
0.82,64.45,0.17,0.15,0.05,0.3
0.82,63.75,0.17,0.15,0.05,0.31
0.68,63.44,0.18,0.16,0.05,0.31
0.71,63.51,0.18,0.16,0.06,0.31
0.81,63.23,0.18,0.16,0.06,0.31
0.78,62.95,0.18,0.16,0.06,0.31
0.87,63,0.19,0.17,0.06,0.31
0.82,62.2,0.19,0.17,0.07,0.32
0.8,61.89,0.19,0.17,0.07,0.32
0.82,61.57,0.19,0.17,0.07,0.32
0.84,61.35,0.2,0.17,0.08,0.32
0.81,60.59,0.2,0.17,0.08,0.32
0.8,60.14,0.2,0.18,0.08,0.32
0.71,59.87,0.2,0.18,0.09,0.33
0.87,59.56,0.21,0.18,0.09,0.33
0.71,59.15,0.21,0.18,0.09,0.33
0.7,59.09,0.21,0.18,0.09,0.33
0.85,58.83,0.21,0.19,0.1,0.33
0.8,58.03,0.22,0.19,0.1,0.33
0.61,57.95,0.22,0.19,0.1,0.34
0.85,57.57,0.22,0.19,0.1,0.34
1,57.3,0.22,0.19,0.11,0.34
0.63,57.05,0.22,0.2,0.11,0.34
0.65,56.85,0.22,0.2,0.11,0.34
0.66,56.5,0.23,0.2,0.11,0.34
0.66,56.37,0.23,0.2,0.12,0.34
0.66,56.11,0.23,0.2,0.12,0.34
0.63,55.76,0.23,0.2,0.12,0.34
0.73,55.47,0.23,0.2,0.12,0.35
0.8,55.21,0.23,0.21,0.13,0.35
0.65,55.2,0.24,0.21,0.13,0.35
0.6,54.77,0.24,0.21,0.13,0.35
0.64,54.48,0.24,0.21,0.13,0.35
0.57,54.22,0.24,0.21,0.14,0.35
0.76,54.02,0.24,0.21,0.14,0.35
0.69,53.61,0.24,0.21,0.14,0.35
0.63,53.29,0.24,0.22,0.15,0.35
0.76,53.04,0.25,0.22,0.15,0.35
0.66,52.6,0.25,0.22,0.15,0.36
0.64,52.35,0.25,0.22,0.15,0.36
0.55,52.13,0.25,0.22,0.16,0.36
0.69,51.69,0.25,0.23,0.16,0.36
0.61,51.4,0.25,0.23,0.16,0.36
0.66,51.16,0.26,0.23,0.17,0.36
0.66,50.72,0.26,0.23,0.17,0.36
0.76,50.39,0.26,0.23,0.17,0.36
0.76,50.22,0.26,0.23,0.18,0.36
0.67,49.55,0.26,0.24,0.18,0.36
0.66,49.2,0.26,0.24,0.18,0.37
0.71,48.93,0.27,0.24,0.19,0.37
0.71,48.31,0.27,0.24,0.19,0.37
0.58,48.32,0.27,0.25,0.19,0.37
0.59,47.76,0.27,0.25,0.19,0.37
0.49,47.39,0.27,0.25,0.2,0.37
0.65,46.94,0.27,0.25,0.2,0.37
0.6,46.83,0.28,0.25,0.2,0.37
0.58,46.41,0.28,0.25,0.21,0.37
0.45,46.05,0.28,0.26,0.21,0.37
0.59,45.73,0.28,0.26,0.21,0.38
0.68,45.26,0.28,0.26,0.21,0.38
0.47,45.04,0.28,0.26,0.22,0.38
0.54,44.62,0.28,0.26,0.22,0.38
0.49,44.13,0.28,0.27,0.22,0.38
0.77,43.78,0.29,0.27,0.23,0.38
0.65,43.37,0.29,0.27,0.23,0.38
0.52,43.17,0.29,0.27,0.23,0.38
0.57,42.92,0.29,0.27,0.23,0.38
0.52,42.47,0.29,0.27,0.24,0.38
0.35,42.21,0.29,0.28,0.24,0.38
0.49,41.7,0.3,0.28,0.24,0.38
0.61,41.18,0.3,0.28,0.25,0.39
0.49,40.65,0.3,0.28,0.25,0.39
0.48,40.26,0.3,0.29,0.25,0.39
0.56,39.83,0.3,0.29,0.25,0.39
0.36,39.69,0.3,0.29,0.26,0.39
0.59,39.39,0.3,0.29,0.26,0.39
0.27,39.15,0.31,0.29,0.26,0.39
0.14,38.78,0.31,0.29,0.26,0.39
0.54,38.51,0.31,0.29,0.26,0.39
0.44,38.4,0.31,0.29,0.27,0.39
0.5,38.04,0.31,0.3,0.27,0.39
0.33,37.81,0.31,0.3,0.27,0.39
0.36,37.55,0.31,0.3,0.27,0.39
0.47,37.28,0.31,0.3,0.27,0.39
0.44,37.08,0.31,0.3,0.27,0.39
0.34,36.63,0.31,0.3,0.28,0.39
0.23,36.46,0.31,0.3,0.28,0.39
0.43,36.25,0.32,0.3,0.28,0.39
0.39,36.14,0.32,0.31,0.28,0.39
0.45,35.54,0.32,0.31,0.28,0.39
0.39,35.25,0.32,0.31,0.29,0.39
0.42,35.01,0.32,0.31,0.29,0.39
0.49,34.72,0.32,0.31,0.29,0.39
0.48,34.26,0.33,0.31,0.29,0.39
0.36,33.88,0.33,0.31,0.29,0.39
0.42,33.6,0.33,0.32,0.29,0.39
0.35,33.14,0.33,0.32,0.3,0.39
0.18,32.89,0.33,0.32,0.3,0.39
0.32,32.84,0.33,0.32,0.3,0.39
0.17,32.5,0.33,0.32,0.3,0.39
0.15,32.17,0.33,0.32,0.3,0.39
0.51,31.92,0.33,0.32,0.3,0.39
0.35,31.7,0.33,0.32,0.31,0.39
0.43,31.43,0.33,0.32,0.31,0.39
0.28,31.15,0.33,0.33,0.31,0.39
0.14,30.9,0.33,0.33,0.31,0.39
0.28,30.8,0.34,0.33,0.31,0.4
0.33,30.62,0.34,0.33,0.31,0.39
0.35,30.35,0.34,0.33,0.31,0.4
0.49,30.17,0.34,0.33,0.31,0.39
0.49,30.02,0.34,0.33,0.31,0.4
0.35,29.68,0.34,0.33,0.32,0.4
0.08,29.6,0.34,0.33,0.32,0.4
-0.07,29.35,0.34,0.33,0.32,0.4
0.17,28.99,0.34,0.33,0.32,0.4
0.15,28.63,0.34,0.33,0.32,0.4
0.1,28.4,0.34,0.33,0.32,0.4
0.13,28.47,0.34,0.33,0.32,0.4
0.33,28.19,0.34,0.34,0.32,0.4
0.22,28.01,0.35,0.34,0.32,0.4
0.16,27.69,0.35,0.34,0.33,0.4
0.11,27.5,0.35,0.34,0.33,0.4
0.15,27.16,0.35,0.34,0.33,0.4
0.18,27.06,0.35,0.34,0.33,0.4
0.15,26.74,0.35,0.34,0.33,0.4
0.19,26.61,0.35,0.34,0.33,0.4
0.2,26.58,0.35,0.34,0.33,0.4
0.11,26.25,0.35,0.34,0.33,0.4
0.13,25.86,0.35,0.34,0.33,0.4
0.45,25.86,0.35,0.34,0.34,0.4
0.12,25.7,0.35,0.34,0.34,0.4
0.28,25.04,0.35,0.34,0.34,0.4
0.47,24.8,0.35,0.34,0.34,0.4
0.15,24.69,0.35,0.34,0.34,0.4
0.06,24.41,0.35,0.35,0.34,0.4
0.23,23.93,0.35,0.35,0.34,0.4
0.03,23.82,0.36,0.35,0.34,0.4
0.12,23.5,0.36,0.35,0.35,0.4
-0.21,23.27,0.36,0.35,0.35,0.4
0.2,22.96,0.36,0.35,0.35,0.4
0.06,22.64,0.36,0.35,0.35,0.4
0.06,22.31,0.36,0.35,0.35,0.4
-0.03,22.08,0.36,0.35,0.35,0.4
-0.12,21.98,0.36,0.35,0.35,0.4
0.07,21.79,0.36,0.35,0.35,0.4
-0.1,21.55,0.36,0.35,0.35,0.4
0.13,21.26,0.36,0.35,0.36,0.4
0.17,21.01,0.36,0.35,0.36,0.4
-0.09,20.62,0.36,0.35,0.36,0.4
0.01,20.41,0.36,0.36,0.36,0.4
-0.02,19.92,0.37,0.36,0.36,0.4
-0.01,19.71,0.37,0.36,0.36,0.4
-0,19.42,0.37,0.36,0.36,0.4
0.05,19.05,0.37,0.36,0.37,0.4
-0.12,18.37,0.37,0.36,0.37,0.4
0.04,18.21,0.37,0.36,0.37,0.4
0.12,17.8,0.37,0.36,0.37,0.4
-0.1,17.43,0.37,0.36,0.37,0.4
-0.08,17.2,0.37,0.36,0.37,0.4
-0.13,16.71,0.37,0.36,0.37,0.4
-0.1,16.37,0.37,0.36,0.37,0.4
-0.14,15.82,0.37,0.36,0.37,0.4
-0.21,15.62,0.37,0.36,0.38,0.4
0.02,15.39,0.37,0.36,0.38,0.4
-0.06,14.96,0.37,0.36,0.38,0.4
-0.22,14.59,0.37,0.36,0.38,0.4
-0.1,14.21,0.37,0.37,0.38,0.4
-0.28,13.68,0.38,0.37,0.38,0.4
-0.34,13.44,0.38,0.37,0.38,0.4
-0.19,13.06,0.38,0.37,0.38,0.4
-0.3,12.81,0.38,0.37,0.38,0.4
-0.25,12.65,0.38,0.37,0.38,0.4
-0.28,12.39,0.38,0.37,0.38,0.4
-0.32,12.13,0.38,0.37,0.38,0.4
-0.33,11.9,0.38,0.37,0.38,0.4
-0.36,11.8,0.38,0.37,0.39,0.4
-0.3,11.37,0.38,0.37,0.39,0.4
-0.57,11.16,0.38,0.37,0.39,0.4
-0.36,10.98,0.38,0.37,0.39,0.4
-0.26,10.59,0.38,0.37,0.39,0.4
-0.15,10.45,0.38,0.37,0.39,0.4
-0.18,10.03,0.38,0.37,0.39,0.4
-0.32,9.98,0.38,0.37,0.39,0.4
-0.11,9.71,0.38,0.37,0.39,0.4
-0.21,9.61,0.38,0.37,0.39,0.4
-0.25,9.13,0.38,0.37,0.39,0.4
-0.09,9.22,0.38,0.37,0.39,0.4
-0.24,8.87,0.38,0.37,0.39,0.4
-0.31,8.86,0.38,0.37,0.39,0.4
-0.23,8.42,0.38,0.37,0.39,0.4
-0.24,8.27,0.38,0.37,0.39,0.4
-0.46,8,0.38,0.37,0.39,0.4
-0.45,7.53,0.38,0.37,0.39,0.4
-0.42,7.41,0.38,0.37,0.39,0.4
-0.68,7.03,0.38,0.37,0.39,0.4
-0.34,6.71,0.38,0.37,0.4,0.4
-0.3,6.6,0.38,0.37,0.4,0.4
-0.48,6.04,0.38,0.37,0.4,0.4
-0.26,6,0.38,0.37,0.4,0.4
-0.51,5.95,0.38,0.37,0.4,0.4
-0.39,5.51,0.38,0.37,0.4,0.4
-0.25,5.18,0.38,0.37,0.4,0.4
-0.44,5.14,0.38,0.37,0.4,0.4
-0.46,4.62,0.38,0.37,0.4,0.4
-0.34,4.48,0.38,0.37,0.4,0.4
-0.18,4.01,0.38,0.37,0.4,0.4
-0.31,3.63,0.38,0.37,0.4,0.4
-0.55,3.39,0.38,0.37,0.4,0.4
-0.52,3.2,0.39,0.37,0.4,0.4
-0.24,2.45,0.38,0.37,0.4,0.4
-0.48,2.38,0.39,0.37,0.4,0.4
-0.44,2.33,0.39,0.37,0.4,0.4
-0.5,1.78,0.39,0.37,0.4,0.4
-0.62,1.25,0.39,0.37,0.4,0.4
-0.56,0.94,0.39,0.37,0.4,0.4
-0.76,0.26,0.39,0.37,0.4,0.4
-0.76,-0.35,0.39,0.37,0.41,0.4
-0.73,-0.8,0.39,0.37,0.41,0.4
-0.73,-1.42,0.39,0.37,0.41,0.4
-0.73,-1.86,0.39,0.37,0.41,0.4
-0.67,-2.32,0.39,0.37,0.41,0.4
-0.69,-2.56,0.39,0.37,0.41,0.39
-0.75,-2.95,0.39,0.37,0.41,0.39
-0.71,-3.34,0.39,0.37,0.41,0.39
-0.74,-3.83,0.39,0.37,0.41,0.39
-0.73,-3.93,0.39,0.37,0.41,0.39
-0.8,-4.38,0.39,0.37,0.41,0.39
-0.69,-4.8,0.39,0.37,0.41,0.39
-0.91,-5.18,0.39,0.37,0.41,0.39
-1.01,-5.59,0.39,0.37,0.41,0.39
-0.9,-5.94,0.39,0.37,0.41,0.39
-0.62,-6.45,0.39,0.37,0.41,0.39
-0.91,-6.84,0.39,0.37,0.41,0.39
-0.79,-7.17,0.39,0.37,0.41,0.39
-0.8,-7.44,0.39,0.37,0.41,0.39
-0.86,-7.71,0.39,0.37,0.41,0.39
-0.79,-8,0.39,0.37,0.41,0.39
-1,-8.52,0.39,0.37,0.41,0.39
-1.16,-8.98,0.38,0.37,0.41,0.39
-1.17,-9.2,0.38,0.37,0.41,0.39
-1.04,-9.72,0.38,0.37,0.41,0.38
-1.13,-10.09,0.38,0.37,0.41,0.38
-1.07,-10.61,0.38,0.37,0.41,0.38
-0.86,-10.9,0.38,0.37,0.42,0.38
-1.03,-11.12,0.38,0.37,0.42,0.38
-1.19,-11.68,0.38,0.37,0.42,0.38
-0.91,-12.16,0.38,0.37,0.42,0.38
-0.97,-12.43,0.38,0.37,0.42,0.38
-0.93,-12.7,0.38,0.37,0.42,0.38
-0.87,-13.22,0.38,0.37,0.42,0.38
-1.13,-13.7,0.38,0.37,0.42,0.38
-0.83,-14.11,0.38,0.37,0.42,0.38
-0.91,-14.47,0.38,0.37,0.42,0.38
-0.99,-15.02,0.38,0.37,0.42,0.38
-1.03,-15.18,0.38,0.37,0.42,0.38
-0.93,-15.49,0.38,0.36,0.42,0.37
-1,-15.76,0.38,0.36,0.42,0.37
-1.06,-16.28,0.38,0.36,0.42,0.37
-1.22,-16.69,0.38,0.36,0.42,0.37
-1.26,-17.11,0.38,0.36,0.42,0.37
-1.12,-17.48,0.38,0.36,0.42,0.37
-1.15,-18.08,0.38,0.36,0.42,0.37
-1.16,-18.32,0.38,0.36,0.42,0.37
-1.12,-18.85,0.37,0.36,0.42,0.37
-1.09,-18.99,0.37,0.36,0.42,0.37
-1.08,-19.15,0.37,0.36,0.42,0.37
-1.13,-19.51,0.37,0.36,0.42,0.37
-1.13,-19.7,0.37,0.36,0.42,0.36
-1.11,-20.03,0.37,0.36,0.42,0.36
-1.31,-20.18,0.37,0.36,0.42,0.36
-1.18,-20.53,0.37,0.36,0.42,0.36
-1.12,-20.84,0.37,0.36,0.43,0.36
-1.23,-20.93,0.37,0.36,0.43,0.36
-1.2,-21.32,0.37,0.35,0.43,0.36
-1.44,-21.46,0.37,0.35,0.43,0.36
-1.54,-21.57,0.37,0.35,0.43,0.36
-1.27,-21.84,0.37,0.35,0.43,0.36
-1.3,-22.03,0.37,0.35,0.43,0.36
-1.38,-22.24,0.37,0.35,0.43,0.35
-1.36,-22.46,0.37,0.35,0.43,0.35
-1.45,-22.85,0.37,0.35,0.43,0.35
-1.37,-23.16,0.37,0.35,0.43,0.35
-1.34,-23.61,0.37,0.35,0.43,0.35
-1.3,-23.75,0.37,0.35,0.43,0.35
-1.41,-24.04,0.37,0.35,0.43,0.35
-1.39,-24.16,0.37,0.35,0.43,0.35
-1.5,-24.19,0.36,0.35,0.44,0.35
-1.42,-24.47,0.36,0.35,0.44,0.35
-1.46,-24.59,0.36,0.35,0.44,0.35
-1.65,-24.83,0.36,0.35,0.44,0.34
-1.5,-25.01,0.36,0.35,0.44,0.34
-1.18,-25.59,0.36,0.35,0.44,0.34
-1.39,-25.78,0.36,0.35,0.44,0.34
-1.56,-25.98,0.36,0.35,0.44,0.34
-1.52,-26.26,0.36,0.34,0.44,0.34
-1.48,-26.31,0.36,0.34,0.44,0.34
-1.52,-26.35,0.36,0.34,0.44,0.34
-1.43,-26.43,0.36,0.34,0.44,0.34
-1.4,-26.59,0.36,0.34,0.44,0.34
-1.45,-26.6,0.36,0.34,0.44,0.34
-1.34,-26.78,0.36,0.34,0.44,0.34
-1.65,-26.92,0.36,0.34,0.44,0.33
-1.68,-27.11,0.36,0.34,0.44,0.33
-1.48,-27.16,0.36,0.34,0.44,0.33
-1.48,-27.16,0.36,0.34,0.44,0.33
-1.51,-27.42,0.36,0.34,0.44,0.33
-1.45,-27.46,0.36,0.34,0.44,0.33
-1.52,-27.53,0.36,0.34,0.44,0.33
-1.52,-27.67,0.36,0.34,0.44,0.33
-1.5,-27.65,0.36,0.34,0.44,0.33
-1.55,-27.98,0.36,0.34,0.44,0.33
-1.73,-28.26,0.36,0.34,0.44,0.33
-1.5,-28.44,0.35,0.34,0.44,0.33
-1.51,-28.66,0.35,0.34,0.44,0.33
-1.49,-29.04,0.35,0.34,0.44,0.33
-1.45,-29.27,0.35,0.34,0.44,0.32
-1.67,-29.41,0.35,0.34,0.44,0.32
-1.69,-29.64,0.35,0.34,0.44,0.32
-1.66,-29.84,0.35,0.34,0.44,0.32
-1.55,-30.13,0.35,0.34,0.44,0.32
-1.5,-30.2,0.35,0.33,0.44,0.32
-1.62,-30.59,0.35,0.33,0.44,0.32
-1.68,-30.69,0.35,0.33,0.44,0.32
-1.6,-30.86,0.35,0.33,0.44,0.32
-1.79,-30.97,0.35,0.33,0.44,0.32
-1.78,-31.23,0.35,0.33,0.44,0.32
-1.66,-31.38,0.34,0.33,0.44,0.32
-1.56,-31.44,0.34,0.33,0.44,0.32
-1.63,-31.61,0.34,0.33,0.44,0.31
-1.78,-31.98,0.34,0.33,0.44,0.31
-1.65,-32.27,0.34,0.33,0.44,0.31
-1.68,-32.52,0.34,0.33,0.44,0.31
-1.49,-33.01,0.34,0.33,0.44,0.31
-1.74,-33.31,0.34,0.32,0.44,0.31
-1.84,-33.39,0.34,0.32,0.44,0.31
-1.68,-33.69,0.34,0.32,0.44,0.31
-1.63,-33.88,0.33,0.32,0.44,0.3
-1.75,-34.16,0.33,0.32,0.44,0.3
-1.74,-34.47,0.33,0.32,0.44,0.3
-1.72,-34.78,0.33,0.32,0.44,0.3
-1.81,-34.86,0.33,0.32,0.44,0.3
-1.81,-35.16,0.33,0.32,0.44,0.3
-1.71,-35.36,0.33,0.32,0.44,0.3
-1.62,-35.55,0.33,0.32,0.44,0.3
-1.84,-35.79,0.33,0.32,0.44,0.3
-1.83,-35.87,0.33,0.31,0.44,0.29
-1.79,-36.23,0.33,0.31,0.44,0.29
-1.58,-36.69,0.32,0.31,0.44,0.29
-1.84,-36.55,0.32,0.31,0.44,0.29
-1.85,-36.85,0.32,0.31,0.44,0.29
-1.68,-37.03,0.32,0.31,0.44,0.29
-1.73,-37.22,0.32,0.31,0.44,0.29
-1.79,-37.38,0.32,0.31,0.44,0.29
-1.99,-37.65,0.32,0.31,0.44,0.29
-1.6,-37.95,0.32,0.31,0.44,0.29
-1.83,-38.03,0.32,0.31,0.44,0.29
-1.93,-38.28,0.32,0.31,0.44,0.29
-1.69,-38.49,0.31,0.31,0.44,0.28
-1.73,-38.57,0.31,0.31,0.44,0.28
-1.75,-38.71,0.31,0.3,0.43,0.28
-1.81,-38.9,0.31,0.3,0.43,0.28
-1.74,-39.17,0.31,0.3,0.43,0.28
-1.7,-39.23,0.31,0.3,0.43,0.28
-1.91,-39.68,0.31,0.3,0.43,0.28
-1.99,-39.72,0.31,0.3,0.43,0.28
-2,-40.15,0.31,0.3,0.43,0.28
-1.96,-40.4,0.31,0.3,0.43,0.28
-2.05,-40.38,0.3,0.3,0.43,0.27
-2,-40.86,0.3,0.3,0.43,0.27
-1.99,-40.81,0.3,0.3,0.43,0.27
-1.87,-41.29,0.3,0.29,0.43,0.27
-1.85,-41.3,0.3,0.29,0.43,0.27
-1.93,-41.66,0.3,0.29,0.43,0.27
-2,-41.87,0.3,0.29,0.43,0.27
-1.97,-41.86,0.3,0.29,0.43,0.27
-1.89,-42.13,0.3,0.29,0.43,0.27
-2.04,-42.14,0.3,0.29,0.43,0.26
-1.95,-42.39,0.3,0.29,0.43,0.26
-1.72,-42.4,0.3,0.29,0.43,0.26
-1.97,-42.6,0.29,0.29,0.43,0.26
-1.95,-42.71,0.29,0.29,0.43,0.26
-2.04,-42.92,0.29,0.29,0.43,0.26
-1.99,-43,0.29,0.29,0.43,0.26
-1.97,-43.1,0.29,0.29,0.43,0.26
-2.08,-43.35,0.29,0.29,0.43,0.26
-2.09,-43.72,0.29,0.28,0.43,0.26
-1.99,-43.73,0.29,0.28,0.43,0.26
-1.99,-44,0.29,0.28,0.43,0.25
-2.07,-44.11,0.29,0.28,0.43,0.25
-2.01,-44.2,0.29,0.28,0.43,0.25
-2.04,-44,0.29,0.28,0.43,0.25
-1.86,-44.51,0.29,0.28,0.43,0.25
-1.67,-44.55,0.28,0.28,0.43,0.25
-1.89,-44.85,0.28,0.28,0.43,0.25
-2.26,-45.3,0.28,0.28,0.43,0.25
-2.13,-45.53,0.28,0.28,0.43,0.24
-2.08,-45.56,0.28,0.28,0.43,0.24
-2.07,-45.7,0.28,0.28,0.43,0.24
-2.02,-46.04,0.28,0.27,0.43,0.24
-2.04,-46.11,0.28,0.27,0.43,0.24
-2.17,-46.91,0.27,0.27,0.43,0.24
-1.91,-47.18,0.27,0.27,0.43,0.23
-1.94,-47.14,0.27,0.27,0.43,0.23
-2.12,-47.52,0.27,0.27,0.43,0.23
-1.96,-47.78,0.27,0.27,0.43,0.23
-2.15,-47.87,0.27,0.27,0.42,0.23
-2.12,-48.52,0.26,0.27,0.42,0.22
-2.07,-48.45,0.26,0.26,0.42,0.22
-2.15,-49.04,0.26,0.26,0.42,0.22
-1.9,-49.27,0.26,0.26,0.42,0.22
-2.16,-49.56,0.26,0.26,0.42,0.21
-2.18,-49.75,0.26,0.26,0.42,0.21
-2.15,-50.09,0.26,0.26,0.42,0.21
-2.15,-50.34,0.25,0.26,0.42,0.21
-2.17,-50.32,0.25,0.26,0.42,0.21
-1.96,-50.63,0.25,0.26,0.42,0.21
-2.04,-51.06,0.25,0.26,0.42,0.2
-2.15,-51.13,0.25,0.25,0.41,0.2
-2.31,-51.32,0.25,0.25,0.41,0.2
-2.21,-51.61,0.25,0.25,0.41,0.2
-2.11,-51.99,0.25,0.25,0.41,0.2
-2.28,-52.53,0.24,0.25,0.41,0.19
-2.17,-52.59,0.24,0.25,0.41,0.19
-2.04,-52.77,0.24,0.25,0.41,0.19
-1.97,-52.98,0.24,0.25,0.41,0.19
-2.27,-53.46,0.24,0.24,0.41,0.18
-2.26,-53.75,0.24,0.24,0.4,0.18
-2.4,-54.17,0.24,0.24,0.4,0.18
-2.13,-54.64,0.23,0.24,0.4,0.18
-2.15,-54.85,0.23,0.24,0.4,0.17
-2.32,-55.14,0.23,0.24,0.4,0.17
-2.12,-55.25,0.23,0.23,0.39,0.17
-2.1,-55.55,0.23,0.23,0.39,0.16
-2.04,-55.96,0.22,0.23,0.39,0.16
-2.07,-55.95,0.22,0.23,0.39,0.16
-2.04,-56.86,0.22,0.23,0.38,0.15
-2.12,-57.17,0.22,0.22,0.38,0.15
-2.26,-57.4,0.21,0.22,0.38,0.14
-2.3,-58.31,0.21,0.22,0.37,0.14
-2.43,-58.44,0.21,0.22,0.37,0.13
-2.28,-59.09,0.21,0.22,0.37,0.13
-2.16,-59.5,0.2,0.21,0.36,0.13
-2.39,-59.9,0.2,0.21,0.36,0.12
-2.21,-60.4,0.2,0.21,0.36,0.12
-2.21,-60.56,0.2,0.21,0.36,0.12
-2.38,-60.61,0.2,0.21,0.35,0.12
-2.48,-61.16,0.2,0.21,0.35,0.11
-2.26,-61.59,0.2,0.2,0.35,0.11
-2.3,-61.63,0.19,0.2,0.35,0.11
-2.13,-62.03,0.19,0.2,0.35,0.1
-2.25,-62.45,0.19,0.2,0.34,0.1
-2.3,-62.91,0.19,0.19,0.34,0.1
-2.37,-63.51,0.18,0.19,0.34,0.09
-2.21,-63.76,0.18,0.19,0.34,0.09
-2.37,-64.13,0.18,0.19,0.34,0.09
-2.21,-64.44,0.18,0.19,0.33,0.09
-2.37,-64.24,0.18,0.19,0.33,0.08
-2.48,-64.9,0.17,0.18,0.33,0.08
-2.42,-65.42,0.17,0.18,0.33,0.08
-2.25,-65.71,0.17,0.18,0.32,0.07
-2.15,-66.01,0.17,0.18,0.32,0.07
-2.33,-66.32,0.16,0.17,0.32,0.07
-2.18,-66.53,0.16,0.17,0.32,0.06
-2.48,-67.42,0.16,0.17,0.32,0.06
-2.48,-67.57,0.16,0.16,0.31,0.05
-2.31,-67.66,0.15,0.16,0.31,0.05
-2.34,-68.37,0.15,0.16,0.31,0.05
-2.53,-68.46,0.15,0.16,0.31,0.05
-2.47,-68.77,0.15,0.16,0.31,0.05
-2.17,-68.77,0.15,0.16,0.31,0.05
-2.17,-69.33,0.15,0.15,0.31,0.04
-2.31,-69.25,0.15,0.15,0.31,0.04
-2.64,-69.36,0.15,0.15,0.31,0.04
-2.4,-69.72,0.14,0.15,0.31,0.04
-2.18,-69.76,0.14,0.15,0.31,0.04
-2.48,-69.62,0.14,0.15,0.31,0.04
-2.53,-69.76,0.15,0.15,0.31,0.04
-2.23,-68.7,0.15,0.15,0.31,0.05
-2.41,-68.74,0.15,0.16,0.31,0.05
-2.44,-68.43,0.16,0.16,0.31,0.05
-2.37,-67.41,0.16,0.17,0.32,0.06
-2.34,-67.09,0.16,0.17,0.32,0.06
-2.4,-66.08,0.17,0.18,0.32,0.07
-2.25,-65.11,0.17,0.18,0.33,0.08
-2.27,-64.4,0.18,0.19,0.33,0.08
-2.07,-64.27,0.18,0.19,0.34,0.09
-2.25,-63.25,0.18,0.19,0.34,0.09
-2.47,-62.71,0.19,0.2,0.35,0.1
-2.35,-62.07,0.19,0.2,0.35,0.11
-2.22,-61.34,0.2,0.21,0.36,0.12
-2.31,-59.96,0.2,0.21,0.36,0.12
-2.15,-59.77,0.21,0.21,0.37,0.13
-2.21,-59.01,0.21,0.22,0.37,0.14
-2.29,-58.29,0.21,0.22,0.38,0.14
-2.11,-57.49,0.22,0.23,0.39,0.15
-2.23,-57.21,0.22,0.23,0.39,0.15
-2.17,-56.48,0.22,0.23,0.39,0.16
-2.15,-56.07,0.22,0.23,0.4,0.16
-2.11,-55.43,0.23,0.23,0.4,0.17
-2.14,-55.18,0.23,0.24,0.4,0.17
-2.15,-54.59,0.23,0.24,0.4,0.17
-2.31,-54.19,0.23,0.24,0.41,0.18
-2.13,-53.89,0.24,0.24,0.41,0.18
-2.17,-53.39,0.24,0.25,0.41,0.19
-2.22,-53.06,0.24,0.25,0.41,0.19
-2.07,-52.1,0.25,0.25,0.41,0.2
-1.96,-51.33,0.25,0.25,0.42,0.2
-2.09,-50.7,0.26,0.26,0.42,0.21
-2.08,-50.07,0.26,0.26,0.42,0.21
-1.91,-49.76,0.26,0.26,0.42,0.21
-2.34,-49.58,0.26,0.26,0.42,0.22
-1.93,-48.96,0.26,0.26,0.42,0.22
-1.8,-48.56,0.27,0.26,0.42,0.23
-1.87,-47.92,0.27,0.27,0.42,0.23
-1.89,-47.37,0.27,0.27,0.42,0.23
-1.8,-47.13,0.27,0.27,0.42,0.24
-2.17,-46.76,0.28,0.27,0.42,0.24
-1.99,-45.46,0.28,0.28,0.42,0.25
-1.85,-44.92,0.28,0.28,0.42,0.25
-1.85,-44.27,0.29,0.28,0.42,0.25
-1.88,-44.06,0.29,0.28,0.42,0.25
-1.69,-43.76,0.29,0.28,0.43,0.26
-1.71,-43.69,0.29,0.29,0.43,0.26
-1.81,-42.9,0.3,0.29,0.43,0.26
-1.98,-42.19,0.3,0.29,0.43,0.26
-1.89,-41.75,0.3,0.29,0.43,0.27
-1.39,-41.38,0.3,0.29,0.43,0.27
-1.95,-40.56,0.31,0.3,0.44,0.27
-2.02,-40.21,0.31,0.3,0.44,0.27
-1.84,-40.01,0.31,0.3,0.44,0.28
-1.88,-40,0.31,0.3,0.44,0.28
-1.73,-39.27,0.31,0.3,0.44,0.28
-1.86,-38.55,0.32,0.3,0.44,0.28
-1.76,-37.94,0.32,0.31,0.44,0.29
-1.84,-37.55,0.32,0.31,0.44,0.29
-1.79,-37.38,0.32,0.31,0.44,0.29
-1.68,-36.72,0.32,0.31,0.44,0.29
-1.65,-35.93,0.33,0.31,0.44,0.3
-1.74,-35.6,0.33,0.32,0.44,0.3
-1.61,-34.98,0.33,0.32,0.44,0.3
-1.83,-34.58,0.33,0.32,0.44,0.3
-1.67,-34.16,0.33,0.32,0.44,0.3
-1.58,-33.59,0.34,0.32,0.44,0.31
-1.69,-33.15,0.34,0.32,0.44,0.31
-1.58,-32.39,0.34,0.33,0.44,0.31
-1.53,-32.16,0.34,0.33,0.44,0.31
-1.41,-31.8,0.34,0.33,0.44,0.31
-1.64,-31.32,0.34,0.33,0.44,0.32
-1.57,-30.92,0.35,0.33,0.44,0.32
-1.47,-30.07,0.35,0.33,0.44,0.32
-1.43,-29.42,0.35,0.34,0.44,0.32
-1.56,-29.07,0.35,0.34,0.43,0.33
-1.65,-28.44,0.35,0.34,0.43,0.33
-1.55,-28.03,0.36,0.34,0.43,0.33
-1.54,-27.27,0.36,0.34,0.43,0.34
-1.42,-26.87,0.36,0.34,0.43,0.34
-1.42,-26.59,0.36,0.34,0.43,0.34
-1.45,-26.31,0.36,0.34,0.43,0.34
-1.52,-26.02,0.36,0.34,0.43,0.34
-1.29,-25.72,0.36,0.35,0.42,0.34
-1.55,-25.64,0.36,0.35,0.42,0.34
-1.29,-25.33,0.36,0.35,0.42,0.34
-1.32,-25.22,0.36,0.35,0.42,0.34
-1.53,-24.64,0.36,0.35,0.42,0.35
-1.42,-24.54,0.36,0.35,0.42,0.35
-1.34,-24.2,0.37,0.35,0.42,0.35
-1.45,-23.91,0.37,0.35,0.42,0.35
-1.48,-23.34,0.37,0.35,0.42,0.35
-1.36,-23.21,0.37,0.35,0.42,0.35
-1.21,-22.78,0.37,0.35,0.42,0.35
-1.4,-22.45,0.37,0.35,0.42,0.36
-1.45,-22.3,0.37,0.35,0.42,0.36
-1.39,-21.99,0.37,0.35,0.42,0.36
-1.32,-21.64,0.37,0.36,0.42,0.36
-1.25,-21.35,0.37,0.36,0.42,0.36
-1.28,-21.05,0.37,0.36,0.42,0.36
-1.29,-20.71,0.37,0.36,0.42,0.36
-1.14,-20.48,0.37,0.36,0.42,0.37
-1.29,-20.14,0.37,0.36,0.42,0.37
-1.2,-19.56,0.37,0.36,0.42,0.37
-1.04,-19.27,0.38,0.36,0.42,0.37
-1.08,-18.89,0.38,0.36,0.42,0.37
-1.3,-18.52,0.38,0.36,0.42,0.37
-1.2,-18.16,0.38,0.36,0.42,0.37
-1,-17.87,0.38,0.36,0.42,0.37
-1.15,-17.53,0.38,0.36,0.42,0.37
-1.13,-17.07,0.38,0.36,0.42,0.37
-1.08,-16.82,0.38,0.36,0.42,0.37
-1.03,-16.03,0.38,0.36,0.42,0.38
-1.04,-15.53,0.38,0.36,0.42,0.38
-1.05,-14.93,0.38,0.37,0.42,0.38
-1.08,-14.76,0.38,0.37,0.42,0.38
-0.95,-14.55,0.38,0.37,0.42,0.38
-0.86,-14.18,0.38,0.37,0.42,0.38
-0.87,-13.63,0.38,0.37,0.42,0.38
-1.14,-13.37,0.38,0.37,0.42,0.38
-0.97,-12.9,0.38,0.37,0.42,0.38
-0.96,-12.61,0.38,0.37,0.42,0.38
-0.99,-12.56,0.38,0.37,0.42,0.38
-1.18,-11.94,0.38,0.37,0.41,0.38
-0.94,-11.66,0.38,0.37,0.42,0.38
-0.77,-11.47,0.38,0.37,0.42,0.38
-0.96,-11.29,0.38,0.37,0.41,0.38
-0.87,-10.66,0.38,0.37,0.41,0.39
-0.99,-9.86,0.38,0.37,0.41,0.39
-0.88,-9.75,0.38,0.37,0.41,0.39
-0.86,-9.35,0.38,0.37,0.41,0.39
-0.74,-9.01,0.38,0.37,0.41,0.39
-1.07,-8.78,0.38,0.37,0.41,0.39
-1.29,-8.3,0.39,0.37,0.41,0.39
-0.93,-8.25,0.39,0.37,0.41,0.39
-0.68,-7.86,0.39,0.37,0.41,0.39
-0.68,-7.74,0.39,0.37,0.41,0.39
-0.67,-7.43,0.39,0.37,0.41,0.39
-0.68,-7.31,0.39,0.37,0.41,0.39
-0.95,-7.17,0.39,0.37,0.41,0.39
-0.79,-6.96,0.39,0.37,0.41,0.39
-0.86,-6.87,0.39,0.37,0.41,0.39
-0.8,-6.47,0.39,0.37,0.41,0.39
-0.83,-6.28,0.39,0.37,0.41,0.39
-0.74,-5.74,0.39,0.37,0.41,0.39
-0.69,-5.55,0.39,0.37,0.41,0.39
-0.75,-5.08,0.39,0.37,0.41,0.39
-0.67,-4.64,0.39,0.37,0.41,0.39
-0.64,-4.2,0.39,0.37,0.41,0.39
-0.63,-3.81,0.39,0.37,0.41,0.4
-0.76,-3.16,0.39,0.37,0.41,0.4
-0.6,-2.6,0.39,0.37,0.41,0.4
-0.62,-2.41,0.39,0.37,0.41,0.4
-0.59,-1.54,0.39,0.37,0.41,0.4
-0.51,-1.02,0.39,0.37,0.41,0.4
-0.57,-0.24,0.39,0.37,0.41,0.4
-0.53,0.47,0.39,0.37,0.4,0.4
-0.28,1.36,0.39,0.37,0.4,0.4
-0.36,1.93,0.39,0.37,0.4,0.4
-0.56,2.52,0.39,0.37,0.4,0.4
-0.36,2.92,0.39,0.37,0.4,0.4
-0.18,3.51,0.39,0.37,0.4,0.4
-0.19,4.19,0.39,0.37,0.4,0.4
-0.28,5.03,0.39,0.37,0.4,0.4
-0.42,5.35,0.39,0.37,0.4,0.4
-0.38,5.87,0.38,0.37,0.39,0.4
-0.54,6.22,0.38,0.37,0.39,0.4
-0.5,6.97,0.38,0.37,0.39,0.4
-0.38,7.32,0.38,0.37,0.39,0.4
-0.43,7.48,0.38,0.37,0.39,0.4
-0.25,8.09,0.38,0.37,0.39,0.4
-0.18,8.46,0.38,0.37,0.39,0.4
-0.29,9.04,0.38,0.37,0.39,0.4
-0.08,9.63,0.38,0.37,0.39,0.4
-0.16,10.21,0.38,0.37,0.38,0.4
-0.21,10.79,0.38,0.37,0.38,0.4
-0.26,11.35,0.38,0.37,0.38,0.4
-0.15,11.76,0.38,0.37,0.38,0.4
-0.15,12.23,0.38,0.37,0.38,0.4
-0.17,12.78,0.38,0.37,0.38,0.4
-0.15,13.13,0.38,0.37,0.38,0.4
-0.15,13.63,0.37,0.37,0.38,0.4
-0.21,14.06,0.37,0.36,0.37,0.4
-0.04,14.71,0.37,0.36,0.37,0.4
-0.06,15.01,0.37,0.36,0.37,0.4
-0.12,15.53,0.37,0.36,0.37,0.4
-0.13,15.89,0.37,0.36,0.37,0.4
-0.08,16.35,0.37,0.36,0.37,0.4
-0.09,16.72,0.37,0.36,0.37,0.4
-0.05,17.32,0.37,0.36,0.37,0.4
-0.02,17.83,0.37,0.36,0.36,0.4
-0.1,18.4,0.37,0.36,0.36,0.4
0.01,18.42,0.37,0.36,0.36,0.4
0.06,18.82,0.37,0.36,0.36,0.4
-0.03,19.22,0.37,0.36,0.36,0.4
0.01,19.73,0.37,0.36,0.36,0.4
0.13,20.19,0.36,0.36,0.35,0.4
0.04,20.56,0.36,0.35,0.35,0.4
0.13,21.07,0.36,0.35,0.35,0.4
0.17,21.54,0.36,0.35,0.35,0.4
0.18,21.97,0.36,0.35,0.35,0.4
0.12,22.56,0.36,0.35,0.35,0.4
0.06,22.98,0.36,0.35,0.34,0.4
0.11,23.65,0.36,0.35,0.34,0.4
0.23,24.14,0.36,0.35,0.34,0.4
0.24,24.66,0.35,0.35,0.34,0.4
0.18,25.18,0.35,0.34,0.33,0.4
0.14,25.71,0.35,0.34,0.33,0.4
0.13,26.17,0.35,0.34,0.33,0.4
0.09,26.69,0.35,0.34,0.33,0.4
0.28,27.14,0.35,0.34,0.32,0.4
0.33,27.59,0.35,0.34,0.32,0.4
0.19,28.09,0.35,0.34,0.32,0.4
0.33,28.63,0.34,0.33,0.32,0.4
0.2,29.06,0.34,0.33,0.32,0.4
0.15,29.62,0.34,0.33,0.31,0.4
0.28,30.07,0.34,0.33,0.31,0.4
0.33,30.64,0.34,0.33,0.31,0.39
0.32,31.23,0.34,0.32,0.31,0.39
0.32,31.71,0.33,0.32,0.3,0.39
0.33,32.21,0.33,0.32,0.3,0.39
0.29,32.83,0.33,0.32,0.3,0.39
0.24,33.29,0.33,0.32,0.3,0.39
0.3,33.74,0.33,0.31,0.29,0.39
0.36,34.2,0.32,0.31,0.29,0.39
0.35,34.87,0.32,0.31,0.29,0.39
0.38,35.12,0.32,0.31,0.29,0.39
0.2,35.68,0.32,0.31,0.28,0.39
0.19,35.99,0.32,0.31,0.28,0.39
0.38,36.58,0.32,0.3,0.28,0.39
0.42,37.09,0.31,0.3,0.27,0.39
0.43,37.62,0.31,0.3,0.27,0.39
0.41,38.37,0.31,0.29,0.27,0.39
0.44,38.61,0.31,0.29,0.26,0.39
0.42,39.36,0.3,0.29,0.26,0.39
0.39,39.89,0.3,0.29,0.25,0.38
0.54,40.36,0.3,0.28,0.25,0.38
0.58,40.86,0.3,0.28,0.25,0.38
0.39,41.47,0.29,0.28,0.24,0.38
0.49,42.09,0.29,0.28,0.24,0.38
0.71,42.75,0.29,0.27,0.23,0.38
0.6,43.18,0.29,0.27,0.23,0.38
0.42,43.59,0.29,0.27,0.23,0.38
0.55,44.18,0.28,0.27,0.22,0.38
0.67,44.55,0.28,0.26,0.22,0.38
0.74,44.75,0.28,0.26,0.22,0.38
0.61,45.52,0.28,0.26,0.21,0.38
0.55,45.94,0.28,0.26,0.21,0.38
0.69,46.4,0.28,0.25,0.2,0.37
0.68,46.99,0.27,0.25,0.2,0.37
0.72,47.43,0.27,0.25,0.19,0.37
0.73,47.85,0.27,0.24,0.19,0.37
0.73,48.83,0.27,0.24,0.19,0.37
0.66,49.12,0.26,0.24,0.18,0.37
0.58,49.68,0.26,0.24,0.17,0.37
0.71,50.04,0.26,0.23,0.17,0.36
0.71,50.99,0.25,0.23,0.16,0.36
0.76,51.67,0.25,0.23,0.16,0.36
0.81,51.76,0.25,0.22,0.15,0.36
0.71,52.53,0.25,0.22,0.15,0.36
0.72,53.29,0.24,0.22,0.14,0.35
0.81,53.84,0.24,0.21,0.13,0.35
0.64,54.87,0.24,0.21,0.13,0.35
0.76,55.75,0.23,0.2,0.12,0.34
0.65,56.11,0.23,0.2,0.12,0.34
0.69,56.44,0.22,0.2,0.11,0.34
0.71,57.14,0.22,0.19,0.1,0.34
0.86,58.1,0.21,0.19,0.09,0.33
0.93,58.74,0.21,0.18,0.09,0.33
0.76,60.06,0.2,0.18,0.08,0.33
0.65,60.39,0.2,0.17,0.07,0.32
0.82,61.22,0.19,0.17,0.07,0.32
0.95,61.93,0.19,0.17,0.06,0.32
0.95,62.31,0.18,0.16,0.06,0.31
0.85,63.58,0.18,0.16,0.05,0.31
0.87,64.12,0.17,0.15,0.05,0.31
0.92,63.94,0.17,0.15,0.05,0.3
1.02,65.03,0.16,0.15,0.04,0.3
0.9,65.72,0.16,0.14,0.04,0.3
0.87,66.62,0.15,0.14,0.03,0.29
0.89,66.86,0.15,0.13,0.03,0.29
0.89,68.53,0.14,0.13,0.03,0.29
0.73,68.37,0.14,0.13,0.03,0.28
1.04,68.69,0.13,0.12,0.02,0.28
0.99,69.63,0.13,0.12,0.02,0.28
0.91,70.36,0.12,0.12,0.02,0.27
0.82,70.26,0.12,0.12,0.02,0.27
0.81,70.6,0.12,0.11,0.02,0.27
0.97,71.97,0.12,0.11,0.02,0.27
0.87,71.4,0.12,0.11,0.02,0.27
1.06,71.08,0.11,0.11,0.02,0.26
0.98,70.91,0.11,0.11,0.02,0.26
0.85,71.88,0.11,0.11,0.02,0.26
0.89,71.55,0.11,0.11,0.02,0.26
0.93,72.17,0.11,0.11,0.02,0.26
0.97,71.83,0.11,0.11,0.02,0.26
0.91,71.63,0.11,0.11,0.02,0.26
0.82,71.03,0.11,0.11,0.02,0.26
0.91,70.93,0.12,0.11,0.02,0.27
0.73,70.99,0.12,0.11,0.02,0.27
0.82,70.7,0.12,0.12,0.02,0.27
1,70.75,0.13,0.12,0.02,0.28
0.97,69.59,0.13,0.12,0.02,0.28
0.86,69.45,0.14,0.13,0.03,0.28
0.86,68.86,0.14,0.13,0.03,0.29
0.76,67.67,0.15,0.13,0.03,0.29
0.82,67.43,0.15,0.14,0.03,0.29
0.81,66.91,0.15,0.14,0.04,0.29
0.73,66.31,0.16,0.15,0.04,0.3
0.82,65.42,0.17,0.15,0.05,0.3
0.78,64.78,0.17,0.15,0.05,0.31
0.77,64.19,0.18,0.16,0.05,0.31
0.79,63.66,0.18,0.16,0.06,0.31
0.63,62.81,0.19,0.17,0.06,0.32
0.69,61.54,0.19,0.17,0.07,0.32
0.93,61.25,0.2,0.17,0.08,0.32
0.89,60.9,0.2,0.18,0.08,0.33
0.75,59.75,0.21,0.18,0.09,0.33
0.64,58.78,0.21,0.19,0.1,0.33
0.58,58.17,0.22,0.19,0.1,0.34
0.58,57.23,0.22,0.2,0.11,0.34
0.6,56.85,0.23,0.2,0.12,0.34
0.57,55.85,0.23,0.21,0.12,0.35
0.58,55.28,0.23,0.21,0.13,0.35
0.53,54.64,0.24,0.21,0.13,0.35
0.65,53.74,0.24,0.21,0.14,0.35
0.76,53.44,0.25,0.22,0.15,0.35
0.63,52.75,0.25,0.22,0.15,0.36
0.55,52.27,0.25,0.23,0.16,0.36
0.74,51.5,0.25,0.23,0.16,0.36
0.7,50.76,0.26,0.23,0.17,0.36
0.64,49.95,0.26,0.23,0.18,0.36
0.64,49.71,0.26,0.24,0.18,0.37
0.48,48.61,0.27,0.24,0.19,0.37
0.54,48.33,0.27,0.25,0.19,0.37
0.65,47.42,0.27,0.25,0.2,0.37
0.59,47.19,0.27,0.25,0.2,0.37
0.71,46.79,0.28,0.25,0.21,0.37
0.58,46.14,0.28,0.26,0.21,0.38
0.42,45.56,0.28,0.26,0.21,0.38
0.28,45.24,0.28,0.26,0.22,0.38
0.39,44.44,0.28,0.27,0.22,0.38
0.58,44.07,0.29,0.27,0.23,0.38
0.6,43.42,0.29,0.27,0.23,0.38
0.57,43.03,0.29,0.27,0.23,0.38
0.4,42.51,0.29,0.28,0.24,0.38
0.52,41.7,0.3,0.28,0.24,0.38
0.48,41.38,0.3,0.28,0.25,0.39
0.46,40.32,0.3,0.28,0.25,0.39
0.39,39.72,0.3,0.29,0.26,0.39
0.44,39.13,0.31,0.29,0.26,0.39
0.36,37.76,0.31,0.3,0.27,0.39
0.39,37.25,0.31,0.3,0.28,0.39
0.14,36.1,0.32,0.31,0.28,0.39
0.19,35.29,0.32,0.31,0.29,0.39
0.45,34.92,0.32,0.31,0.29,0.39
0.33,33.84,0.33,0.32,0.29,0.39
0.21,33.38,0.33,0.32,0.3,0.39
0.36,33.02,0.33,0.32,0.3,0.39
0.39,32.62,0.33,0.32,0.3,0.39
0.25,32.25,0.33,0.32,0.3,0.39
0.15,31.6,0.33,0.32,0.31,0.39
0.16,31.6,0.33,0.32,0.31,0.39
0.28,31.02,0.33,0.33,0.31,0.39
0.22,30.36,0.34,0.33,0.31,0.4
0.18,29.99,0.34,0.33,0.32,0.4
0.35,29.12,0.34,0.33,0.32,0.4
0.04,28.45,0.34,0.33,0.32,0.4
0.08,28.21,0.35,0.34,0.33,0.4
0.16,27.28,0.35,0.34,0.33,0.4
0.15,27.03,0.35,0.34,0.33,0.4
0.05,26.47,0.35,0.34,0.33,0.4
0.06,25.99,0.35,0.34,0.34,0.4
-0.07,25.49,0.35,0.34,0.34,0.4
0.15,24.53,0.35,0.35,0.34,0.4
-0.04,23.95,0.36,0.35,0.35,0.4
0.3,22.97,0.36,0.35,0.35,0.4
0.2,22.33,0.36,0.35,0.35,0.4
0.1,21.73,0.36,0.35,0.35,0.4
-0.09,20.86,0.36,0.35,0.36,0.4
-0.11,19.95,0.36,0.36,0.36,0.4
-0.03,19.38,0.36,0.36,0.36,0.4
-0.08,18.51,0.37,0.36,0.37,0.4
0.02,17.85,0.37,0.36,0.37,0.4
-0.16,17.02,0.37,0.36,0.37,0.4
-0.19,16.56,0.37,0.36,0.37,0.4
-0.3,16.34,0.37,0.36,0.37,0.4
-0.2,15.52,0.37,0.36,0.38,0.4
-0.09,14.97,0.37,0.36,0.38,0.4
-0.14,14.48,0.38,0.36,0.38,0.4
-0.22,13.59,0.38,0.36,0.38,0.4
-0.27,12.78,0.38,0.37,0.38,0.4
-0.29,11.84,0.38,0.37,0.38,0.4
-0.44,11.31,0.38,0.37,0.39,0.4
-0.32,10.73,0.38,0.37,0.39,0.4
-0.21,9.97,0.38,0.37,0.39,0.4
-0.26,9.27,0.38,0.37,0.39,0.4
-0.22,8.81,0.38,0.37,0.39,0.4
-0.25,8.1,0.38,0.37,0.39,0.4
-0.34,7.7,0.38,0.37,0.39,0.4
-0.5,7.44,0.38,0.37,0.39,0.4
-0.4,6.76,0.38,0.37,0.4,0.4
-0.3,6.02,0.38,0.37,0.4,0.4
-0.54,5.22,0.38,0.37,0.4,0.4
-0.28,4.4,0.38,0.37,0.4,0.4
-0.25,3.69,0.38,0.37,0.4,0.4
-0.56,3.11,0.39,0.37,0.4,0.4
-0.45,2.28,0.39,0.37,0.4,0.4
-0.46,1.55,0.39,0.37,0.4,0.4
-0.42,0.76,0.39,0.37,0.4,0.4
-0.69,-0.3,0.39,0.37,0.41,0.4
-0.56,-0.85,0.39,0.37,0.41,0.4
-0.62,-1.46,0.39,0.37,0.41,0.4
-0.9,-1.98,0.39,0.37,0.41,0.39
-0.88,-2.48,0.39,0.37,0.41,0.39
-0.65,-2.92,0.39,0.37,0.41,0.39
-0.7,-3.2,0.39,0.37,0.41,0.39
-0.71,-3.9,0.39,0.37,0.41,0.39
-0.68,-4.29,0.39,0.37,0.41,0.39
-0.73,-4.98,0.39,0.37,0.41,0.39
-0.9,-5.51,0.39,0.37,0.41,0.39
-0.8,-6.09,0.39,0.37,0.41,0.39
-0.87,-6.19,0.39,0.37,0.41,0.39
-0.69,-6.45,0.39,0.37,0.41,0.39
-0.8,-7.07,0.39,0.37,0.41,0.39
-0.67,-7.65,0.39,0.37,0.41,0.39
-0.77,-8.18,0.38,0.37,0.41,0.38
-0.65,-8.86,0.38,0.37,0.41,0.38
-0.82,-9.79,0.38,0.37,0.41,0.38
-0.84,-10.44,0.38,0.37,0.42,0.38
-1,-11.31,0.38,0.37,0.42,0.38
-1.02,-11.87,0.38,0.37,0.42,0.38
-1.08,-12.41,0.38,0.37,0.42,0.38
-0.86,-12.67,0.38,0.37,0.42,0.38
-0.97,-13.14,0.38,0.37,0.42,0.38
-0.82,-13.56,0.38,0.37,0.42,0.38
-0.92,-14.38,0.38,0.37,0.42,0.38
-1.09,-14.83,0.38,0.36,0.42,0.37
-1.06,-15.95,0.38,0.36,0.42,0.37
-1.13,-16.47,0.38,0.36,0.42,0.37
-1.2,-17.5,0.38,0.36,0.42,0.37
-1.13,-18.27,0.37,0.36,0.43,0.37
-1.39,-19,0.37,0.36,0.42,0.36
-1.45,-19.72,0.37,0.36,0.43,0.36
-1.29,-20.62,0.37,0.36,0.43,0.36
-1.25,-21.17,0.37,0.35,0.43,0.36
-1.18,-21.7,0.37,0.35,0.43,0.36
-1.32,-22.51,0.37,0.35,0.43,0.35
-1.45,-23.33,0.37,0.35,0.43,0.35
-1.46,-23.89,0.36,0.35,0.44,0.35
-1.24,-24.57,0.36,0.35,0.44,0.34
-1.3,-25.13,0.36,0.35,0.44,0.34
-1.39,-25.68,0.36,0.35,0.44,0.34
-1.24,-26.25,0.36,0.34,0.44,0.34
-1.47,-26.7,0.36,0.34,0.44,0.33
-1.5,-27.09,0.36,0.34,0.44,0.33
-1.36,-27.69,0.36,0.34,0.44,0.33
-1.29,-28.09,0.35,0.34,0.44,0.33
-1.6,-28.82,0.35,0.34,0.44,0.32
-1.47,-29.42,0.35,0.34,0.44,0.32
-1.53,-29.89,0.35,0.33,0.44,0.32
-1.61,-30.57,0.35,0.33,0.44,0.32
-1.56,-31.06,0.35,0.33,0.44,0.32
-1.61,-31.62,0.34,0.33,0.44,0.31
-1.59,-31.97,0.34,0.33,0.44,0.31
-1.58,-32.77,0.34,0.33,0.44,0.31
-1.69,-33.28,0.34,0.32,0.44,0.3
-1.66,-33.8,0.33,0.32,0.44,0.3
-1.68,-34.53,0.33,0.32,0.44,0.3
-1.6,-35.07,0.33,0.32,0.44,0.3
-1.61,-35.57,0.33,0.32,0.44,0.3
-1.6,-36.25,0.32,0.31,0.44,0.29
-1.66,-36.72,0.32,0.31,0.44,0.29
-1.65,-37.26,0.32,0.31,0.44,0.29
-1.52,-37.68,0.32,0.31,0.43,0.29
-1.58,-38.23,0.32,0.31,0.43,0.29
-1.77,-38.61,0.31,0.3,0.43,0.28
-1.82,-38.88,0.31,0.3,0.43,0.28
-1.7,-39.47,0.31,0.3,0.43,0.28
-1.87,-39.88,0.31,0.3,0.43,0.28
-1.78,-40.68,0.3,0.3,0.43,0.27
-1.88,-40.89,0.3,0.29,0.43,0.27
-1.89,-41.38,0.3,0.29,0.43,0.27
-1.78,-41.56,0.3,0.29,0.43,0.27
-2,-42.03,0.3,0.29,0.43,0.26
-1.84,-42.53,0.29,0.29,0.43,0.26
-1.75,-42.63,0.29,0.29,0.43,0.26
-1.75,-42.87,0.29,0.29,0.43,0.26
-1.8,-43.28,0.29,0.29,0.43,0.26
-2.04,-43.75,0.29,0.28,0.43,0.26
-1.77,-43.81,0.29,0.28,0.43,0.25
-1.87,-44.12,0.29,0.28,0.43,0.25
-1.96,-44.29,0.28,0.28,0.43,0.25
-1.99,-44.5,0.28,0.28,0.43,0.25
-2.02,-44.74,0.28,0.28,0.43,0.25
-1.34,-44.61,0.28,0.28,0.43,0.25
-1.81,-44.25,0.29,0.28,0.43,0.25
-1.81,-44.5,0.29,0.28,0.43,0.25
-1.73,-44.42,0.29,0.28,0.43,0.25
-1.62,-44.21,0.29,0.28,0.43,0.25
-1.93,-44.15,0.29,0.28,0.43,0.25
-1.84,-44.22,0.29,0.28,0.43,0.25
-1.79,-44.18,0.29,0.28,0.43,0.25
-1.7,-44.27,0.29,0.28,0.43,0.25
-1.73,-44.33,0.29,0.28,0.43,0.25
-1.55,-44.08,0.29,0.28,0.43,0.25
-1.81,-44.25,0.29,0.28,0.43,0.25
-1.99,-44.2,0.29,0.28,0.43,0.25
-1.98,-44.21,0.29,0.28,0.43,0.25
-1.93,-44.15,0.29,0.28,0.43,0.25
-1.72,-44.1,0.29,0.28,0.43,0.25
-1.62,-44.11,0.29,0.28,0.43,0.25
-1.71,-44.18,0.29,0.28,0.43,0.25
-1.37,-44.6,0.29,0.28,0.43,0.25
-2.07,-44.7,0.28,0.28,0.43,0.25
-1.87,-44.91,0.28,0.28,0.43,0.25
-1.93,-45.41,0.28,0.28,0.43,0.24
-1.7,-45.97,0.28,0.27,0.43,0.24
-2.03,-47.06,0.27,0.27,0.43,0.23
-2.04,-46.99,0.27,0.27,0.42,0.23
-2.08,-48.05,0.26,0.27,0.42,0.22
-1.94,-48.48,0.26,0.26,0.42,0.22
-1.93,-48.91,0.26,0.26,0.42,0.22
-2,-49.72,0.26,0.26,0.42,0.21
-2.05,-50.39,0.25,0.26,0.42,0.21
-1.99,-50.75,0.25,0.26,0.42,0.2
-2.04,-50.59,0.25,0.25,0.41,0.2
-2.09,-51.51,0.25,0.25,0.41,0.2
-2.04,-51.61,0.25,0.25,0.41,0.19
-2.44,-52.15,0.24,0.25,0.41,0.19
-2.03,-53.1,0.24,0.25,0.41,0.19
-2.04,-53.62,0.24,0.24,0.4,0.18
-2.1,-53.81,0.23,0.24,0.4,0.18
-2.04,-54.42,0.23,0.24,0.39,0.17
-2.1,-54.98,0.23,0.24,0.39,0.17
-1.99,-55.14,0.23,0.23,0.39,0.16
-2.13,-55.79,0.22,0.23,0.38,0.16
-2.18,-56.43,0.22,0.23,0.38,0.15
-2.04,-56.9,0.22,0.23,0.38,0.15
-2.38,-57.27,0.22,0.22,0.37,0.15
-2.37,-57.78,0.21,0.22,0.37,0.14
-2.21,-58.31,0.21,0.22,0.37,0.14
-2.29,-58.79,0.21,0.22,0.37,0.13
-2.25,-58.73,0.21,0.22,0.36,0.13
-2.15,-59.31,0.2,0.21,0.36,0.13
-2.13,-59.51,0.2,0.21,0.36,0.13
-2.17,-59.97,0.2,0.21,0.36,0.12
-2.34,-60.35,0.2,0.21,0.36,0.12
-2.26,-60.58,0.2,0.21,0.35,0.11
-2.13,-60.88,0.19,0.2,0.35,0.11
-2.26,-61.44,0.19,0.2,0.35,0.11
-2.32,-61.91,0.19,0.2,0.34,0.1
-2.15,-62.6,0.19,0.2,0.34,0.1
-2.37,-62.81,0.18,0.19,0.34,0.1
-2.27,-63.25,0.18,0.19,0.34,0.09
-2.26,-63.51,0.18,0.19,0.33,0.09
-2.25,-63.98,0.18,0.19,0.33,0.09
-2.38,-64.15,0.18,0.19,0.33,0.08
-2.17,-64.41,0.17,0.18,0.33,0.08
-2.23,-64.73,0.17,0.18,0.33,0.08
-2.31,-65.13,0.17,0.18,0.33,0.07
-2.36,-65.24,0.17,0.18,0.32,0.07
-2.42,-65.89,0.17,0.18,0.32,0.07
-2.29,-65.91,0.16,0.17,0.32,0.07
-2.38,-66.3,0.16,0.17,0.32,0.06
-2.28,-66.62,0.16,0.17,0.32,0.06
-2.46,-67.09,0.16,0.17,0.32,0.06
-2.3,-67.38,0.16,0.16,0.32,0.06
-2.34,-67.76,0.15,0.16,0.31,0.05
-2.4,-67.96,0.15,0.16,0.31,0.05
-2.21,-68.47,0.15,0.16,0.31,0.05
-2.26,-68.27,0.15,0.15,0.31,0.05
-2.27,-68.76,0.15,0.15,0.31,0.05
-2.56,-69.34,0.15,0.15,0.31,0.04
-2.09,-69.23,0.14,0.15,0.3,0.04
-2.31,-69.8,0.14,0.15,0.3,0.04
-2.41,-70.19,0.14,0.14,0.3,0.04
-2.33,-70.02,0.14,0.14,0.3,0.04
-2.28,-70.15,0.14,0.15,0.3,0.04
-2.28,-70.01,0.14,0.15,0.3,0.04
-2.24,-69.65,0.14,0.15,0.31,0.04
-2.28,-69.46,0.15,0.15,0.31,0.05
-2.37,-68.9,0.15,0.16,0.31,0.05
-2.48,-68.1,0.15,0.16,0.31,0.05
-2.28,-67.53,0.16,0.17,0.32,0.06
-2.16,-66.5,0.16,0.17,0.32,0.06
-2.09,-66.19,0.17,0.17,0.32,0.07
-2.13,-65.6,0.17,0.18,0.33,0.08
-2.12,-64.63,0.18,0.19,0.33,0.08
-2.21,-64.04,0.18,0.19,0.33,0.09
-2.16,-63.12,0.18,0.19,0.34,0.09
-2.26,-62.65,0.19,0.2,0.34,0.1
-2.37,-61.97,0.19,0.2,0.35,0.11
-2.21,-61.01,0.2,0.21,0.35,0.11
-2.15,-60.65,0.2,0.21,0.36,0.12
-2.32,-59.5,0.2,0.21,0.36,0.13
-1.98,-58.69,0.21,0.22,0.37,0.14
-1.93,-58.04,0.21,0.22,0.37,0.14
-2.05,-57.24,0.22,0.23,0.38,0.15
-2.08,-56.58,0.22,0.23,0.38,0.16
-1.99,-55.67,0.23,0.24,0.39,0.17
-2,-54.69,0.23,0.24,0.4,0.17
-2.02,-53.82,0.24,0.24,0.4,0.18
-1.86,-52.88,0.24,0.25,0.41,0.19
-2.01,-52.37,0.25,0.25,0.41,0.2
-2.01,-51.39,0.25,0.26,0.42,0.2
-1.99,-50.57,0.25,0.26,0.42,0.21
-1.95,-49.89,0.26,0.26,0.42,0.21
-1.99,-49.47,0.26,0.26,0.42,0.22
-1.89,-48.82,0.26,0.26,0.42,0.22
-1.85,-48.11,0.27,0.27,0.42,0.23
-1.99,-47.63,0.27,0.27,0.43,0.23
-1.84,-46.81,0.27,0.27,0.43,0.24
-1.98,-46.28,0.28,0.27,0.43,0.24
-1.89,-45.33,0.28,0.28,0.43,0.25
-1.83,-44.69,0.28,0.28,0.43,0.25
-1.79,-44.21,0.29,0.28,0.43,0.25
-1.71,-43.33,0.29,0.28,0.43,0.26
-1.67,-42.93,0.29,0.29,0.43,0.26
-1.7,-42.38,0.3,0.29,0.43,0.27
-1.65,-41.61,0.3,0.29,0.43,0.27
-1.75,-41.35,0.3,0.29,0.43,0.27
-1.76,-40.74,0.31,0.3,0.43,0.27
-1.79,-39.77,0.31,0.3,0.44,0.28
-1.68,-39.34,0.31,0.3,0.44,0.28
-1.77,-38.44,0.32,0.3,0.44,0.28
-1.5,-37.96,0.32,0.31,0.44,0.29
-1.75,-37.55,0.32,0.31,0.44,0.29
-1.77,-37.03,0.32,0.31,0.44,0.29
-1.29,-36.44,0.32,0.31,0.44,0.29
-1.47,-36.09,0.32,0.31,0.44,0.3
-1.43,-35.7,0.33,0.32,0.44,0.3
-1.61,-35.16,0.33,0.32,0.44,0.3
-1.74,-34.89,0.33,0.32,0.44,0.3
-1.72,-34.16,0.33,0.32,0.44,0.31
-1.45,-33.53,0.34,0.32,0.44,0.31
-1.67,-32.96,0.34,0.33,0.44,0.31
-1.34,-32.33,0.34,0.33,0.44,0.31
-1.4,-31.95,0.34,0.33,0.44,0.31
-1.52,-31.53,0.34,0.33,0.44,0.32
-1.5,-30.88,0.35,0.33,0.44,0.32
-1.36,-30.51,0.35,0.33,0.44,0.32
-1.45,-29.75,0.35,0.33,0.44,0.32
-1.47,-29.38,0.35,0.34,0.44,0.33
-1.46,-28.78,0.35,0.34,0.44,0.33
-1.56,-28.36,0.35,0.34,0.44,0.33
-1.17,-27.82,0.36,0.34,0.43,0.34
-1.18,-27.33,0.36,0.34,0.43,0.34
-1.45,-26.76,0.36,0.34,0.43,0.34
-1.54,-26.37,0.36,0.35,0.42,0.34
-1.44,-26.07,0.36,0.35,0.42,0.34
-1.46,-25.84,0.36,0.35,0.42,0.34
-1.41,-25.65,0.36,0.35,0.42,0.35
-1.31,-25.07,0.36,0.35,0.42,0.35
-1.77,-24.49,0.36,0.35,0.42,0.35
-1,-23.86,0.37,0.35,0.42,0.35
-1.31,-23.31,0.37,0.35,0.42,0.36
-1.58,-22.53,0.37,0.35,0.42,0.36
-0,-22.62,0.37,0.36,0.42,0.36
-1.4,-21.09,0.37,0.36,0.42,0.36
-1.35,-21.26,0.37,0.36,0.42,0.36
-1.32,-20.97,0.37,0.36,0.42,0.36
-1.18,-20.58,0.37,0.36,0.42,0.37
-1.2,-20.27,0.37,0.36,0.42,0.37
-1.32,-19.27,0.37,0.36,0.42,0.37
-1.23,-19.25,0.37,0.36,0.42,0.37
-1.34,-18.61,0.38,0.36,0.42,0.37
-1.15,-18.51,0.38,0.36,0.42,0.37
-1.22,-17.98,0.38,0.36,0.42,0.37
-1.32,-17.62,0.38,0.36,0.42,0.37
-1.26,-17.41,0.38,0.36,0.42,0.37
-1.15,-16.93,0.38,0.36,0.42,0.37
-1.11,-16.8,0.38,0.36,0.42,0.37
-1.02,-16.38,0.38,0.36,0.42,0.38
-1.18,-16.14,0.38,0.36,0.42,0.38
-1.28,-15.77,0.38,0.36,0.42,0.38
-1.01,-15.43,0.38,0.37,0.42,0.38
-1.19,-14.97,0.38,0.37,0.42,0.38
-1.03,-14.29,0.38,0.37,0.42,0.38
-1.06,-13.55,0.38,0.37,0.42,0.38
-0.91,-12.94,0.38,0.37,0.42,0.38
-0.97,-12.19,0.38,0.37,0.42,0.38
-0.97,-11.63,0.38,0.37,0.42,0.38
-1.07,-11.28,0.38,0.37,0.41,0.38
-1,-10.61,0.38,0.37,0.41,0.39
-0.93,-9.93,0.38,0.37,0.41,0.39
-0.89,-9.17,0.38,0.37,0.41,0.39
-1,-8.58,0.38,0.37,0.41,0.39
-1.02,-7.64,0.39,0.37,0.41,0.39
-0.82,-7.06,0.39,0.37,0.41,0.39
-0.92,-6,0.39,0.37,0.41,0.39
-0.91,-5.62,0.39,0.37,0.41,0.39
-0.86,-4.57,0.39,0.37,0.41,0.39
-0.65,-3.77,0.39,0.37,0.41,0.4
-0.82,-2.9,0.39,0.37,0.41,0.4
-0.79,-2.51,0.39,0.37,0.41,0.4
-0.75,-2.58,0.39,0.37,0.41,0.4
-0.64,-2.02,0.39,0.37,0.41,0.4
-1,-1.05,0.39,0.37,0.41,0.4
-0.48,-1.1,0.39,0.37,0.41,0.4
-0.64,-1,0.39,0.37,0.41,0.4
-0.78,-0.65,0.39,0.37,0.41,0.4
-0.97,-0.52,0.39,0.37,0.41,0.4
-0.53,-0.79,0.39,0.37,0.41,0.4
-0.32,-0.05,0.39,0.37,0.41,0.4
-0.32,0.43,0.39,0.37,0.4,0.4
-0.32,1.41,0.39,0.37,0.4,0.4
-0.33,1.66,0.39,0.37,0.4,0.4
-0.32,2.67,0.39,0.37,0.4,0.4
-0.52,3.09,0.39,0.37,0.4,0.4
-0.45,3.26,0.39,0.37,0.4,0.4
-0.48,3.51,0.39,0.37,0.4,0.4
-0.53,3.8,0.39,0.37,0.4,0.4
-0.59,4.31,0.39,0.37,0.4,0.4
-0.53,4.93,0.39,0.37,0.4,0.4
-0.4,5.14,0.39,0.37,0.4,0.4
-0.42,5.5,0.38,0.37,0.39,0.4
-0.53,5.79,0.38,0.37,0.39,0.4
-0.45,6.91,0.38,0.37,0.39,0.4
-0.4,7.6,0.38,0.37,0.39,0.4
-0.36,7.63,0.38,0.37,0.39,0.4
