0.17,-6.27,0.38,0.44,0.38,0.23
-0.12,-6.86,0.38,0.44,0.38,0.23
-0.1,-7.33,0.38,0.44,0.38,0.23
-0.15,-7.94,0.38,0.44,0.38,0.23
-0.01,-8.49,0.38,0.44,0.39,0.23
-0.17,-8.79,0.38,0.44,0.39,0.23
0.06,-9.39,0.38,0.44,0.39,0.23
-0.03,-9.91,0.38,0.44,0.39,0.23
-0.21,-10.86,0.38,0.44,0.39,0.23
-0.18,-11.55,0.38,0.44,0.39,0.22
-0.13,-12.16,0.38,0.44,0.39,0.22
-0.14,-12.96,0.38,0.44,0.39,0.22
-0.28,-13.59,0.38,0.44,0.39,0.22
-0.31,-14.14,0.38,0.43,0.39,0.22
-0.17,-14.69,0.38,0.43,0.39,0.22
-0.26,-15.21,0.38,0.43,0.39,0.22
-0.26,-15.59,0.37,0.43,0.39,0.22
-0.33,-16.18,0.37,0.43,0.39,0.22
-0.27,-16.64,0.37,0.43,0.39,0.22
-0.37,-17.09,0.37,0.43,0.39,0.22
-0.4,-17.87,0.37,0.43,0.39,0.22
-0.35,-17.97,0.37,0.43,0.39,0.22
-0.26,-19.54,0.37,0.43,0.39,0.21
-0.3,-20.25,0.37,0.42,0.39,0.21
-0.46,-20.7,0.36,0.42,0.39,0.21
-0.22,-21.78,0.36,0.42,0.39,0.21
-0.36,-22.37,0.36,0.42,0.39,0.21
-0.68,-22.89,0.36,0.42,0.39,0.21
-0.27,-23.66,0.36,0.42,0.39,0.21
-0.45,-24.57,0.36,0.41,0.39,0.2
-0.25,-25.41,0.35,0.41,0.39,0.2
-0.72,-26.11,0.35,0.41,0.39,0.2
-0.8,-26.89,0.35,0.41,0.38,0.2
-0.5,-28,0.34,0.4,0.39,0.2
-0.66,-28.64,0.34,0.4,0.38,0.2
-0.6,-29.42,0.34,0.4,0.39,0.19
-0.42,-30.55,0.33,0.4,0.38,0.19
-0.62,-30.97,0.33,0.39,0.38,0.19
-0.69,-31.74,0.33,0.39,0.38,0.19
-0.79,-32.64,0.32,0.39,0.38,0.18
-0.86,-33.2,0.32,0.38,0.38,0.18
-0.87,-34.44,0.32,0.38,0.38,0.18
-0.66,-34.95,0.31,0.38,0.38,0.18
-1.13,-36.22,0.31,0.37,0.38,0.18
-1,-37.03,0.31,0.37,0.38,0.17
-0.74,-37.62,0.3,0.36,0.38,0.17
-0.96,-38.68,0.3,0.36,0.38,0.17
-0.94,-39.35,0.29,0.35,0.38,0.16
-0.93,-40.36,0.29,0.35,0.38,0.16
-1.08,-41.27,0.28,0.34,0.37,0.16
-1.03,-42.07,0.28,0.34,0.37,0.16
-1.18,-42.68,0.28,0.34,0.37,0.15
-1.08,-43.4,0.27,0.33,0.37,0.15
-1.15,-43.92,0.27,0.33,0.37,0.15
-1.07,-44.81,0.26,0.32,0.37,0.15
-1.12,-45.94,0.26,0.32,0.37,0.14
-1.06,-46.37,0.26,0.32,0.37,0.14
-1.18,-47.02,0.25,0.31,0.37,0.14
-1.2,-47.5,0.25,0.31,0.37,0.14
-1.19,-48.65,0.24,0.31,0.37,0.13
-1.18,-48.76,0.24,0.3,0.37,0.13
-1.19,-49.66,0.24,0.3,0.37,0.13
-1.14,-50.91,0.23,0.29,0.36,0.12
-1.24,-50.81,0.23,0.29,0.36,0.12
-1.29,-51.84,0.23,0.29,0.36,0.12
-1.39,-52.71,0.22,0.28,0.36,0.11
-1.37,-53.47,0.22,0.28,0.36,0.11
-1.34,-54.12,0.21,0.27,0.36,0.11
-1.38,-55.29,0.21,0.27,0.35,0.1
-1.22,-55.99,0.2,0.27,0.35,0.1
-1.21,-57.09,0.2,0.26,0.35,0.09
-1.42,-57.32,0.2,0.26,0.34,0.09
-1.38,-58.43,0.19,0.25,0.34,0.09
-1.25,-59.23,0.19,0.25,0.34,0.08
-1.44,-59.73,0.19,0.24,0.34,0.08
-1.57,-60.48,0.18,0.24,0.33,0.08
-1.47,-60.96,0.18,0.24,0.33,0.07
-1.4,-61.82,0.17,0.23,0.33,0.07
-1.65,-62.58,0.17,0.22,0.32,0.06
-1.46,-63.02,0.16,0.22,0.32,0.06
-1.49,-63.91,0.16,0.22,0.31,0.06
-1.42,-65.17,0.16,0.21,0.31,0.05
-1.36,-65.37,0.15,0.21,0.31,0.05
-1.45,-65.96,0.15,0.21,0.31,0.05
-1.45,-66.44,0.15,0.2,0.3,0.05
-1.51,-67.19,0.15,0.2,0.3,0.04
-1.33,-67.32,0.14,0.2,0.3,0.04
-1.6,-67.93,0.14,0.19,0.3,0.04
-1.49,-68.26,0.14,0.19,0.3,0.04
-1.59,-68.42,0.13,0.19,0.3,0.04
-1.56,-69.49,0.13,0.18,0.29,0.03
-1.66,-69.38,0.13,0.18,0.29,0.03
-1.5,-69.38,0.13,0.18,0.29,0.03
-1.66,-70.43,0.12,0.17,0.29,0.03
-1.52,-70.56,0.12,0.17,0.29,0.03
-1.61,-71.05,0.12,0.17,0.29,0.03
-1.56,-71.58,0.12,0.17,0.28,0.02
-1.47,-71.14,0.11,0.16,0.28,0.02
-1.47,-72.14,0.11,0.16,0.28,0.02
-1.5,-71.82,0.11,0.16,0.28,0.02
-1.73,-72.02,0.11,0.16,0.28,0.02
-1.67,-72.37,0.11,0.16,0.28,0.02
-1.39,-72.1,0.11,0.16,0.28,0.02
-1.71,-72.08,0.11,0.16,0.28,0.02
-1.71,-73.1,0.11,0.16,0.28,0.02
-1.45,-72.72,0.11,0.16,0.28,0.02
-1.59,-73.23,0.11,0.16,0.28,0.02
-1.36,-73.04,0.11,0.16,0.28,0.02
-1.94,-72.87,0.11,0.16,0.28,0.02
-1.5,-72.94,0.11,0.16,0.28,0.02
-2.02,-72.99,0.11,0.16,0.28,0.02
-1.37,-73.21,0.11,0.16,0.27,0.02
-1.54,-72.68,0.1,0.15,0.27,0.02
-1.7,-73.05,0.1,0.15,0.27,0.02
-1.72,-73.48,0.1,0.15,0.27,0.02
-1.49,-73.02,0.1,0.15,0.27,0.02
-1.62,-73.11,0.1,0.15,0.27,0.02
-1.51,-73.49,0.1,0.15,0.27,0.02
-1.71,-73.27,0.1,0.15,0.27,0.02
-1.61,-73.07,0.1,0.15,0.27,0.02
-1.61,-72.88,0.11,0.15,0.27,0.02
-1.72,-72.78,0.11,0.16,0.28,0.02
-1.48,-72.06,0.11,0.16,0.28,0.02
-1.7,-72.32,0.11,0.17,0.28,0.02
-1.52,-71.49,0.12,0.17,0.29,0.03
-1.72,-71.58,0.12,0.17,0.29,0.03
-1.43,-71.43,0.12,0.17,0.29,0.03
-1.72,-71.18,0.12,0.17,0.29,0.03
-1.61,-71.11,0.12,0.17,0.29,0.03
-1.51,-71.01,0.12,0.17,0.29,0.03
-1.47,-71.25,0.12,0.17,0.29,0.03
-1.66,-71.05,0.12,0.17,0.29,0.03
-1.72,-71.27,0.12,0.17,0.29,0.03
-1.64,-71,0.12,0.17,0.29,0.03
-1.53,-71.02,0.12,0.17,0.29,0.03
-1.6,-71.06,0.12,0.17,0.29,0.03
-1.66,-71.75,0.12,0.17,0.29,0.03
-1.2,-71.52,0.12,0.17,0.29,0.03
-1.5,-71.15,0.12,0.17,0.28,0.03
-1.25,-70.74,0.12,0.17,0.29,0.02
-1.7,-71.11,0.12,0.17,0.28,0.02
-1.35,-71.66,0.12,0.17,0.28,0.03
-2.19,-71.57,0.12,0.17,0.28,0.02
-1.06,-71.37,0.12,0.17,0.28,0.02
-1.92,-71.7,0.12,0.17,0.28,0.02
-1.49,-71.71,0.12,0.17,0.28,0.02
-1.66,-71.54,0.12,0.17,0.28,0.02
-1.61,-71.65,0.12,0.17,0.28,0.02
-1.62,-71.55,0.12,0.17,0.28,0.02
-1.48,-71.53,0.12,0.17,0.28,0.02
-1.62,-71.6,0.12,0.17,0.28,0.02
-1.46,-71.67,0.12,0.17,0.28,0.02
-1.53,-71.57,0.12,0.17,0.28,0.03
-1.61,-71.37,0.12,0.17,0.28,0.03
-1.62,-71.06,0.12,0.17,0.29,0.03
-1.55,-71.72,0.12,0.17,0.28,0.03
-1.85,-71.43,0.12,0.17,0.29,0.03
-1.25,-71.38,0.12,0.17,0.29,0.03
-1.6,-71.38,0.12,0.17,0.29,0.03
-1.64,-71.39,0.12,0.17,0.29,0.03
-1.72,-71.26,0.12,0.17,0.29,0.03
-1.6,-71.57,0.12,0.17,0.29,0.03
-1.52,-71.49,0.12,0.17,0.29,0.03
-1.65,-71.16,0.12,0.17,0.29,0.03
-1.6,-71.56,0.12,0.17,0.29,0.03
-1.07,-71.95,0.12,0.17,0.29,0.03
-1.57,-71.11,0.12,0.17,0.28,0.03
-1.68,-71.37,0.12,0.17,0.28,0.03
-1.39,-71.73,0.12,0.17,0.28,0.03
-1.63,-71.43,0.12,0.17,0.28,0.03
-1.36,-71.42,0.12,0.17,0.28,0.03
-2.04,-71.13,0.12,0.17,0.28,0.03
-1.45,-71.41,0.12,0.17,0.28,0.03
-1.59,-71.7,0.12,0.17,0.28,0.03
-1.73,-71.55,0.12,0.17,0.28,0.03
-1.51,-71.35,0.12,0.17,0.28,0.03
-1.55,-71.5,0.12,0.17,0.28,0.03
-1.63,-71.65,0.12,0.17,0.29,0.03
-1.56,-71.13,0.12,0.17,0.29,0.03
-1.65,-71.43,0.12,0.17,0.29,0.03
-1.52,-70.8,0.12,0.17,0.29,0.03
-1.4,-70.8,0.12,0.18,0.29,0.03
-1.61,-70.25,0.13,0.18,0.29,0.03
-1.49,-69.07,0.13,0.19,0.3,0.04
-1.55,-70.36,0.14,0.19,0.3,0.04
-1.47,-68.1,0.14,0.19,0.3,0.04
-1.55,-67.64,0.15,0.2,0.3,0.04
-1.56,-67.35,0.15,0.2,0.31,0.05
-1.54,-66.27,0.15,0.21,0.31,0.05
-1.56,-65.37,0.16,0.22,0.31,0.06
-1.56,-64.38,0.17,0.22,0.32,0.06
-1.51,-64.39,0.17,0.23,0.33,0.07
-1.55,-62.42,0.18,0.24,0.33,0.07
-1.39,-61.14,0.18,0.24,0.33,0.08
-1.34,-60.61,0.19,0.25,0.34,0.08
-1.51,-59.85,0.19,0.25,0.34,0.09
-1.43,-58.71,0.2,0.26,0.35,0.09
-1.38,-57.68,0.2,0.26,0.35,0.1
-1.39,-56.72,0.21,0.27,0.35,0.1
-1.3,-55.53,0.21,0.28,0.36,0.11
-1.54,-54.65,0.22,0.28,0.36,0.11
-1.25,-53.61,0.22,0.29,0.36,0.12
-1.45,-52.71,0.23,0.29,0.36,0.12
-1.19,-51.49,0.24,0.3,0.36,0.12
-1.29,-50.59,0.24,0.3,0.36,0.13
-1.18,-49.69,0.24,0.3,0.37,0.13
-1.13,-49.1,0.25,0.31,0.37,0.13
-1.27,-48.34,0.25,0.31,0.37,0.14
-1.14,-47.84,0.25,0.32,0.37,0.14
-1.19,-47.4,0.26,0.32,0.37,0.14
-1.31,-46.95,0.26,0.32,0.37,0.14
-0.98,-46.75,0.26,0.32,0.37,0.14
-1.17,-46.44,0.26,0.32,0.37,0.14
-0.91,-46.59,0.26,0.32,0.37,0.14
-1.59,-46.76,0.26,0.32,0.37,0.14
-1.18,-46.61,0.26,0.32,0.37,0.14
-1.18,-46.59,0.26,0.32,0.37,0.14
-1.37,-46.55,0.26,0.32,0.37,0.14
-0.74,-46.52,0.26,0.32,0.37,0.14
-1.21,-46.46,0.26,0.32,0.37,0.14
-1.37,-46.53,0.26,0.32,0.37,0.14
-1.02,-46.56,0.26,0.32,0.37,0.14
-1.05,-46.77,0.26,0.32,0.37,0.14
-1.46,-46.46,0.26,0.32,0.37,0.14
-1.05,-46.46,0.26,0.32,0.37,0.14
-1.06,-46.53,0.26,0.32,0.37,0.14
-0.96,-46.54,0.26,0.32,0.37,0.14
-1.18,-46.52,0.26,0.32,0.37,0.14
-1.01,-46.41,0.26,0.32,0.37,0.14
-1.17,-46.45,0.26,0.32,0.37,0.14
-1.05,-46.44,0.26,0.32,0.37,0.14
-1.24,-46.35,0.26,0.32,0.37,0.14
-1.31,-46.42,0.26,0.32,0.37,0.14
-0.88,-46.38,0.26,0.32,0.37,0.14
-1.03,-46.18,0.26,0.32,0.37,0.14
-1.3,-46.21,0.26,0.32,0.37,0.14
-1.02,-46.05,0.26,0.32,0.37,0.14
-1.04,-45.76,0.26,0.32,0.37,0.15
-1.02,-45.47,0.26,0.33,0.37,0.15
-1.07,-45.26,0.27,0.33,0.37,0.15
-1.33,-44.33,0.27,0.33,0.37,0.15
-1.07,-44.12,0.27,0.33,0.37,0.15
-1.13,-42.96,0.28,0.34,0.37,0.16
-1.21,-43.22,0.28,0.34,0.37,0.16
-0.89,-42.34,0.28,0.34,0.38,0.16
-0.92,-42.18,0.28,0.35,0.38,0.16
-1.02,-41.47,0.29,0.35,0.38,0.16
-0.99,-41.17,0.29,0.35,0.38,0.16
-1.12,-40.46,0.29,0.36,0.38,0.16
-0.93,-39.72,0.3,0.36,0.38,0.17
-1.11,-39.29,0.3,0.36,0.38,0.17
-0.97,-38.74,0.3,0.36,0.38,0.17
-0.86,-38.28,0.3,0.37,0.38,0.17
-1.03,-37.68,0.31,0.37,0.38,0.17
-1.05,-37.25,0.31,0.37,0.38,0.17
-0.95,-36.28,0.31,0.38,0.38,0.18
-0.84,-36.22,0.32,0.38,0.38,0.18
-0.87,-34.88,0.32,0.38,0.38,0.18
-0.64,-33.73,0.32,0.39,0.38,0.18
-0.8,-33.42,0.33,0.39,0.38,0.19
-0.85,-32.5,0.33,0.39,0.38,0.19
-0.53,-31.97,0.33,0.39,0.38,0.19
-0.96,-31.41,0.33,0.4,0.38,0.19
-0.54,-30.99,0.33,0.4,0.38,0.19
-0.77,-30.5,0.34,0.4,0.38,0.19
-0.75,-30.18,0.34,0.4,0.38,0.19
-0.64,-29.58,0.34,0.4,0.38,0.19
-0.64,-29.04,0.34,0.4,0.38,0.2
-0.79,-28.77,0.34,0.4,0.39,0.2
-0.61,-28.29,0.35,0.41,0.39,0.2
-0.57,-27.67,0.35,0.41,0.39,0.2
-0.3,-27.2,0.35,0.41,0.39,0.2
-0.71,-26.8,0.35,0.41,0.39,0.2
-0.68,-26.33,0.35,0.41,0.39,0.2
-0.45,-26.07,0.35,0.41,0.39,0.2
-0.59,-25.28,0.35,0.41,0.39,0.2
-0.59,-25.07,0.36,0.42,0.39,0.21
-0.64,-24.47,0.36,0.42,0.39,0.21
-0.53,-24.08,0.36,0.42,0.39,0.21
-0.51,-23.49,0.36,0.42,0.39,0.21
-0.5,-22.97,0.36,0.42,0.39,0.21
-0.48,-22.54,0.36,0.42,0.39,0.21
-0.45,-22.05,0.36,0.42,0.39,0.21
-0.44,-21.48,0.36,0.42,0.39,0.21
-0.5,-20.76,0.37,0.42,0.39,0.21
-0.36,-20.69,0.37,0.42,0.39,0.21
-0.31,-20.08,0.37,0.43,0.39,0.21
-0.46,-19.57,0.37,0.43,0.39,0.21
-0.4,-18.95,0.37,0.43,0.39,0.22
-0.43,-18.57,0.37,0.43,0.39,0.22
-0.39,-17.95,0.37,0.43,0.39,0.22
-0.21,-17.55,0.37,0.43,0.39,0.22
-0.35,-17.02,0.37,0.43,0.39,0.22
-0.21,-16.65,0.37,0.43,0.39,0.22
-0.32,-16.21,0.37,0.43,0.39,0.22
-0.34,-15.63,0.38,0.43,0.39,0.22
-0.19,-15.03,0.38,0.43,0.39,0.22
-0.37,-14.52,0.38,0.43,0.39,0.22
-0.11,-13.58,0.38,0.43,0.39,0.22
-0.16,-12.96,0.38,0.44,0.39,0.22
-0.24,-12.27,0.38,0.44,0.39,0.23
-0.04,-11.71,0.38,0.44,0.39,0.23
-0.08,-11.2,0.38,0.44,0.39,0.23
-0.11,-10.64,0.38,0.44,0.39,0.23
-0.05,-10.05,0.38,0.44,0.38,0.23
-0.11,-9.71,0.38,0.44,0.38,0.23
0.38,-9.26,0.38,0.44,0.38,0.23
-0.24,-8.25,0.38,0.44,0.38,0.23
0.06,-8.11,0.38,0.44,0.38,0.23
0.09,-7.63,0.38,0.44,0.38,0.23
-0.21,-7.23,0.38,0.44,0.38,0.23
0.23,-6.78,0.38,0.44,0.38,0.23
-0.04,-5.97,0.38,0.44,0.38,0.23
-0,-5.42,0.38,0.44,0.38,0.23
0.08,-4.8,0.38,0.44,0.38,0.23
0.01,-4.64,0.38,0.44,0.38,0.23
-0.08,-4.21,0.38,0.44,0.38,0.23
0.39,-4.08,0.38,0.44,0.38,0.23
0.03,-3.78,0.38,0.44,0.38,0.23
-0.02,-3.54,0.38,0.44,0.38,0.23
0.25,-3.21,0.38,0.44,0.38,0.23
0.14,-2.87,0.38,0.44,0.38,0.23
0.15,-2.76,0.38,0.44,0.38,0.23
0.17,-2.52,0.38,0.44,0.38,0.23
0.13,-2.32,0.38,0.44,0.38,0.23
0.14,-2,0.38,0.44,0.38,0.23
0.17,-1.66,0.38,0.44,0.38,0.23
0.3,-1.45,0.38,0.44,0.38,0.23
0.23,-1.11,0.38,0.44,0.38,0.23
0.32,-1,0.38,0.44,0.38,0.23
0.26,-0.42,0.38,0.44,0.38,0.23
0.1,-0.4,0.38,0.44,0.38,0.23
0.46,0.19,0.38,0.44,0.38,0.23
0.49,0.51,0.38,0.44,0.38,0.23
0.14,0.89,0.38,0.44,0.38,0.24
0.32,1.38,0.38,0.44,0.37,0.24
0.28,1.74,0.38,0.44,0.37,0.24
0.42,2.06,0.38,0.44,0.37,0.24
0.28,2.35,0.38,0.44,0.37,0.24
0.54,3,0.38,0.44,0.37,0.24
0.36,3.14,0.38,0.44,0.37,0.24
0.33,3.54,0.38,0.44,0.37,0.24
0.35,3.8,0.38,0.44,0.37,0.24
0.53,4.18,0.38,0.44,0.37,0.24
0.29,4.4,0.38,0.44,0.37,0.24
0.44,4.97,0.38,0.44,0.37,0.24
0.73,4.9,0.38,0.44,0.37,0.24
0.48,5.57,0.38,0.44,0.37,0.24
0.03,5.49,0.38,0.44,0.37,0.24
0.8,6.06,0.38,0.44,0.37,0.24
0.35,6.37,0.38,0.44,0.37,0.24
0.33,6.48,0.38,0.43,0.37,0.24
0.59,7.03,0.38,0.43,0.37,0.24
0.3,7.29,0.38,0.43,0.37,0.24
0.87,7.58,0.38,0.43,0.37,0.24
0.3,8.06,0.38,0.43,0.37,0.24
0.5,8.51,0.38,0.43,0.37,0.24
0.69,9.19,0.38,0.43,0.37,0.24
0.52,9.91,0.38,0.43,0.36,0.24
0.7,10.18,0.38,0.43,0.37,0.24
0.3,11.12,0.38,0.43,0.36,0.24
0.45,11.46,0.38,0.42,0.36,0.24
0.77,12.42,0.37,0.42,0.36,0.24
0.65,13.24,0.37,0.42,0.36,0.24
0.49,13.55,0.37,0.42,0.36,0.24
0.94,14.37,0.37,0.42,0.36,0.24
0.86,14.86,0.37,0.42,0.36,0.24
0.89,15.22,0.37,0.42,0.35,0.24
0.69,15.99,0.37,0.41,0.35,0.24
0.33,16.08,0.37,0.41,0.35,0.24
0.88,16.83,0.37,0.41,0.35,0.24
0.56,17.17,0.37,0.41,0.35,0.24
0.97,17.6,0.37,0.41,0.35,0.24
0.82,18.04,0.37,0.41,0.35,0.24
0.81,18.41,0.37,0.41,0.35,0.24
0.86,19.02,0.36,0.4,0.34,0.24
0.98,19.91,0.36,0.4,0.34,0.24
1.26,20.92,0.36,0.4,0.34,0.24
1.14,21.6,0.36,0.4,0.33,0.24
0.76,22.35,0.36,0.4,0.33,0.24
1,23.33,0.35,0.39,0.33,0.24
0.92,23.76,0.35,0.39,0.32,0.24
1.19,24.53,0.35,0.39,0.32,0.24
0.85,25.06,0.35,0.39,0.32,0.24
1.24,25.89,0.35,0.38,0.32,0.24
0.97,26.5,0.35,0.38,0.31,0.24
1.49,26.87,0.35,0.38,0.31,0.24
1.02,27.33,0.35,0.38,0.31,0.23
1.21,27.98,0.35,0.38,0.31,0.24
1.06,28.32,0.34,0.37,0.31,0.24
0.99,28.99,0.34,0.37,0.3,0.23
1.17,29.44,0.34,0.37,0.3,0.23
1.32,29.83,0.34,0.36,0.3,0.23
1.14,30.47,0.34,0.36,0.3,0.23
1.35,30.8,0.33,0.36,0.3,0.23
1.32,30.87,0.33,0.36,0.3,0.23
1.17,31.53,0.33,0.36,0.29,0.23
1.23,31.98,0.33,0.36,0.29,0.23
1.4,32.16,0.33,0.35,0.29,0.23
1.12,33.04,0.33,0.35,0.29,0.23
1.14,33.46,0.33,0.34,0.28,0.23
1.28,34.14,0.32,0.34,0.28,0.23
1.66,34.86,0.32,0.33,0.28,0.23
1.29,36.03,0.32,0.33,0.27,0.23
1.41,36.58,0.31,0.32,0.27,0.23
1.46,37.45,0.31,0.32,0.26,0.23
1.41,38.63,0.31,0.31,0.25,0.23
1.58,39.48,0.3,0.3,0.25,0.23
1.64,40.13,0.3,0.3,0.24,0.23
1.51,41.29,0.3,0.29,0.24,0.22
1.47,41.95,0.29,0.29,0.23,0.22
1.41,42.65,0.29,0.29,0.23,0.22
1.46,43.31,0.29,0.28,0.22,0.22
1.46,43.88,0.29,0.28,0.22,0.22
1.74,44.61,0.28,0.27,0.22,0.22
1.61,45.21,0.28,0.27,0.21,0.22
1.72,45.82,0.28,0.27,0.21,0.22
1.63,46.72,0.27,0.26,0.2,0.22
1.81,47.7,0.27,0.25,0.19,0.22
1.84,48.22,0.27,0.25,0.19,0.22
1.47,48.79,0.27,0.25,0.18,0.22
1.43,49.23,0.26,0.24,0.18,0.21
1.56,49.85,0.26,0.24,0.17,0.21
1.75,50.34,0.26,0.24,0.17,0.21
1.78,50.96,0.26,0.23,0.17,0.21
1.9,51.58,0.26,0.23,0.16,0.21
1.76,52.02,0.26,0.23,0.16,0.21
1.72,52.23,0.25,0.22,0.15,0.21
1.54,52.97,0.25,0.22,0.15,0.21
1.64,53.28,0.25,0.22,0.14,0.21
1.78,53.66,0.25,0.21,0.14,0.21
1.74,53.88,0.25,0.21,0.14,0.21
1.65,54.39,0.24,0.21,0.14,0.2
1.67,54.44,0.24,0.21,0.13,0.2
1.63,55.36,0.24,0.2,0.13,0.2
1.78,55.62,0.24,0.2,0.12,0.2
1.63,56.39,0.23,0.2,0.12,0.2
1.66,56.69,0.23,0.19,0.11,0.2
1.65,58.18,0.23,0.19,0.11,0.2
1.52,58.02,0.22,0.18,0.1,0.19
1.67,59,0.22,0.18,0.09,0.19
1.71,59.19,0.22,0.17,0.09,0.19
1.85,60.79,0.21,0.17,0.08,0.19
1.68,61.41,0.2,0.16,0.07,0.18
1.69,61.47,0.19,0.15,0.06,0.18
1.91,63.07,0.19,0.15,0.06,0.18
1.76,63.77,0.19,0.15,0.05,0.18
1.74,64.48,0.18,0.14,0.05,0.17
1.72,64.45,0.18,0.14,0.04,0.17
1.74,65.5,0.17,0.13,0.04,0.17
1.75,65.83,0.17,0.13,0.04,0.17
1.85,66.89,0.16,0.12,0.03,0.17
1.8,66.98,0.16,0.12,0.03,0.16
1.73,67.8,0.16,0.12,0.03,0.16
1.85,68.2,0.15,0.11,0.03,0.16
1.66,68.99,0.15,0.11,0.03,0.16
1.61,69.74,0.14,0.1,0.02,0.16
1.82,69.95,0.14,0.1,0.02,0.15
1.75,70.41,0.13,0.1,0.02,0.15
1.72,70.89,0.13,0.09,0.02,0.15
1.7,71.53,0.12,0.09,0.02,0.15
1.66,71.86,0.12,0.08,0.02,0.14
1.77,72.75,0.11,0.08,0.02,0.14
1.79,72.8,0.11,0.08,0.02,0.14
1.81,73.92,0.1,0.07,0.02,0.14
1.84,74.4,0.1,0.07,0.02,0.14
1.85,74.66,0.1,0.07,0.02,0.13
1.74,75.99,0.08,0.06,0.02,0.13
1.85,73.76,0.07,0.06,0.02,0.13
1.82,77.15,0.06,0.06,0.02,0.13
1.85,76.11,0.05,0.06,0.02,0.13
1.78,75.78,0.04,0.06,0.02,0.13
1.8,75.72,0.03,0.05,0.02,0.12
1.97,76.79,0.03,0.05,0.02,0.12
1.85,77.38,0.02,0.05,0.02,0.12
1.69,77.29,0.02,0.05,0.02,0.12
1.79,76.76,0.02,0.05,0.02,0.12
1.76,77.04,0.02,0.05,0.02,0.12
1.79,77.7,0.02,0.05,0.02,0.12
1.98,76.63,0.02,0.05,0.02,0.12
1.85,76.5,0.04,0.05,0.02,0.12
1.59,74.68,0.08,0.06,0.02,0.13
1.85,76.32,0.09,0.07,0.02,0.13
1.98,74.02,0.1,0.07,0.02,0.14
1.82,74.66,0.11,0.08,0.02,0.14
1.81,73.39,0.12,0.08,0.02,0.14
1.67,70.84,0.13,0.09,0.02,0.15
1.85,72.85,0.13,0.1,0.02,0.15
1.74,70.24,0.14,0.1,0.02,0.15
1.86,69.87,0.15,0.11,0.02,0.16
1.85,69.78,0.15,0.11,0.03,0.16
1.88,68.8,0.16,0.12,0.03,0.16
1.8,67.1,0.16,0.12,0.03,0.17
1.81,66.88,0.17,0.13,0.04,0.17
1.76,65.57,0.18,0.14,0.05,0.17
1.74,65.15,0.18,0.14,0.05,0.18
1.69,64.32,0.19,0.15,0.06,0.18
1.68,63.52,0.19,0.15,0.06,0.18
1.76,62.74,0.2,0.16,0.07,0.18
1.62,62,0.2,0.16,0.07,0.18
1.58,61.47,0.21,0.17,0.08,0.19
1.67,61.03,0.21,0.17,0.08,0.19
1.85,60.03,0.22,0.18,0.09,0.19
1.79,60.09,0.22,0.18,0.09,0.19
1.68,58.85,0.22,0.18,0.1,0.19
1.84,59.1,0.23,0.19,0.1,0.19
1.79,58.06,0.23,0.19,0.1,0.2
1.74,57.55,0.23,0.2,0.11,0.2
1.68,57.09,0.24,0.2,0.12,0.2
1.68,56.47,0.24,0.2,0.12,0.2
1.55,56.15,0.24,0.2,0.13,0.2
1.78,55.57,0.24,0.21,0.13,0.2
1.76,54.88,0.25,0.21,0.14,0.2
1.76,54.61,0.25,0.21,0.14,0.21
1.51,53.52,0.25,0.22,0.14,0.21
1.48,53.34,0.25,0.22,0.15,0.21
1.54,53.33,0.26,0.22,0.15,0.21
1.6,52.62,0.26,0.22,0.15,0.21
1.69,52.42,0.26,0.23,0.16,0.21
1.69,51.8,0.26,0.23,0.16,0.21
1.65,51.82,0.26,0.23,0.17,0.21
1.41,51.07,0.26,0.24,0.17,0.21
1.73,50.82,0.26,0.24,0.17,0.21
1.85,49.53,0.26,0.24,0.18,0.21
1.77,49.59,0.27,0.25,0.18,0.22
1.59,49.45,0.27,0.25,0.18,0.22
1.63,48.66,0.27,0.25,0.19,0.22
1.7,48.61,0.27,0.26,0.19,0.22
1.55,47.31,0.27,0.26,0.2,0.22
1.56,47,0.28,0.26,0.2,0.22
1.47,46.52,0.28,0.27,0.21,0.22
1.44,45.12,0.29,0.28,0.22,0.22
1.41,44.7,0.29,0.29,0.23,0.22
1.42,43.18,0.29,0.29,0.23,0.22
1.4,42.49,0.3,0.3,0.24,0.23
1.39,41,0.3,0.3,0.25,0.23
1.25,40.46,0.31,0.31,0.25,0.23
1.38,39.31,0.31,0.32,0.26,0.23
1.22,38.13,0.31,0.32,0.26,0.23
1.19,37.27,0.32,0.33,0.27,0.23
1.14,36.54,0.32,0.33,0.27,0.23
1.24,35.78,0.32,0.34,0.28,0.23
1.2,35.14,0.32,0.34,0.28,0.23
1.1,33.61,0.33,0.35,0.29,0.23
1.14,33.03,0.33,0.35,0.29,0.23
1.2,32.29,0.33,0.36,0.29,0.23
1.1,31.33,0.34,0.36,0.3,0.23
1.18,30.62,0.34,0.36,0.3,0.23
1.2,30.22,0.34,0.37,0.3,0.23
1.25,29.2,0.34,0.37,0.31,0.23
0.98,28.71,0.34,0.37,0.31,0.24
0.93,27.79,0.35,0.38,0.31,0.24
1.01,27.06,0.35,0.38,0.32,0.24
0.96,26.21,0.35,0.39,0.32,0.24
0.76,25.66,0.35,0.39,0.32,0.24
0.84,25.24,0.35,0.39,0.32,0.24
1.08,25.1,0.35,0.39,0.32,0.24
0.9,24.32,0.35,0.39,0.33,0.24
0.96,23.55,0.35,0.39,0.33,0.24
0.96,23.2,0.36,0.4,0.33,0.24
0.88,21.94,0.36,0.4,0.34,0.24
0.78,21.23,0.36,0.4,0.34,0.24
0.66,20.49,0.36,0.4,0.34,0.24
0.85,19.86,0.36,0.4,0.34,0.24
0.72,19.67,0.37,0.41,0.34,0.24
0.85,18.79,0.37,0.41,0.35,0.24
0.72,18.74,0.37,0.41,0.35,0.24
0.82,18.26,0.37,0.41,0.35,0.24
0.72,17.12,0.37,0.41,0.35,0.24
0.71,17.13,0.37,0.41,0.35,0.24
0.91,15.89,0.37,0.42,0.36,0.24
0.65,15.62,0.37,0.42,0.36,0.24
0.59,15.07,0.37,0.42,0.36,0.24
0.51,14.67,0.37,0.42,0.36,0.24
0.71,14.38,0.37,0.42,0.36,0.24
0.66,14.1,0.37,0.42,0.36,0.24
0.53,13.34,0.38,0.42,0.36,0.24
0.38,12.8,0.38,0.42,0.36,0.24
0.82,12.35,0.38,0.43,0.36,0.24
0.34,11.75,0.38,0.43,0.36,0.24
0.6,11.45,0.38,0.43,0.36,0.24
0.52,11.45,0.38,0.43,0.36,0.24
0.6,11.21,0.38,0.43,0.36,0.24
0.41,11.4,0.38,0.43,0.36,0.24
0.32,11.46,0.38,0.43,0.36,0.24
0.54,11.51,0.38,0.43,0.36,0.24
0.71,11.17,0.38,0.41,0.36,0.24
0.47,11.15,0.38,0.43,0.36,0.24
0.5,12,0.38,0.43,0.36,0.24
0.41,11.46,0.38,0.43,0.36,0.24
0.59,11.6,0.38,0.43,0.36,0.24
0.23,11.51,0.38,0.43,0.36,0.24
0.63,11.09,0.38,0.43,0.36,0.24
0.41,10.94,0.38,0.43,0.37,0.24
0.87,10.77,0.38,0.43,0.37,0.24
0.49,10.7,0.38,0.43,0.37,0.24
0.46,10.7,0.38,0.43,0.37,0.24
0.33,10.56,0.38,0.43,0.37,0.24
0.55,10.44,0.38,0.43,0.37,0.24
0.46,10.49,0.38,0.43,0.37,0.24
0.38,10.46,0.38,0.43,0.37,0.24
0.37,10.29,0.38,0.43,0.37,0.24
0.6,10.19,0.38,0.43,0.37,0.24
0.52,10.29,0.38,0.43,0.37,0.24
0.58,10.14,0.38,0.43,0.37,0.24
0.33,9.84,0.38,0.43,0.37,0.24
0.44,9.59,0.38,0.43,0.37,0.24
0.42,9.41,0.38,0.43,0.37,0.24
0.4,9.08,0.38,0.43,0.37,0.24
0.36,8.7,0.38,0.43,0.37,0.24
0.28,8.26,0.38,0.43,0.37,0.24
0.52,7.9,0.38,0.43,0.37,0.24
0.33,7.47,0.38,0.43,0.37,0.24
0.36,7.04,0.38,0.43,0.37,0.24
0.44,6.56,0.38,0.43,0.37,0.24
0.23,6.19,0.38,0.44,0.37,0.24
0.46,5.69,0.38,0.44,0.37,0.24
0.2,5.29,0.38,0.44,0.37,0.24
0.33,4.78,0.38,0.44,0.37,0.24
0.28,4.38,0.38,0.44,0.37,0.24
0.22,3.85,0.38,0.44,0.37,0.24
0.44,3.2,0.38,0.44,0.38,0.24
0.38,2.68,0.38,0.44,0.38,0.24
0.37,1.99,0.38,0.44,0.38,0.24
-0.01,1.31,0.38,0.44,0.38,0.24
0.29,0.42,0.38,0.44,0.38,0.24
0.17,-0.08,0.38,0.44,0.38,0.24
0.12,-0.48,0.38,0.44,0.38,0.23
0.14,-1.54,0.38,0.44,0.38,0.23
0.2,-2.32,0.38,0.44,0.38,0.23
-0.01,-2.85,0.38,0.44,0.38,0.23
0.17,-3.64,0.38,0.44,0.38,0.23
-0.01,-4.04,0.38,0.44,0.38,0.23
0.01,-4.26,0.38,0.44,0.38,0.23
0.02,-4.82,0.38,0.44,0.38,0.23
-0.04,-5.07,0.38,0.44,0.38,0.23
-0.08,-5.68,0.38,0.44,0.38,0.23
0.04,-6.07,0.38,0.44,0.38,0.23
-0.1,-6.52,0.38,0.44,0.38,0.23
-0.02,-6.77,0.38,0.44,0.38,0.23
-0.11,-7.39,0.38,0.44,0.38,0.23
-0.14,-7.34,0.38,0.44,0.38,0.23
0.01,-7.77,0.38,0.44,0.38,0.23
-0.05,-8.15,0.38,0.44,0.39,0.23
-0.04,-8.47,0.38,0.44,0.39,0.23
-0.04,-8.67,0.38,0.44,0.39,0.23
-0.03,-9.14,0.38,0.44,0.39,0.23
-0.1,-9.55,0.38,0.44,0.39,0.23
-0.1,-10.09,0.38,0.44,0.39,0.23
-0.11,-10.1,0.38,0.44,0.39,0.23
-0.19,-10.56,0.38,0.44,0.39,0.23
-0.23,-10.86,0.38,0.44,0.39,0.23
-0.21,-11.01,0.38,0.44,0.39,0.23
-0.24,-11.46,0.38,0.44,0.39,0.23
-0.37,-11.79,0.38,0.44,0.39,0.22
-0.26,-11.98,0.38,0.44,0.39,0.22
-0.09,-12.43,0.38,0.44,0.39,0.22
-0.31,-12.62,0.38,0.44,0.39,0.22
-0.26,-12.78,0.38,0.43,0.39,0.22
-0.18,-13.39,0.38,0.43,0.39,0.22
-0.19,-13.76,0.38,0.43,0.39,0.22
-0.44,-14.14,0.38,0.43,0.39,0.22
-0.22,-14.56,0.38,0.43,0.39,0.22
-0.39,-15.16,0.38,0.43,0.39,0.22
-0.34,-15.5,0.38,0.43,0.39,0.22
-0.4,-16.08,0.37,0.43,0.39,0.22
-0.45,-16.67,0.37,0.43,0.39,0.22
-0.51,-17.3,0.37,0.43,0.39,0.22
-0.34,-17.99,0.37,0.43,0.39,0.22
-0.4,-18.79,0.37,0.43,0.39,0.21
-0.53,-19.8,0.37,0.43,0.39,0.21
-0.55,-20.24,0.37,0.42,0.39,0.21
-0.63,-21.29,0.36,0.42,0.39,0.21
-0.43,-21.9,0.36,0.42,0.39,0.21
-0.59,-22.77,0.36,0.42,0.39,0.21
-0.48,-23.55,0.36,0.42,0.39,0.21
-0.45,-23.99,0.36,0.42,0.39,0.21
-0.87,-25.22,0.35,0.41,0.39,0.2
-0.66,-25.7,0.35,0.41,0.39,0.2
-0.8,-26.43,0.35,0.41,0.39,0.2
-0.51,-27.21,0.35,0.41,0.39,0.2
-0.88,-27.94,0.34,0.41,0.39,0.2
-0.82,-28.38,0.34,0.4,0.39,0.2
-0.8,-28.92,0.34,0.4,0.39,0.19
-0.75,-29.7,0.34,0.4,0.39,0.19
-0.69,-30.47,0.34,0.4,0.38,0.19
-0.8,-30.77,0.33,0.4,0.38,0.19
-0.69,-31.26,0.33,0.39,0.38,0.19
-0.75,-32.03,0.33,0.39,0.38,0.19
-0.8,-32.18,0.33,0.39,0.38,0.19
-0.86,-32.95,0.32,0.39,0.38,0.18
-0.72,-33.96,0.32,0.38,0.38,0.18
-0.87,-34.21,0.32,0.38,0.38,0.18
-0.88,-35.16,0.31,0.38,0.38,0.18
-0.85,-35.88,0.31,0.37,0.38,0.18
-1.03,-36.66,0.31,0.37,0.38,0.17
-0.95,-37.47,0.3,0.37,0.38,0.17
-0.81,-38.3,0.3,0.36,0.38,0.17
-1,-39.01,0.3,0.36,0.38,0.17
-1.02,-39.77,0.29,0.35,0.38,0.16
-1.03,-40.68,0.29,0.35,0.38,0.16
-1.08,-41.45,0.28,0.35,0.38,0.16
-1.09,-42.2,0.28,0.34,0.37,0.16
-1.13,-42.98,0.27,0.34,0.37,0.15
-1.03,-43.76,0.27,0.33,0.37,0.15
-1.11,-44.45,0.27,0.33,0.37,0.15
-1.35,-45,0.26,0.33,0.37,0.15
-1.07,-46.17,0.26,0.32,0.37,0.14
-1.18,-46.44,0.25,0.32,0.37,0.14
-1.2,-47.17,0.25,0.31,0.37,0.14
-1.24,-47.84,0.25,0.31,0.37,0.13
-1.19,-48.64,0.24,0.31,0.37,0.13
-1.37,-49.45,0.24,0.3,0.36,0.13
-1.17,-49.93,0.24,0.3,0.36,0.12
-1.27,-50.9,0.23,0.29,0.36,0.12
-1.35,-51.81,0.23,0.29,0.36,0.12
-1.35,-52.53,0.22,0.29,0.36,0.12
-1.41,-52.9,0.22,0.28,0.36,0.11
-1.18,-53.6,0.22,0.28,0.36,0.11
-1.37,-54.64,0.21,0.28,0.36,0.11
-1.5,-54.71,0.21,0.27,0.35,0.1
-1.18,-55.81,0.21,0.27,0.35,0.1
-1.57,-56.15,0.2,0.27,0.35,0.1
-1.34,-56.78,0.2,0.26,0.35,0.1
-1.26,-57.93,0.2,0.26,0.35,0.09
-1.5,-58.39,0.19,0.25,0.34,0.09
-1.5,-58.45,0.19,0.25,0.34,0.08
-1.37,-59.73,0.19,0.25,0.34,0.08
-1.4,-60.01,0.18,0.24,0.33,0.08
-1.49,-61.37,0.18,0.24,0.33,0.07
-1.5,-61.64,0.17,0.23,0.33,0.07
-1.61,-61.75,0.17,0.23,0.32,0.07
-1.44,-63.36,0.17,0.22,0.32,0.06
-1.61,-64.03,0.16,0.22,0.31,0.06
-1.43,-64.26,0.16,0.21,0.31,0.05
-1.58,-65.83,0.15,0.21,0.31,0.05
-1.52,-65.85,0.15,0.2,0.3,0.05
-1.52,-66.98,0.14,0.2,0.3,0.04
-1.46,-67.27,0.14,0.19,0.3,0.04
-1.63,-68.44,0.14,0.19,0.3,0.04
-1.52,-69.16,0.13,0.18,0.29,0.03
-1.63,-69.09,0.13,0.18,0.29,0.03
-1.59,-69.69,0.13,0.18,0.29,0.03
-1.64,-69.99,0.12,0.17,0.29,0.03
-1.55,-71.09,0.12,0.17,0.29,0.03
-1.57,-71.33,0.12,0.17,0.29,0.03
-1.66,-71.13,0.12,0.17,0.28,0.02
-1.65,-71.71,0.11,0.16,0.28,0.02
-1.77,-71.68,0.11,0.16,0.28,0.02
-1.64,-72.31,0.11,0.16,0.28,0.02
-1.5,-72.32,0.11,0.16,0.28,0.02
-1.63,-72.31,0.11,0.16,0.28,0.02
-1.73,-72.34,0.11,0.16,0.28,0.02
-1.59,-72.07,0.11,0.16,0.28,0.02
-1.74,-71.51,0.11,0.16,0.28,0.02
-1.71,-72.52,0.11,0.16,0.28,0.02
-1.6,-72.13,0.11,0.16,0.28,0.02
-1.42,-71.65,0.11,0.16,0.28,0.02
-1.87,-72.32,0.11,0.16,0.28,0.02
-1.39,-71.89,0.11,0.16,0.28,0.02
-1.9,-72.22,0.11,0.16,0.28,0.02
-1.94,-71.86,0.11,0.16,0.28,0.02
-1.2,-73.18,0.11,0.16,0.28,0.02
-2.1,-72.04,0.11,0.16,0.28,0.02
-1.52,-72.61,0.11,0.16,0.28,0.02
-1.57,-73.54,0.11,0.16,0.28,0.02
-1.48,-72.89,0.11,0.15,0.27,0.02
-1.81,-72.86,0.11,0.15,0.27,0.02
-1.23,-73.3,0.1,0.15,0.27,0.02
-1.62,-73.2,0.1,0.15,0.27,0.02
-1.97,-73.11,0.1,0.15,0.27,0.02
-1.32,-73.16,0.1,0.15,0.27,0.02
-1.77,-73.43,0.1,0.15,0.27,0.02
-1.46,-72.84,0.1,0.15,0.27,0.02
-1.98,-73.55,0.1,0.15,0.27,0.02
-1.66,-73.2,0.1,0.15,0.27,0.02
-1.71,-73.33,0.1,0.15,0.27,0.02
-1.6,-73.15,0.11,0.15,0.27,0.02
-1.61,-73.03,0.11,0.16,0.28,0.02
-1.77,-71.92,0.11,0.16,0.28,0.02
-1.55,-71.2,0.12,0.17,0.29,0.03
-1.7,-71.7,0.12,0.17,0.29,0.03
-1.79,-70.3,0.13,0.18,0.29,0.03
-1.62,-69.35,0.14,0.19,0.3,0.04
-1.56,-68.72,0.14,0.2,0.3,0.04
-1.71,-67.07,0.15,0.2,0.3,0.05
-1.44,-67.84,0.15,0.21,0.31,0.05
-1.79,-65.6,0.15,0.21,0.31,0.05
-1.48,-66.57,0.15,0.21,0.31,0.05
-1.68,-66.19,0.15,0.21,0.31,0.05
-1.47,-65.79,0.15,0.21,0.31,0.05
-1.5,-66.25,0.15,0.21,0.31,0.05
-1.82,-66.03,0.15,0.21,0.31,0.05
-1.31,-65.97,0.15,0.21,0.31,0.05
-1.72,-66.34,0.15,0.21,0.31,0.05
-1.74,-66.25,0.15,0.2,0.31,0.05
-1.48,-67.04,0.15,0.2,0.31,0.05
-1.54,-66.43,0.15,0.2,0.31,0.05
-1.87,-66.72,0.15,0.2,0.3,0.05
-1.15,-66.36,0.15,0.2,0.3,0.05
-1.73,-66.68,0.15,0.2,0.3,0.05
-1.39,-66.74,0.15,0.2,0.3,0.05
-1.44,-66.14,0.15,0.2,0.31,0.05
-1.8,-66.57,0.15,0.21,0.31,0.05
-1.26,-65.99,0.15,0.21,0.31,0.05
-1.73,-65.78,0.16,0.21,0.31,0.05
-1.31,-63.94,0.16,0.22,0.32,0.06
-1.54,-64.68,0.17,0.23,0.32,0.06
-1.51,-62.75,0.17,0.23,0.33,0.07
-1.48,-62.18,0.18,0.24,0.33,0.07
-1.54,-61.5,0.18,0.24,0.34,0.08
-1.54,-59.72,0.19,0.25,0.34,0.09
-1.49,-58.58,0.2,0.26,0.35,0.09
-1.52,-57.33,0.21,0.27,0.35,0.1
-1.45,-55.46,0.22,0.28,0.36,0.11
-1.57,-53.73,0.22,0.28,0.36,0.12
-1.16,-52.26,0.23,0.3,0.36,0.12
-1.32,-51.07,0.24,0.3,0.37,0.13
-1.07,-49.92,0.25,0.31,0.37,0.14
-1.18,-47.57,0.26,0.32,0.37,0.14
-1.2,-46.5,0.27,0.33,0.37,0.15
-1.11,-45.01,0.27,0.33,0.37,0.15
-1.05,-44.08,0.28,0.34,0.37,0.16
-1.18,-42.34,0.28,0.35,0.37,0.16
-1.06,-41.68,0.29,0.35,0.38,0.16
-0.98,-41.02,0.29,0.35,0.38,0.16
-1.03,-39.93,0.3,0.36,0.38,0.17
-1.09,-39.2,0.3,0.36,0.38,0.17
-1.04,-38.59,0.3,0.36,0.38,0.17
-0.62,-38.3,0.3,0.37,0.38,0.17
-1.12,-37.36,0.31,0.37,0.38,0.17
-1.06,-36.85,0.31,0.37,0.38,0.18
-0.62,-36.32,0.31,0.38,0.38,0.18
-1.11,-35.75,0.32,0.38,0.38,0.18
-0.89,-34.82,0.32,0.38,0.38,0.18
-0.65,-34.47,0.32,0.38,0.38,0.18
-1.01,-33.67,0.32,0.39,0.38,0.18
-0.89,-32.96,0.33,0.39,0.38,0.19
-0.76,-32.27,0.33,0.39,0.38,0.19
-1.25,-31.93,0.33,0.4,0.38,0.19
-0.21,-30,0.34,0.4,0.38,0.19
-1.51,-30.11,0.34,0.4,0.38,0.19
-0.57,-28.79,0.34,0.4,0.38,0.2
-0.65,-28.41,0.35,0.41,0.39,0.2
-0.83,-28.13,0.35,0.41,0.39,0.2
-0.48,-27.18,0.35,0.41,0.39,0.2
-0.7,-26.83,0.35,0.41,0.39,0.2
-0.6,-26.07,0.35,0.41,0.39,0.2
-0.76,-25.62,0.35,0.41,0.39,0.2
-0.46,-24.69,0.36,0.42,0.39,0.21
-0.7,-24.49,0.36,0.42,0.39,0.21
-0.48,-23.68,0.36,0.42,0.39,0.21
-0.43,-22.3,0.36,0.42,0.39,0.21
-0.44,-22.08,0.36,0.42,0.39,0.21
-0.28,-20.8,0.37,0.43,0.39,0.21
-0.58,-19.49,0.37,0.43,0.39,0.22
-0.42,-18.31,0.37,0.43,0.39,0.22
-0.32,-17.22,0.37,0.43,0.39,0.22
-0.38,-16.41,0.37,0.43,0.39,0.22
-0.39,-15.39,0.38,0.43,0.39,0.22
-0.12,-14.67,0.38,0.43,0.39,0.22
-0.28,-13.92,0.38,0.44,0.39,0.22
-0.24,-13.34,0.38,0.44,0.39,0.22
-0.19,-12.47,0.38,0.44,0.39,0.23
-0.1,-11.62,0.38,0.44,0.39,0.23
-0.25,-10.84,0.38,0.44,0.39,0.23
0.09,-10.29,0.38,0.44,0.39,0.23
-0.19,-9.67,0.38,0.44,0.39,0.23
-0.1,-9.17,0.38,0.44,0.39,0.23
-0.01,-8.87,0.38,0.44,0.38,0.23
-0.03,-8.33,0.38,0.44,0.38,0.23
-0.07,-7.8,0.38,0.44,0.38,0.23
-0,-7.62,0.38,0.44,0.38,0.23
-0.03,-6.89,0.38,0.44,0.38,0.23
0.09,-6.3,0.38,0.44,0.38,0.23
0.17,-5.76,0.38,0.44,0.38,0.23
-0.04,-4.9,0.38,0.44,0.38,0.23
-0.26,-4.42,0.38,0.44,0.38,0.23
0.16,-3.76,0.38,0.44,0.38,0.23
0.23,-3.37,0.38,0.44,0.38,0.23
-0.98,-3.03,0.38,0.44,0.38,0.23
0.73,-2.5,0.38,0.44,0.38,0.23
0.55,-1.48,0.38,0.44,0.38,0.23
-0.01,-1.09,0.38,0.44,0.38,0.23
0.09,-0.53,0.38,0.44,0.38,0.23
-0.1,-0.04,0.38,0.44,0.38,0.24
0.31,0.85,0.38,0.44,0.38,0.24
0.23,1.5,0.38,0.44,0.38,0.24
-0.07,2.11,0.38,0.44,0.38,0.24
0.12,2.83,0.38,0.44,0.37,0.24
0.14,3.89,0.38,0.44,0.37,0.24
0.4,4.48,0.38,0.44,0.37,0.24
0.38,5.81,0.38,0.43,0.37,0.24
0.59,7.03,0.38,0.43,0.37,0.24
0.17,7.54,0.38,0.43,0.37,0.24
-0.1,9.22,0.38,0.43,0.37,0.24
0.5,10.59,0.38,0.42,0.36,0.24
0.66,11.67,0.37,0.42,0.36,0.24
0.55,13.14,0.37,0.42,0.36,0.24
0.52,14.82,0.37,0.42,0.36,0.24
0.75,15.24,0.37,0.41,0.35,0.24
0.71,16.45,0.37,0.41,0.35,0.24
0.81,17.58,0.37,0.41,0.35,0.24
0.86,17.91,0.37,0.41,0.35,0.24
0.83,18.66,0.36,0.41,0.34,0.24
0.71,19.75,0.36,0.4,0.34,0.24
0.91,20.58,0.36,0.4,0.34,0.24
0.71,21.77,0.36,0.4,0.33,0.24
1.01,22.63,0.35,0.39,0.33,0.24
1.04,23.62,0.35,0.39,0.33,0.24
0.86,24.3,0.35,0.39,0.32,0.24
0.93,25.12,0.35,0.39,0.32,0.24
1.14,26.81,0.35,0.38,0.31,0.24
1.02,27.33,0.34,0.37,0.31,0.24
0.98,28.23,0.34,0.37,0.3,0.23
0.79,29.44,0.34,0.37,0.3,0.23
0.99,30.06,0.34,0.36,0.3,0.23
1.29,30.47,0.33,0.36,0.29,0.23
1.15,31.18,0.33,0.36,0.29,0.23
1.31,32.41,0.33,0.35,0.29,0.23
1.02,32.84,0.33,0.35,0.29,0.23
1.31,33.63,0.33,0.34,0.28,0.23
1.29,35.11,0.32,0.34,0.28,0.23
1.4,35.33,0.32,0.33,0.27,0.23
1.09,36.24,0.32,0.33,0.27,0.23
1.35,36.85,0.31,0.32,0.26,0.23
1.36,37.65,0.31,0.32,0.26,0.23
1.25,39.19,0.31,0.31,0.25,0.23
1.26,39.66,0.3,0.31,0.25,0.23
1.42,40.39,0.3,0.3,0.24,0.23
1.31,41.44,0.29,0.29,0.23,0.22
1.31,42.04,0.29,0.29,0.23,0.22
1.36,43.43,0.29,0.28,0.22,0.22
1.46,44.02,0.28,0.28,0.22,0.22
1.66,45.22,0.28,0.27,0.21,0.22
1.54,46.1,0.28,0.26,0.2,0.22
1.64,47.01,0.27,0.26,0.19,0.22
1.4,48.04,0.27,0.25,0.19,0.22
1.52,48.61,0.26,0.24,0.18,0.21
1.61,49.85,0.26,0.24,0.17,0.21
1.51,50.82,0.26,0.23,0.16,0.21
1.67,51.87,0.26,0.22,0.15,0.21
1.64,52.78,0.25,0.22,0.14,0.21
1.73,54.04,0.25,0.21,0.14,0.2
1.6,54.66,0.24,0.21,0.13,0.2
1.54,55.8,0.24,0.2,0.12,0.2
1.74,56.49,0.24,0.2,0.11,0.2
1.73,57.46,0.23,0.19,0.11,0.2
1.84,57.63,0.23,0.19,0.1,0.19
1.61,58.12,0.23,0.18,0.1,0.19
1.66,58.25,0.22,0.18,0.1,0.19
1.66,59.72,0.22,0.18,0.09,0.19
1.81,59.09,0.22,0.18,0.09,0.19
1.67,59.25,0.22,0.18,0.09,0.19
1.83,60.33,0.22,0.17,0.09,0.19
1.93,59.64,0.22,0.18,0.09,0.19
1.8,60.17,0.22,0.18,0.09,0.19
1.75,59.76,0.22,0.17,0.09,0.19
1.69,60.23,0.22,0.17,0.08,0.19
2.04,59.75,0.22,0.17,0.08,0.19
1.5,60.2,0.22,0.17,0.08,0.19
1.75,61.14,0.22,0.17,0.08,0.19
2.04,60.17,0.21,0.17,0.08,0.19
1.7,60.31,0.21,0.17,0.08,0.19
1.47,60.67,0.21,0.17,0.08,0.19
1.92,59.95,0.21,0.17,0.08,0.19
0.98,61.03,0.21,0.17,0.08,0.19
2.49,60.4,0.21,0.17,0.08,0.19
1.47,61.41,0.21,0.16,0.07,0.18
1.99,61.84,0.2,0.16,0.07,0.18
1.61,62,0.2,0.15,0.06,0.18
1.93,63.09,0.19,0.15,0.06,0.18
1.67,63.58,0.19,0.14,0.05,0.18
1.85,64.84,0.18,0.14,0.05,0.17
1.62,65.94,0.17,0.13,0.04,0.17
1.91,66.28,0.17,0.12,0.03,0.17
1.8,67.08,0.16,0.12,0.03,0.16
1.78,68.16,0.15,0.11,0.03,0.16
1.61,69.09,0.14,0.1,0.02,0.16
1.71,69.87,0.14,0.1,0.02,0.15
1.9,70.42,0.13,0.09,0.02,0.15
1.81,72.1,0.13,0.09,0.02,0.15
1.8,72.1,0.12,0.08,0.02,0.14
1.86,72.38,0.12,0.08,0.02,0.14
1.61,73.16,0.11,0.08,0.02,0.14
1.9,72.65,0.11,0.08,0.02,0.14
1.83,73.88,0.11,0.08,0.02,0.14
1.88,73.23,0.11,0.08,0.02,0.14
1.79,73.67,0.11,0.07,0.02,0.14
2,74.48,0.1,0.07,0.02,0.14
1.79,73.82,0.1,0.07,0.02,0.14
1.67,74.52,0.1,0.07,0.02,0.13
1.85,75.03,0.1,0.07,0.02,0.13
1.91,74.64,0.1,0.07,0.02,0.13
1.78,74.83,0.1,0.07,0.02,0.13
1.79,74.91,0.1,0.07,0.02,0.13
1.8,74.58,0.09,0.07,0.02,0.13
1.91,74.48,0.1,0.07,0.02,0.13
1.47,74.51,0.1,0.07,0.02,0.13
1.84,74.81,0.1,0.07,0.02,0.13
1.6,75.14,0.1,0.07,0.02,0.13
2.01,73.96,0.1,0.07,0.02,0.13
1.91,74.26,0.1,0.07,0.02,0.14
1.48,74.18,0.1,0.07,0.02,0.14
1.65,74.66,0.1,0.07,0.02,0.14
2.11,73.94,0.1,0.07,0.02,0.14
1.52,74.28,0.1,0.07,0.02,0.14
1.91,75.23,0.1,0.07,0.02,0.13
1.83,74.96,0.09,0.06,0.02,0.13
2,74.77,0.08,0.06,0.02,0.13
1.69,75.23,0.06,0.06,0.02,0.13
1.76,76.35,0.05,0.06,0.02,0.13
1.96,76.54,0.03,0.05,0.02,0.12
1.82,76.74,0.02,0.05,0.02,0.12
1.85,78.36,0.02,0.05,0.02,0.12
1.99,75.26,0.02,0.05,0.02,0.12
1.51,74.72,0.03,0.05,0.02,0.12
1.69,76.36,0.09,0.06,0.02,0.13
1.74,75.44,0.1,0.07,0.02,0.14
1.79,73.48,0.11,0.08,0.02,0.14
1.79,74.38,0.12,0.08,0.02,0.14
1.76,73.06,0.12,0.09,0.02,0.15
1.76,72.57,0.12,0.09,0.02,0.15
1.63,72.47,0.12,0.09,0.02,0.15
1.93,71.97,0.12,0.09,0.02,0.15
2.03,72.21,0.12,0.09,0.02,0.15
1.58,74.75,0.12,0.08,0.02,0.14
2.49,71.67,0.12,0.08,0.02,0.15
1.03,73.31,0.12,0.08,0.02,0.14
2.09,72.03,0.12,0.08,0.02,0.14
1.79,73.13,0.11,0.08,0.02,0.14
1.57,72.48,0.11,0.08,0.02,0.14
1.71,73.61,0.11,0.08,0.02,0.14
2.18,71.7,0.12,0.08,0.02,0.14
1.4,72.88,0.12,0.08,0.02,0.14
2.07,72.54,0.12,0.08,0.02,0.14
1.74,72.98,0.12,0.09,0.02,0.15
2.13,70.84,0.13,0.09,0.02,0.15
1.85,71.18,0.14,0.1,0.02,0.15
1.65,70,0.14,0.1,0.02,0.16
1.88,69.56,0.15,0.11,0.02,0.16
1.69,68.39,0.16,0.12,0.03,0.16
1.92,67.78,0.16,0.12,0.03,0.17
1.82,67.38,0.17,0.13,0.04,0.17
1.88,65.65,0.18,0.14,0.04,0.17
1.76,64.93,0.18,0.14,0.05,0.18
1.77,64.25,0.19,0.15,0.06,0.18
1.72,63.2,0.2,0.16,0.07,0.18
1.8,62.79,0.2,0.16,0.07,0.18
1.85,61.35,0.21,0.17,0.08,0.19
1.89,61.1,0.21,0.17,0.08,0.19
1.7,59.69,0.22,0.18,0.09,0.19
1.67,59.09,0.23,0.19,0.1,0.19
1.61,58.43,0.23,0.2,0.11,0.2
1.77,56.38,0.24,0.2,0.12,0.2
1.73,56.11,0.25,0.21,0.14,0.2
1.72,54.92,0.25,0.22,0.14,0.21
1.74,53.8,0.25,0.22,0.15,0.21
1.68,52.49,0.26,0.23,0.16,0.21
1.65,52.2,0.26,0.23,0.16,0.21
1.49,52.07,0.26,0.24,0.16,0.21
1.53,51.36,0.26,0.24,0.17,0.21
1.77,50.43,0.26,0.24,0.17,0.21
1.68,49.25,0.26,0.25,0.18,0.22
1.62,48.99,0.27,0.25,0.19,0.22
1.36,48.62,0.27,0.26,0.19,0.22
1.39,47.76,0.27,0.26,0.2,0.22
1.47,47.42,0.28,0.27,0.2,0.22
1.65,46.71,0.28,0.27,0.21,0.22
1.44,45.64,0.28,0.27,0.21,0.22
1.34,45.5,0.28,0.28,0.21,0.22
1.41,44.98,0.28,0.28,0.22,0.22
1.67,44.49,0.29,0.28,0.22,0.22
1.59,43.51,0.29,0.29,0.23,0.22
1.61,43.07,0.29,0.29,0.23,0.22
1.3,41.94,0.3,0.3,0.24,0.23
1.24,41.6,0.3,0.31,0.25,0.23
1.37,40.51,0.3,0.31,0.25,0.23
1.55,39.23,0.31,0.31,0.26,0.23
1.15,38.72,0.31,0.32,0.26,0.23
1.11,37.78,0.31,0.32,0.26,0.23
1.35,37.15,0.32,0.33,0.27,0.23
1.21,36.6,0.32,0.33,0.27,0.23
1.35,36.17,0.32,0.34,0.28,0.23
1.42,34.97,0.32,0.34,0.28,0.23
1.12,34.19,0.33,0.35,0.28,0.23
1.15,33.45,0.33,0.35,0.29,0.23
1.14,32.76,0.33,0.35,0.29,0.23
1.1,31.94,0.33,0.36,0.29,0.23
0.99,31.38,0.34,0.36,0.3,0.23
1.18,30.14,0.34,0.37,0.3,0.23
0.87,29.27,0.34,0.37,0.31,0.24
0.98,27.95,0.35,0.38,0.31,0.24
1.04,27.09,0.35,0.38,0.32,0.24
0.74,26.42,0.35,0.38,0.32,0.24
1.07,25.93,0.35,0.38,0.32,0.24
0.78,25.53,0.35,0.39,0.32,0.24
1.07,25.51,0.35,0.38,0.32,0.24
0.85,25.66,0.35,0.38,0.32,0.24
0.78,25.57,0.35,0.38,0.32,0.24
1.18,25.53,0.35,0.38,0.32,0.24
0.78,25.71,0.35,0.38,0.32,0.24
1.01,25.45,0.35,0.38,0.32,0.24
0.83,25.39,0.35,0.38,0.32,0.24
1.04,25.29,0.35,0.39,0.32,0.24
0.85,25.24,0.35,0.39,0.32,0.24
0.86,24.98,0.35,0.39,0.32,0.24
0.66,25.23,0.35,0.39,0.32,0.24
1.06,24.94,0.35,0.39,0.32,0.24
0.94,25.17,0.35,0.39,0.32,0.24
0.84,25.15,0.35,0.39,0.32,0.24
0.86,25.12,0.35,0.39,0.32,0.24
0.93,25.27,0.35,0.39,0.32,0.24
0.91,25.12,0.35,0.39,0.32,0.24
0.78,25.29,0.35,0.39,0.32,0.24
1.24,24.96,0.35,0.39,0.32,0.24
0.74,24.84,0.35,0.39,0.32,0.24
0.71,24.56,0.35,0.39,0.33,0.24
1.01,24.24,0.35,0.39,0.33,0.24
0.77,23.62,0.36,0.39,0.33,0.24
0.85,22.74,0.36,0.4,0.33,0.24
0.75,22.12,0.36,0.4,0.34,0.24
0.61,21.31,0.36,0.4,0.34,0.24
0.57,20.71,0.36,0.4,0.34,0.24
0.8,19.84,0.36,0.41,0.34,0.24
0.68,19.19,0.37,0.41,0.35,0.24
0.69,18.63,0.37,0.41,0.35,0.24
0.47,17.6,0.37,0.41,0.35,0.24
0.73,16.9,0.37,0.41,0.35,0.24
0.39,16.6,0.37,0.41,0.35,0.24
0.71,15.94,0.37,0.42,0.36,0.24
0.53,15.65,0.37,0.42,0.36,0.24
0.65,14.97,0.37,0.42,0.36,0.24
0.51,14.75,0.37,0.42,0.36,0.24
0.84,14.93,0.37,0.42,0.36,0.24
0.67,14.32,0.37,0.42,0.36,0.24
0.41,14.07,0.37,0.42,0.36,0.24
0.64,13.71,0.38,0.42,0.36,0.24
0.6,13.14,0.38,0.42,0.36,0.24
0.29,12.58,0.38,0.42,0.36,0.24
0.53,12.33,0.38,0.43,0.36,0.24
0.58,12.16,0.38,0.42,0.36,0.24
0.36,12.32,0.38,0.42,0.36,0.24
0.52,12.13,0.38,0.42,0.36,0.24
0.49,11.81,0.38,0.42,0.36,0.24
0.33,12.42,0.38,0.42,0.36,0.24
0.39,12.38,0.38,0.42,0.36,0.24
0.8,13.19,0.38,0.42,0.36,0.24
0.46,12.67,0.38,0.42,0.36,0.24
0.24,12.97,0.38,0.42,0.36,0.24
0.45,12.68,0.38,0.42,0.36,0.24
0.81,12.67,0.38,0.42,0.36,0.24
0.62,12.57,0.38,0.42,0.36,0.24
0.61,12.29,0.38,0.42,0.36,0.24
0.53,12.6,0.38,0.42,0.36,0.24
0.57,12.27,0.38,0.42,0.36,0.24
0.55,12.04,0.38,0.43,0.36,0.24
0.41,11.78,0.38,0.43,0.36,0.24
0.4,11.46,0.38,0.43,0.37,0.24
0.6,11.13,0.38,0.43,0.37,0.24
0.44,10.76,0.38,0.43,0.37,0.24
0.35,10.48,0.38,0.43,0.37,0.24
0.4,10.06,0.38,0.43,0.37,0.24
0.23,9.78,0.38,0.43,0.37,0.24
0.54,8.87,0.38,0.43,0.37,0.24
0.31,8.86,0.38,0.43,0.37,0.24
0.36,7.88,0.38,0.43,0.37,0.24
0.36,7.33,0.38,0.44,0.37,0.24
0.32,6.4,0.38,0.44,0.37,0.24
0.28,5.71,0.38,0.44,0.37,0.24
0.33,5.07,0.38,0.44,0.37,0.24
0.13,4.68,0.38,0.44,0.37,0.24
0.39,3.99,0.38,0.44,0.38,0.24
0.23,3.37,0.38,0.44,0.38,0.24
-0.04,2.69,0.38,0.44,0.38,0.24
0.2,1.67,0.38,0.44,0.38,0.24
0.01,1.14,0.38,0.44,0.38,0.24
0.12,0.56,0.38,0.44,0.38,0.24
0.09,-0.31,0.38,0.44,0.38,0.24
0.12,-0.53,0.38,0.44,0.38,0.23
0.04,-0.86,0.38,0.44,0.38,0.23
0.01,-1.12,0.38,0.44,0.38,0.23
0.02,-1.08,0.38,0.44,0.38,0.23
0.02,-1.1,0.38,0.44,0.38,0.23
0.1,-0.82,0.38,0.44,0.38,0.23
0.11,-1.2,0.38,0.44,0.38,0.23
-0.14,-1.13,0.38,0.44,0.38,0.23
0.05,-1.13,0.38,0.44,0.38,0.23
0.44,-1.45,0.38,0.44,0.38,0.23
0.13,-0.91,0.38,0.44,0.38,0.23
0.17,-1.16,0.38,0.44,0.38,0.23
0.16,-1.68,0.38,0.44,0.38,0.23
0.06,-1.43,0.38,0.44,0.38,0.23
-0,-1.39,0.38,0.44,0.38,0.23
-0.2,-1.67,0.38,0.44,0.38,0.23
0.15,-2.01,0.38,0.44,0.38,0.23
-0.16,-1.66,0.38,0.44,0.38,0.23
0.19,-2.19,0.38,0.44,0.38,0.23
0.06,-2.42,0.38,0.44,0.38,0.23
0.21,-2.76,0.38,0.44,0.38,0.23
0.01,-3.13,0.38,0.44,0.38,0.23
-0.02,-3.42,0.38,0.44,0.38,0.23
0.07,-3.77,0.38,0.44,0.38,0.23
-0.05,-4.28,0.38,0.44,0.38,0.23
-0.1,-4.76,0.38,0.44,0.38,0.23
-0.14,-5.4,0.38,0.44,0.38,0.23
-0.04,-5.61,0.38,0.44,0.38,0.23
0.02,-6.1,0.38,0.44,0.38,0.23
-0.19,-6.92,0.38,0.44,0.38,0.23
-0.42,-7.28,0.38,0.44,0.38,0.23
-0.1,-7.96,0.38,0.44,0.39,0.23
-0.13,-8.4,0.38,0.44,0.39,0.23
-0.12,-9.23,0.38,0.44,0.39,0.23
-0.22,-10.02,0.38,0.44,0.39,0.23
-0.15,-10.45,0.38,0.44,0.39,0.23
-0.15,-10.89,0.38,0.44,0.39,0.23
-0.33,-11.96,0.38,0.44,0.39,0.22
-0.15,-12.26,0.38,0.44,0.39,0.22
0.06,-13.17,0.38,0.44,0.39,0.22
-0.26,-13.96,0.38,0.44,0.39,0.22
-0.68,-14.6,0.38,0.43,0.39,0.22
-0.03,-15.37,0.37,0.43,0.39,0.22
-0.3,-16.34,0.37,0.43,0.39,0.22
-0.27,-17.55,0.37,0.43,0.39,0.22
-0.41,-18.42,0.37,0.43,0.39,0.21
-0.61,-19.42,0.37,0.43,0.39,0.21
-0.13,-20.38,0.37,0.43,0.39,0.21
-0.76,-20.84,0.36,0.42,0.39,0.21
-0.37,-21.98,0.36,0.42,0.39,0.21
-0.68,-23.15,0.36,0.42,0.39,0.21
-0.53,-24.24,0.36,0.42,0.39,0.21
-0.73,-24.78,0.35,0.41,0.39,0.2
-0.53,-25.69,0.35,0.41,0.39,0.2
-0.52,-26.4,0.35,0.41,0.39,0.2
-0.67,-27.37,0.35,0.41,0.39,0.2
-0.69,-28.04,0.34,0.4,0.38,0.2
-0.67,-28.85,0.34,0.4,0.38,0.19
-0.83,-29.75,0.34,0.4,0.38,0.19
-0.74,-30.48,0.33,0.4,0.38,0.19
-0.77,-31.46,0.33,0.39,0.38,0.19
-0.84,-31.9,0.33,0.39,0.38,0.19
-1,-32.28,0.33,0.39,0.38,0.19
-0.71,-33.58,0.32,0.38,0.38,0.18
-0.73,-33.86,0.32,0.38,0.38,0.18
-0.92,-34.39,0.32,0.38,0.38,0.18
-0.84,-36.08,0.31,0.37,0.38,0.18
-1.06,-36.14,0.31,0.37,0.38,0.18
-1.42,-36.25,0.31,0.37,0.38,0.17
-0.61,-36.87,0.31,0.37,0.38,0.17
-0.67,-37.45,0.3,0.37,0.38,0.17
-1.3,-37.82,0.3,0.36,0.38,0.17
-0.85,-38.55,0.3,0.36,0.38,0.17
-1.2,-38.77,0.3,0.36,0.38,0.17
-1.09,-39.61,0.29,0.35,0.38,0.16
-1.1,-40.88,0.29,0.35,0.38,0.16
-1.18,-40.01,0.29,0.35,0.38,0.16
-1.24,-41.61,0.29,0.35,0.38,0.16
-0.75,-41.14,0.29,0.35,0.38,0.16
-1.19,-42.13,0.28,0.34,0.37,0.16
-1.13,-41.64,0.28,0.34,0.37,0.16
-1.23,-43.27,0.27,0.33,0.37,0.15
-1.05,-43.81,0.27,0.33,0.37,0.15
-1.15,-43.89,0.27,0.33,0.37,0.15
-1.2,-44.48,0.27,0.33,0.37,0.15
-1.42,-44.56,0.26,0.33,0.37,0.15
-1.54,-45.27,0.26,0.33,0.37,0.15
-1.02,-45.37,0.26,0.32,0.37,0.14
-1.36,-45.47,0.26,0.32,0.37,0.14
-1.32,-47.64,0.25,0.32,0.37,0.14
-1.33,-47.29,0.25,0.32,0.37,0.14
-1.39,-47.69,0.25,0.31,0.37,0.14
-1.13,-47.39,0.25,0.31,0.37,0.14
-1.13,-47.29,0.25,0.31,0.37,0.14
-1.65,-47.68,0.25,0.31,0.37,0.14
-0.91,-48.9,0.25,0.31,0.37,0.14
-1.18,-47.6,0.25,0.31,0.37,0.14
-1.77,-49.16,0.25,0.31,0.37,0.13
-1.2,-48.65,0.24,0.31,0.37,0.13
-1.02,-48.74,0.24,0.3,0.37,0.13
-0.86,-49.73,0.24,0.3,0.37,0.13
-1.15,-50.58,0.24,0.3,0.36,0.13
-1.57,-50.51,0.23,0.29,0.36,0.12
-1.45,-51.24,0.23,0.29,0.36,0.12
-1.41,-51.82,0.23,0.29,0.36,0.12
-1.26,-52.24,0.22,0.29,0.36,0.12
-1.61,-53.31,0.22,0.28,0.36,0.11
-1.32,-53.8,0.22,0.28,0.36,0.11
-1.48,-53.93,0.21,0.27,0.36,0.11
-1.24,-55.18,0.21,0.27,0.35,0.1
-1.24,-56.31,0.2,0.27,0.35,0.1
-1.51,-57.13,0.2,0.26,0.35,0.09
-1.45,-57.62,0.19,0.25,0.34,0.09
-1.51,-58.95,0.19,0.25,0.34,0.08
-1.43,-60.04,0.18,0.24,0.34,0.08
-1.52,-60.36,0.18,0.24,0.33,0.07
-1.49,-61.67,0.18,0.24,0.33,0.07
-1.53,-62.36,0.17,0.23,0.32,0.07
-1.37,-61.97,0.17,0.23,0.32,0.06
-1.59,-63.94,0.17,0.22,0.32,0.06
-1.52,-64.3,0.16,0.22,0.31,0.06
-1.42,-64.22,0.16,0.21,0.31,0.05
-1.65,-66.14,0.15,0.21,0.31,0.05
-1.46,-65.41,0.15,0.2,0.31,0.05
-1.72,-66.45,0.15,0.2,0.3,0.05
-1.47,-67.42,0.14,0.2,0.3,0.04
-1.68,-67.42,0.14,0.19,0.3,0.04
-1.51,-68.3,0.14,0.19,0.3,0.04
-1.7,-68.46,0.13,0.18,0.3,0.03
-1.48,-69.1,0.13,0.18,0.29,0.03
-1.75,-70.31,0.13,0.18,0.29,0.03
-1.64,-69.31,0.13,0.18,0.29,0.03
-1.54,-69.98,0.13,0.18,0.29,0.03
-1.44,-70.25,0.12,0.17,0.29,0.03
-1.6,-70.37,0.12,0.17,0.29,0.03
-1.49,-70.64,0.12,0.17,0.29,0.03
-1.61,-70.74,0.12,0.17,0.29,0.03
-1.47,-71.08,0.12,0.17,0.29,0.03
-1.84,-71.17,0.12,0.17,0.29,0.03
-1.66,-71.57,0.12,0.17,0.29,0.03
-1.42,-71.48,0.12,0.17,0.29,0.03
-1.55,-71.3,0.12,0.17,0.28,0.03
-1.66,-71.07,0.11,0.16,0.28,0.02
-1.55,-72.25,0.11,0.16,0.28,0.02
-1.5,-72.46,0.11,0.16,0.28,0.02
-1.61,-72.8,0.11,0.16,0.28,0.02
-1.59,-73.46,0.1,0.15,0.27,0.02
-1.51,-72.96,0.1,0.15,0.27,0.02
-1.77,-73.15,0.1,0.15,0.27,0.02
-1.66,-73.54,0.1,0.15,0.27,0.02
-1.67,-73.42,0.1,0.15,0.27,0.02
-1.69,-73.01,0.1,0.15,0.27,0.02
-1.59,-73.45,0.11,0.16,0.28,0.02
-1.54,-71.88,0.12,0.17,0.28,0.03
-1.72,-72.23,0.12,0.17,0.29,0.03
-1.61,-70.62,0.13,0.18,0.29,0.03
-1.66,-70.63,0.13,0.19,0.3,0.04
-1.44,-69.89,0.14,0.19,0.3,0.04
-1.59,-69.05,0.14,0.19,0.3,0.04
-1.59,-68.25,0.14,0.19,0.3,0.04
-1.56,-67.62,0.14,0.19,0.3,0.04
-1.63,-67.65,0.14,0.2,0.3,0.04
-1.32,-66.58,0.15,0.2,0.3,0.05
-1.62,-67.18,0.15,0.21,0.31,0.05
-1.62,-65.71,0.16,0.21,0.31,0.06
-1.5,-65.11,0.16,0.22,0.32,0.06
-1.66,-64.73,0.17,0.22,0.32,0.06
-1.34,-63.48,0.17,0.23,0.32,0.07
-1.59,-63.64,0.17,0.23,0.32,0.07
-1.44,-63.22,0.17,0.23,0.32,0.06
-1.5,-62.66,0.17,0.23,0.32,0.07
-1.5,-63.39,0.17,0.23,0.32,0.07
-1.54,-62.88,0.17,0.23,0.32,0.07
-1.36,-62.36,0.17,0.23,0.33,0.07
-1.28,-62.61,0.17,0.23,0.33,0.07
-1.37,-62.79,0.18,0.23,0.33,0.07
-1.62,-61.12,0.18,0.24,0.33,0.08
-1.07,-61.06,0.19,0.25,0.34,0.08
-1.34,-59.7,0.19,0.25,0.34,0.09
-1.4,-57.77,0.2,0.26,0.35,0.09
-1.88,-57.04,0.2,0.26,0.35,0.1
-1.34,-55.88,0.21,0.27,0.35,0.1
-1.37,-55.34,0.21,0.27,0.35,0.11
-1.39,-55.09,0.21,0.27,0.36,0.11
-1.12,-54.51,0.22,0.28,0.36,0.11
-1.44,-53.99,0.22,0.28,0.36,0.11
-0.92,-53.35,0.23,0.29,0.36,0.12
-1.01,-52.76,0.23,0.29,0.36,0.12
-1.29,-51.88,0.23,0.29,0.36,0.12
-1.05,-51.05,0.24,0.3,0.36,0.13
-1.22,-49.98,0.24,0.3,0.37,0.13
-1.34,-49.13,0.24,0.31,0.37,0.13
-0.96,-49.62,0.25,0.31,0.37,0.13
-1,-48.28,0.25,0.31,0.37,0.14
-1.3,-46.57,0.26,0.32,0.37,0.14
-1.54,-46.54,0.26,0.32,0.37,0.14
-1.05,-46.49,0.26,0.32,0.37,0.14
-1.15,-45.78,0.26,0.32,0.37,0.15
-0.96,-45.95,0.26,0.32,0.37,0.15
-1.04,-46.21,0.26,0.32,0.37,0.14
-1.3,-45.84,0.26,0.32,0.37,0.14
-0.8,-46.36,0.26,0.32,0.37,0.14
-1.07,-45.59,0.26,0.32,0.37,0.14
-1.23,-45.5,0.26,0.32,0.37,0.14
-1.39,-45.46,0.26,0.33,0.37,0.15
-0.64,-46.46,0.26,0.32,0.37,0.14
-1.41,-45.21,0.26,0.33,0.37,0.15
-1.11,-45.68,0.26,0.33,0.37,0.15
-0.83,-45.35,0.26,0.33,0.37,0.15
-1.3,-45.24,0.27,0.33,0.37,0.15
-1.08,-44.51,0.27,0.33,0.37,0.15
-1.1,-43.81,0.27,0.34,0.37,0.15
-1.25,-43.49,0.28,0.34,0.37,0.15
-1.02,-42.66,0.28,0.35,0.38,0.16
-1.11,-42.12,0.29,0.35,0.38,0.16
-0.66,-41.14,0.29,0.35,0.38,0.16
-1.05,-40.6,0.29,0.36,0.38,0.16
-1.2,-39.68,0.3,0.36,0.38,0.17
-0.91,-38.82,0.3,0.36,0.38,0.17
-0.97,-37.93,0.31,0.37,0.38,0.17
-1.12,-36.8,0.31,0.37,0.38,0.18
-1.14,-35.77,0.32,0.38,0.38,0.18
-0.96,-34.77,0.32,0.38,0.38,0.18
-0.8,-34.12,0.32,0.39,0.38,0.18
-0.95,-32.88,0.33,0.39,0.38,0.19
-0.9,-32.21,0.33,0.39,0.38,0.19
-0.9,-31.57,0.33,0.4,0.38,0.19
-0.69,-30.96,0.34,0.4,0.38,0.19
-0.69,-29.86,0.34,0.4,0.38,0.19
-0.65,-29.48,0.34,0.4,0.38,0.2
-0.45,-27.87,0.35,0.41,0.39,0.2
-0.77,-27.22,0.35,0.41,0.39,0.2
-0.64,-25.84,0.35,0.41,0.39,0.2
-0.68,-24.97,0.36,0.42,0.39,0.21
-0.46,-23.64,0.36,0.42,0.39,0.21
-0.41,-22.59,0.36,0.42,0.39,0.21
-0.42,-21.13,0.37,0.43,0.39,0.21
-0.35,-19.88,0.37,0.43,0.39,0.22
-0.32,-18.78,0.37,0.43,0.39,0.22
-0.42,-17.7,0.37,0.43,0.39,0.22
-0.36,-16.69,0.37,0.43,0.39,0.22
-0.26,-15.43,0.38,0.43,0.39,0.22
-0.26,-14.89,0.38,0.44,0.39,0.22
-0.42,-14.12,0.38,0.44,0.39,0.22
-0.26,-12.74,0.38,0.44,0.39,0.23
-0.31,-12.01,0.38,0.44,0.39,0.23
0.02,-10.98,0.38,0.44,0.39,0.23
0.18,-9.74,0.38,0.44,0.39,0.23
-0.12,-8.77,0.38,0.44,0.38,0.23
