-0.53,1.01,0.42,0.38,0.37,0.39
-0.67,0.93,0.42,0.38,0.37,0.39
-0.65,0.79,0.42,0.38,0.37,0.39
-0.5,0.3,0.42,0.38,0.37,0.39
-0.8,-0.21,0.42,0.38,0.37,0.39
-0.42,-0.53,0.42,0.38,0.37,0.39
-0.31,-0.89,0.42,0.38,0.37,0.39
-0.36,-1.02,0.42,0.38,0.37,0.39
-0.64,-1.71,0.42,0.38,0.37,0.39
-0.66,-2.37,0.42,0.38,0.37,0.39
-0.58,-2.8,0.42,0.38,0.37,0.39
-0.64,-3.23,0.42,0.38,0.37,0.39
-0.64,-3.5,0.42,0.38,0.37,0.38
-0.54,-4.2,0.42,0.38,0.38,0.38
-0.69,-4.86,0.42,0.38,0.38,0.38
-0.76,-5.39,0.42,0.38,0.38,0.38
-0.64,-5.55,0.42,0.38,0.38,0.38
-0.65,-5.93,0.42,0.38,0.38,0.38
-0.73,-6.44,0.42,0.38,0.38,0.38
-0.79,-6.93,0.42,0.38,0.38,0.38
-0.8,-7.12,0.42,0.38,0.38,0.38
-0.88,-7.44,0.42,0.38,0.38,0.38
-0.93,-7.88,0.42,0.38,0.38,0.38
-0.79,-8.57,0.42,0.38,0.38,0.37
-0.84,-9.03,0.42,0.38,0.38,0.37
-0.86,-9.28,0.42,0.38,0.38,0.37
-0.86,-9.61,0.42,0.38,0.38,0.37
-0.91,-9.81,0.42,0.38,0.38,0.37
-0.91,-10.18,0.42,0.38,0.38,0.37
-0.91,-10.47,0.42,0.38,0.38,0.37
-0.9,-10.63,0.42,0.38,0.38,0.37
-0.97,-10.87,0.42,0.38,0.38,0.37
-0.88,-11.17,0.42,0.38,0.38,0.37
-0.94,-11.35,0.42,0.38,0.38,0.37
-1.02,-11.74,0.41,0.38,0.38,0.37
-0.9,-11.97,0.41,0.38,0.38,0.37
-1.07,-12.26,0.41,0.38,0.38,0.36
-1.06,-12.61,0.41,0.38,0.38,0.36
-0.97,-13.08,0.41,0.38,0.38,0.36
-1.06,-13.45,0.41,0.38,0.38,0.36
-1.07,-13.92,0.41,0.38,0.38,0.36
-1.08,-13.76,0.41,0.38,0.38,0.36
-0.96,-14.08,0.41,0.38,0.38,0.36
-1.34,-14.07,0.41,0.38,0.38,0.36
-1.16,-14.38,0.41,0.38,0.38,0.36
-1.11,-15.24,0.41,0.37,0.38,0.36
-1.1,-15.31,0.41,0.37,0.38,0.36
-1.06,-15.67,0.41,0.37,0.38,0.36
-1.14,-16.03,0.41,0.37,0.38,0.35
-1.35,-16.64,0.41,0.37,0.38,0.35
-1.31,-17.11,0.41,0.37,0.38,0.35
-1.18,-17.53,0.41,0.37,0.38,0.35
-1.12,-17.97,0.41,0.37,0.38,0.35
-1.13,-18.53,0.41,0.37,0.38,0.35
-1.29,-19.09,0.41,0.37,0.38,0.34
-1.29,-19.69,0.41,0.37,0.38,0.34
-1.4,-20.25,0.4,0.37,0.38,0.34
-1.43,-20.71,0.4,0.37,0.38,0.34
-1.3,-21.23,0.4,0.37,0.38,0.34
-1.39,-21.67,0.4,0.36,0.38,0.34
-1.38,-22.16,0.4,0.36,0.38,0.33
-1.46,-22.71,0.4,0.36,0.38,0.33
-1.27,-22.92,0.4,0.36,0.38,0.33
-1.35,-23.31,0.4,0.36,0.38,0.33
-1.36,-23.66,0.4,0.36,0.38,0.33
-1.43,-23.87,0.4,0.36,0.38,0.33
-1.5,-24.49,0.4,0.36,0.38,0.33
-1.47,-24.87,0.39,0.36,0.38,0.32
-1.39,-25.3,0.39,0.36,0.38,0.32
-1.6,-25.74,0.39,0.36,0.38,0.32
-1.57,-25.84,0.39,0.35,0.38,0.32
-1.47,-26.45,0.39,0.35,0.38,0.32
-1.45,-26.56,0.39,0.35,0.38,0.32
-1.39,-27.36,0.39,0.35,0.38,0.32
-1.56,-27.2,0.39,0.35,0.38,0.31
-1.42,-27.59,0.39,0.35,0.38,0.31
-1.56,-27.88,0.39,0.35,0.38,0.31
-1.45,-28.17,0.38,0.35,0.38,0.31
-1.5,-28.67,0.38,0.35,0.38,0.31
-1.46,-28.97,0.38,0.35,0.38,0.31
-1.46,-29.34,0.38,0.35,0.38,0.31
-1.5,-29.66,0.38,0.34,0.38,0.31
-1.61,-29.62,0.38,0.34,0.38,0.31
-1.39,-29.94,0.38,0.34,0.38,0.31
-1.49,-30.01,0.38,0.34,0.38,0.3
-1.44,-29.96,0.38,0.34,0.38,0.3
-1.52,-30.52,0.38,0.34,0.38,0.3
-1.5,-30.71,0.38,0.34,0.38,0.3
-1.6,-31.2,0.37,0.34,0.38,0.3
-1.58,-31.69,0.37,0.34,0.38,0.3
-1.6,-32.01,0.37,0.34,0.38,0.29
-1.49,-32.39,0.37,0.34,0.38,0.29
-1.48,-32.7,0.37,0.34,0.38,0.29
-1.6,-33.21,0.37,0.34,0.38,0.29
-1.76,-33.32,0.37,0.33,0.38,0.29
-1.66,-33.69,0.36,0.33,0.38,0.29
-1.72,-34.12,0.36,0.33,0.38,0.28
-1.77,-34.64,0.36,0.33,0.38,0.28
-1.69,-35.31,0.36,0.33,0.38,0.28
-1.74,-35.7,0.35,0.33,0.38,0.28
-1.65,-36.22,0.35,0.32,0.38,0.27
-1.82,-36.7,0.35,0.32,0.38,0.27
-1.77,-37.31,0.35,0.32,0.38,0.27
-1.84,-37.76,0.35,0.32,0.38,0.27
-1.79,-38.44,0.34,0.32,0.38,0.26
-1.76,-38.75,0.34,0.32,0.38,0.26
-1.88,-39.24,0.34,0.31,0.38,0.26
-1.91,-39.74,0.34,0.31,0.38,0.26
-1.91,-40.18,0.33,0.31,0.38,0.25
-1.83,-40.6,0.33,0.31,0.38,0.25
-1.92,-41.12,0.33,0.31,0.38,0.25
-1.96,-41.64,0.33,0.3,0.38,0.25
-1.93,-41.91,0.32,0.3,0.38,0.24
-1.91,-42.66,0.32,0.3,0.38,0.24
-1.98,-43.13,0.32,0.3,0.38,0.24
-2.01,-43.7,0.31,0.3,0.38,0.24
-1.87,-44.02,0.31,0.3,0.38,0.23
-2.05,-44.32,0.31,0.29,0.38,0.23
-2.15,-44.65,0.31,0.29,0.37,0.23
-1.99,-45.14,0.31,0.29,0.37,0.23
-2.05,-45.36,0.3,0.29,0.37,0.23
-2.15,-45.57,0.3,0.29,0.37,0.23
-1.94,-45.95,0.3,0.29,0.37,0.22
-2.03,-46.42,0.3,0.29,0.37,0.22
-2.04,-46.73,0.3,0.28,0.37,0.22
-2.13,-46.94,0.3,0.28,0.37,0.22
-2.22,-47.21,0.29,0.28,0.37,0.22
-2.04,-47.71,0.29,0.28,0.37,0.21
-2.06,-47.79,0.29,0.28,0.37,0.21
-2.04,-47.97,0.29,0.28,0.37,0.21
-2.14,-48.24,0.29,0.28,0.37,0.21
-1.97,-48.81,0.29,0.28,0.37,0.21
-2.04,-48.58,0.29,0.28,0.37,0.21
-2.12,-49.09,0.29,0.28,0.37,0.21
-2.01,-49.15,0.28,0.27,0.37,0.2
-2.08,-49.78,0.28,0.27,0.37,0.2
-2.16,-50.31,0.28,0.27,0.37,0.2
-2.26,-50.89,0.27,0.26,0.37,0.19
-2.34,-52.05,0.27,0.26,0.37,0.18
-2.17,-52.15,0.26,0.26,0.37,0.18
-2.26,-53.11,0.26,0.26,0.38,0.17
-2.27,-53.56,0.26,0.25,0.38,0.17
-2.22,-53.89,0.26,0.25,0.38,0.17
-2.2,-54.04,0.26,0.25,0.38,0.17
-2.22,-54.22,0.25,0.25,0.38,0.17
-2.21,-54.53,0.25,0.25,0.38,0.16
-2.14,-54.89,0.25,0.25,0.38,0.16
-2.09,-55.02,0.25,0.25,0.38,0.16
-2.11,-55.22,0.25,0.25,0.38,0.16
-2.24,-55.13,0.25,0.25,0.38,0.16
-2.09,-55.39,0.25,0.25,0.38,0.16
-2.19,-55.5,0.25,0.25,0.38,0.16
-2.24,-55.41,0.25,0.25,0.38,0.16
-2.23,-55.61,0.25,0.25,0.38,0.16
-2.04,-55.75,0.24,0.24,0.38,0.15
-2.3,-55.72,0.24,0.24,0.38,0.15
-2.2,-56.69,0.24,0.24,0.38,0.15
-2.15,-56.72,0.24,0.24,0.38,0.15
-2.2,-57.48,0.24,0.24,0.38,0.14
-2.15,-57.44,0.23,0.23,0.37,0.14
-2.14,-58.22,0.23,0.23,0.37,0.13
-2.36,-58.69,0.23,0.23,0.37,0.13
-2.21,-58.99,0.23,0.23,0.37,0.13
-2.36,-59.68,0.22,0.23,0.37,0.12
-2.33,-60.03,0.22,0.22,0.37,0.12
-2.33,-60.27,0.22,0.22,0.36,0.12
-2.38,-60.74,0.21,0.22,0.36,0.11
-2.42,-60.94,0.21,0.22,0.36,0.11
-2.12,-61.03,0.21,0.21,0.36,0.11
-2.5,-61.76,0.21,0.21,0.36,0.11
-2.32,-61.79,0.21,0.21,0.36,0.1
-2.26,-61.39,0.21,0.21,0.36,0.1
-2.22,-61.72,0.21,0.21,0.36,0.1
-2.35,-61.93,0.21,0.21,0.36,0.1
-2.3,-61.93,0.21,0.21,0.36,0.1
-2.34,-61.88,0.21,0.21,0.36,0.1
-2.2,-62.03,0.21,0.21,0.36,0.1
-2.42,-61.82,0.21,0.21,0.35,0.1
-2.24,-62.1,0.21,0.21,0.35,0.1
-2.32,-61.9,0.21,0.21,0.35,0.1
-2.31,-61.65,0.21,0.21,0.35,0.1
-2.6,-61.86,0.21,0.21,0.35,0.1
-2.26,-61.97,0.21,0.21,0.35,0.1
-2.5,-62.12,0.21,0.21,0.35,0.1
-2.48,-62.04,0.21,0.21,0.35,0.1
-2.67,-62.31,0.21,0.21,0.35,0.1
-2.37,-62.31,0.21,0.21,0.35,0.1
-2.23,-62.21,0.21,0.21,0.35,0.1
-2.35,-62.32,0.21,0.21,0.35,0.1
-2.35,-62.23,0.21,0.21,0.35,0.1
-2.43,-62.26,0.21,0.21,0.35,0.1
-2.43,-62.29,0.21,0.21,0.35,0.1
-2.45,-62.07,0.21,0.21,0.35,0.1
-2.24,-62.3,0.21,0.21,0.35,0.1
-2.1,-62.3,0.21,0.21,0.35,0.1
-2.14,-62.21,0.21,0.21,0.35,0.1
-2.32,-62.24,0.21,0.21,0.35,0.1
-2.17,-62.09,0.21,0.21,0.35,0.1
-2.1,-62.24,0.21,0.21,0.35,0.1
-2.48,-62.25,0.21,0.21,0.35,0.1
-1.99,-62,0.21,0.21,0.35,0.1
-2.73,-62.09,0.21,0.21,0.35,0.1
-2.44,-62.06,0.21,0.21,0.35,0.1
-2.14,-62.04,0.21,0.21,0.35,0.1
-2.41,-62.05,0.21,0.21,0.35,0.1
-2.37,-62.13,0.21,0.21,0.35,0.1
-2.31,-62.08,0.21,0.21,0.35,0.1
-2.53,-62.15,0.21,0.21,0.35,0.1
-2.2,-62.41,0.21,0.21,0.35,0.1
-2.1,-62.9,0.2,0.21,0.35,0.1
-2.4,-62.63,0.2,0.21,0.35,0.1
-2.31,-62.29,0.2,0.21,0.35,0.09
-2.69,-63.01,0.2,0.21,0.35,0.09
-2.5,-62.81,0.2,0.21,0.35,0.09
-2.29,-62.78,0.2,0.21,0.35,0.09
-2.55,-62.4,0.2,0.2,0.34,0.09
-2.43,-63.03,0.2,0.2,0.34,0.09
-2.74,-63.16,0.2,0.2,0.34,0.09
-2.33,-63.33,0.2,0.2,0.34,0.09
-2.26,-63.3,0.2,0.2,0.34,0.09
-2.24,-63.78,0.2,0.2,0.34,0.09
-2.2,-63.6,0.2,0.2,0.34,0.09
-2.28,-63.85,0.19,0.2,0.34,0.09
-2.4,-64.36,0.19,0.2,0.34,0.08
-2.31,-64.37,0.19,0.2,0.34,0.08
-2.35,-64.28,0.19,0.2,0.34,0.08
-1.99,-64.44,0.19,0.2,0.34,0.08
-2.45,-64.28,0.19,0.2,0.34,0.08
-2.45,-64.76,0.19,0.19,0.33,0.08
-2.32,-64.79,0.19,0.19,0.33,0.08
-2.42,-65.33,0.18,0.19,0.33,0.07
-2.45,-65.28,0.18,0.19,0.33,0.07
-2.51,-66.05,0.18,0.18,0.33,0.07
-2.37,-66.23,0.18,0.18,0.33,0.06
-2.3,-66.88,0.17,0.18,0.33,0.06
-2.37,-66.94,0.17,0.17,0.32,0.06
-2.4,-67.6,0.17,0.17,0.32,0.05
-2.28,-67.92,0.17,0.17,0.32,0.05
-2.51,-68.08,0.17,0.17,0.32,0.05
-2.31,-67.94,0.17,0.17,0.32,0.05
-2.41,-68.26,0.17,0.17,0.32,0.05
-2.48,-68.46,0.16,0.16,0.31,0.05
-2.28,-68.63,0.16,0.16,0.31,0.04
-2.38,-69.93,0.15,0.15,0.3,0.04
-2.39,-70.84,0.15,0.15,0.3,0.03
-2.58,-70.59,0.15,0.14,0.3,0.03
-2.43,-71.37,0.14,0.14,0.29,0.03
-2.4,-71.52,0.14,0.14,0.29,0.03
-2.56,-72.77,0.14,0.13,0.29,0.02
-2.47,-72.92,0.13,0.13,0.28,0.02
-2.58,-73.74,0.13,0.12,0.28,0.02
-2.46,-73.05,0.13,0.12,0.27,0.02
-2.53,-74.42,0.12,0.12,0.27,0.02
-2.57,-74.64,0.12,0.11,0.26,0.02
-2.53,-76.04,0.12,0.11,0.26,0.02
-2.48,-75.38,0.11,0.11,0.26,0.02
-2.62,-75.86,0.11,0.1,0.25,0.02
-2.66,-76.71,0.11,0.1,0.25,0.02
-2.5,-76.55,0.11,0.1,0.25,0.02
-2.58,-76.24,0.1,0.1,0.25,0.02
-2.79,-77.06,0.1,0.1,0.25,0.02
-2.71,-77.49,0.1,0.09,0.24,0.02
-2.53,-77.27,0.1,0.09,0.24,0.02
-2.57,-77.45,0.09,0.09,0.24,0.02
-2.71,-77.35,0.09,0.09,0.23,0.02
-2.65,-78.77,0.09,0.08,0.22,0.02
-2.38,-79.09,0.09,0.08,0.21,0.02
-2.55,-78.67,0.08,0.08,0.18,0.01
-2.59,-79.92,0.08,0.07,0.13,0.01
-2.48,-79.66,0.08,0.07,0.08,0.01
-2.38,-80.01,0.07,0.07,0.04,0.01
-2.47,-86.97,0.07,0.06,0.03,0
-2.58,-79.81,0.06,0.05,0.02,0
-2.48,-80.29,0.06,0.04,0.02,0
-2.43,-80.29,0.06,0.03,0.02,0
-2.53,-83.21,0.05,0.03,0.02,0
-2.48,-86.12,0.05,0.02,0.02,0
-2.71,-86.93,0.04,0.01,0.02,0
-2.49,-83.26,0.02,0.01,0.02,0
-2.47,-80.34,0.01,0.01,0.02,0
-2.58,-88.7,0.01,0.01,0.02,0
-2.79,-85.61,0.01,0.01,0.02,0
-2.46,-80.34,0.01,0.01,0.02,0
-2.69,-80.19,0.01,0.01,0.02,0
-2.63,-87.09,0.02,0.01,0.02,0
-2.56,-86.93,0.03,0.01,0.02,0
-2.5,-86.41,0.04,0.01,0.02,0
-2.62,-81.29,0.04,0.01,0.02,0
-2.59,-83.04,0.05,0.02,0.02,0
-2.47,-83.68,0.06,0.04,0.02,0
-2.53,-80.18,0.06,0.05,0.03,0
-2.37,-79.85,0.07,0.06,0.03,0
-2.46,-79.96,0.07,0.07,0.05,0.01
-2.54,-79.81,0.08,0.07,0.08,0.01
-2.22,-78.34,0.08,0.08,0.19,0.01
-2.45,-78.78,0.09,0.08,0.22,0.02
-2.43,-77.75,0.09,0.09,0.23,0.02
-2.58,-77.79,0.1,0.09,0.24,0.02
-2.24,-77.59,0.1,0.09,0.25,0.02
-2.31,-77.24,0.1,0.1,0.25,0.02
-2.48,-76.1,0.11,0.1,0.26,0.02
-2.63,-77.12,0.11,0.1,0.26,0.02
-2.28,-76.22,0.12,0.11,0.27,0.02
-2.38,-75.3,0.12,0.11,0.27,0.02
-2.28,-74.23,0.12,0.12,0.28,0.02
-2.64,-74.52,0.13,0.12,0.28,0.02
-2.58,-73.43,0.13,0.12,0.28,0.02
-2.51,-73.21,0.13,0.13,0.28,0.02
-2.46,-72.57,0.14,0.13,0.29,0.02
-2.37,-72.74,0.14,0.13,0.29,0.03
-2.49,-72.89,0.14,0.14,0.3,0.03
-2.36,-71.68,0.15,0.14,0.3,0.03
-2.12,-71.25,0.15,0.15,0.3,0.04
-2.42,-70.41,0.15,0.15,0.31,0.04
-2.48,-70.03,0.16,0.16,0.31,0.04
-2.29,-70.21,0.16,0.16,0.31,0.04
-2.42,-69.52,0.16,0.16,0.31,0.04
-2.31,-69.43,0.16,0.16,0.31,0.04
-2.41,-69.06,0.16,0.16,0.31,0.05
-2.24,-68.87,0.17,0.17,0.32,0.05
-2.31,-67.58,0.17,0.17,0.32,0.05
-2.39,-66.79,0.17,0.18,0.32,0.06
-2.47,-67.59,0.17,0.18,0.32,0.06
-2.25,-66.19,0.18,0.18,0.32,0.06
-2.17,-66.72,0.18,0.18,0.32,0.06
-2.41,-66.14,0.18,0.18,0.32,0.07
-2.24,-66.48,0.18,0.18,0.33,0.07
-2.36,-65.91,0.18,0.18,0.33,0.07
-2.38,-65.86,0.18,0.19,0.33,0.07
-2.31,-65.61,0.18,0.19,0.33,0.07
-2.17,-65.59,0.18,0.19,0.33,0.07
-2.21,-65.08,0.19,0.19,0.33,0.08
-2.33,-65.05,0.19,0.19,0.33,0.08
-2.49,-64.76,0.19,0.19,0.34,0.08
-2.13,-64.5,0.19,0.2,0.34,0.08
-2.51,-63.75,0.19,0.2,0.34,0.09
-2.31,-63.64,0.2,0.2,0.34,0.09
-2.28,-63.36,0.2,0.2,0.35,0.09
-2.24,-63.12,0.2,0.21,0.35,0.1
-2.03,-62.57,0.2,0.21,0.35,0.1
-2.26,-61.98,0.21,0.21,0.36,0.1
-2.32,-61.68,0.21,0.22,0.36,0.11
-2.39,-61.12,0.21,0.22,0.36,0.11
-2.16,-60.59,0.22,0.22,0.36,0.12
-2.28,-60.23,0.22,0.23,0.37,0.12
-2.26,-59.52,0.23,0.23,0.37,0.13
-2.12,-58.63,0.23,0.23,0.37,0.13
-2.21,-58.23,0.23,0.23,0.37,0.13
-2.14,-58.29,0.23,0.24,0.37,0.14
-2.16,-57.48,0.24,0.24,0.37,0.14
-2.12,-57.05,0.24,0.24,0.37,0.15
-2.14,-56.85,0.24,0.24,0.37,0.15
-2.28,-56.14,0.24,0.24,0.37,0.15
-2.06,-56.09,0.25,0.25,0.37,0.16
-2.27,-55.62,0.25,0.25,0.37,0.16
-2.04,-55.18,0.25,0.25,0.37,0.16
-2.12,-54.69,0.25,0.25,0.37,0.17
-2.14,-54.61,0.25,0.25,0.37,0.17
-2.29,-54.35,0.26,0.25,0.37,0.17
-2.53,-53.67,0.26,0.26,0.37,0.17
-2.02,-53.4,0.26,0.26,0.37,0.18
-2.15,-53.18,0.26,0.26,0.37,0.18
-2.06,-52.53,0.26,0.26,0.37,0.18
-2.19,-52.08,0.27,0.26,0.37,0.19
-2.03,-51.99,0.27,0.26,0.37,0.19
-2.22,-51.83,0.27,0.26,0.37,0.19
-1.99,-51.28,0.27,0.27,0.37,0.19
-2.24,-51.02,0.27,0.27,0.37,0.19
-2.04,-51.38,0.27,0.27,0.37,0.19
-2.14,-50.61,0.28,0.27,0.37,0.2
-2.01,-50.29,0.28,0.27,0.37,0.2
-2.01,-49.91,0.28,0.27,0.37,0.2
-2.04,-49.79,0.28,0.27,0.37,0.2
-2.03,-49.59,0.29,0.28,0.37,0.2
-1.81,-48.94,0.29,0.28,0.37,0.21
-2.06,-48.67,0.29,0.28,0.37,0.21
-2.21,-48.61,0.29,0.28,0.37,0.21
-2.02,-48.11,0.29,0.28,0.37,0.21
-2.07,-48.18,0.29,0.28,0.37,0.21
-2.05,-47.7,0.29,0.28,0.37,0.21
-1.88,-47.45,0.3,0.28,0.37,0.22
-1.88,-47.01,0.3,0.28,0.37,0.22
-1.96,-46.65,0.3,0.29,0.37,0.22
-1.66,-46.73,0.3,0.29,0.37,0.22
-1.79,-46.38,0.3,0.29,0.37,0.22
-1.59,-45.96,0.31,0.29,0.38,0.23
-1.91,-45.2,0.31,0.29,0.38,0.23
-1.77,-44.96,0.31,0.29,0.38,0.23
-1.73,-44.36,0.31,0.3,0.38,0.23
-1.96,-44.18,0.31,0.3,0.38,0.23
-1.68,-43.72,0.32,0.3,0.38,0.24
-1.75,-43.22,0.32,0.3,0.38,0.24
-1.71,-42.76,0.32,0.3,0.38,0.24
-1.88,-42.07,0.32,0.3,0.38,0.25
-1.72,-41.42,0.33,0.31,0.38,0.25
-1.61,-41,0.33,0.31,0.38,0.25
-1.69,-40.55,0.33,0.31,0.38,0.25
-1.83,-40.44,0.33,0.31,0.38,0.25
-1.75,-40.16,0.33,0.31,0.38,0.26
-1.82,-39.67,0.34,0.31,0.38,0.26
-1.59,-38.78,0.34,0.32,0.38,0.26
-1.72,-38.76,0.34,0.32,0.38,0.26
-1.69,-38.41,0.34,0.32,0.38,0.27
-1.76,-37.91,0.34,0.32,0.38,0.27
-1.75,-37.36,0.34,0.32,0.38,0.27
-1.47,-37.79,0.35,0.32,0.38,0.27
-1.6,-37.76,0.35,0.32,0.38,0.27
-1.82,-37.19,0.35,0.32,0.38,0.27
-1.66,-36.93,0.35,0.32,0.38,0.27
-1.56,-37.79,0.35,0.32,0.38,0.27
-1.3,-36.84,0.35,0.32,0.38,0.27
-1.6,-36.44,0.35,0.32,0.38,0.27
-1.63,-36.33,0.35,0.32,0.38,0.27
-1.42,-36.39,0.35,0.32,0.38,0.27
-1.74,-36.28,0.35,0.33,0.38,0.27
-1.58,-35.95,0.35,0.33,0.38,0.28
-1.69,-35.94,0.35,0.33,0.38,0.28
-1.61,-35.53,0.36,0.33,0.38,0.28
-1.72,-35.41,0.36,0.33,0.38,0.28
-1.61,-35.07,0.36,0.33,0.38,0.28
-1.44,-34.7,0.36,0.33,0.38,0.28
-1.64,-34.57,0.36,0.33,0.38,0.28
-1.61,-33.7,0.36,0.33,0.38,0.29
-1.7,-33.33,0.37,0.33,0.38,0.29
-1.69,-33.09,0.37,0.34,0.38,0.29
-1.56,-32.82,0.37,0.34,0.38,0.29
-1.59,-32.03,0.37,0.34,0.38,0.29
-1.47,-31.98,0.37,0.34,0.38,0.3
-1.45,-31.91,0.37,0.34,0.38,0.3
-1.5,-31.42,0.37,0.34,0.38,0.3
-1.45,-30.81,0.38,0.34,0.38,0.3
-1.45,-30.5,0.38,0.34,0.38,0.3
-1.45,-30.06,0.38,0.35,0.38,0.31
-1.36,-29.38,0.38,0.35,0.38,0.31
-1.29,-29.11,0.38,0.35,0.38,0.31
-1.37,-29.1,0.38,0.35,0.38,0.31
-1.49,-28.07,0.39,0.35,0.38,0.31
-1.43,-27.59,0.39,0.35,0.38,0.31
-1.45,-27.17,0.39,0.35,0.38,0.32
-1.35,-26.95,0.39,0.35,0.38,0.32
-1.61,-26.71,0.39,0.35,0.38,0.32
-1.31,-26.65,0.39,0.35,0.38,0.32
-1.39,-26.18,0.39,0.35,0.38,0.32
-1.45,-25.85,0.39,0.36,0.38,0.32
-1.28,-25.57,0.39,0.36,0.38,0.32
-1.36,-24.85,0.39,0.36,0.38,0.32
-1.63,-24.62,0.4,0.36,0.38,0.33
-1.33,-24.46,0.4,0.36,0.38,0.33
-1.29,-24.39,0.4,0.36,0.38,0.33
-1.48,-23.93,0.4,0.36,0.38,0.33
-1.23,-23.51,0.4,0.36,0.38,0.33
-1.37,-23.37,0.4,0.36,0.38,0.33
-1.19,-23.23,0.4,0.36,0.38,0.33
-1.3,-23,0.4,0.36,0.38,0.33
-1.31,-22.74,0.4,0.36,0.38,0.33
-1.29,-22.55,0.4,0.36,0.38,0.33
-1.46,-22.25,0.4,0.36,0.38,0.34
-1.2,-22.19,0.4,0.36,0.38,0.34
-1.34,-21.7,0.4,0.37,0.38,0.34
-1.25,-21.59,0.4,0.37,0.38,0.34
-1.11,-21.36,0.4,0.37,0.38,0.34
-1.16,-21.19,0.4,0.37,0.38,0.34
-1.19,-20.89,0.4,0.37,0.38,0.34
-1.17,-20.63,0.4,0.37,0.38,0.34
-1.13,-20.21,0.4,0.37,0.38,0.34
-1.13,-19.66,0.41,0.37,0.38,0.35
-1.14,-19.22,0.41,0.37,0.38,0.35
-1.34,-18.76,0.41,0.37,0.38,0.35
-1.2,-18.51,0.41,0.37,0.38,0.35
-1,-18.56,0.41,0.37,0.38,0.35
-1.42,-18.11,0.41,0.37,0.38,0.35
-1.07,-18.08,0.41,0.37,0.38,0.35
-1.16,-17.79,0.41,0.37,0.38,0.35
-1.11,-17.37,0.41,0.37,0.38,0.35
-1.11,-17.24,0.41,0.37,0.38,0.35
-0.65,-17.1,0.41,0.37,0.38,0.35
-0.98,-16.56,0.41,0.37,0.38,0.35
-1.13,-16,0.41,0.38,0.38,0.36
-1.03,-15.29,0.41,0.38,0.38,0.36
-1.19,-14.77,0.41,0.38,0.38,0.36
-1.12,-14.37,0.41,0.38,0.38,0.36
-1.02,-14.22,0.41,0.38,0.38,0.36
-0.96,-14.2,0.41,0.38,0.38,0.36
-0.75,-13.93,0.41,0.38,0.38,0.36
-1.22,-13.9,0.41,0.38,0.38,0.36
-1.02,-13.69,0.41,0.38,0.38,0.36
-1.07,-13.39,0.41,0.38,0.38,0.36
-1.04,-12.96,0.41,0.38,0.38,0.36
-0.7,-13.05,0.41,0.38,0.38,0.36
-0.77,-12.62,0.41,0.38,0.38,0.37
-1.06,-12.6,0.42,0.38,0.38,0.37
-0.9,-12.43,0.42,0.38,0.38,0.37
-0.96,-12.02,0.42,0.38,0.38,0.37
-0.66,-11.99,0.42,0.38,0.38,0.37
-0.83,-11.92,0.42,0.38,0.38,0.37
-0.85,-11.89,0.42,0.38,0.38,0.37
-1.35,-11.54,0.42,0.38,0.38,0.37
-0.97,-11.48,0.42,0.38,0.38,0.37
-1.16,-11.05,0.42,0.38,0.38,0.37
-1.38,-11.37,0.42,0.38,0.38,0.37
-0.69,-11.2,0.42,0.38,0.38,0.37
-0.86,-11.1,0.42,0.38,0.38,0.37
-1.01,-11.21,0.42,0.38,0.38,0.37
-1.09,-11.71,0.42,0.38,0.38,0.37
-1,-11.18,0.42,0.38,0.38,0.37
-1.31,-11.27,0.42,0.38,0.38,0.37
-0.69,-10.93,0.42,0.38,0.38,0.37
-1.02,-10.75,0.42,0.38,0.38,0.37
-0.36,-10.55,0.42,0.38,0.38,0.37
-0.85,-10.06,0.42,0.38,0.38,0.37
-1.02,-9.93,0.42,0.38,0.38,0.37
-0.92,-9.61,0.42,0.38,0.38,0.37
-0.93,-9.43,0.42,0.38,0.38,0.37
-0.86,-8.95,0.42,0.38,0.38,0.37
-0.8,-8.33,0.42,0.38,0.38,0.38
-0.86,-7.96,0.42,0.38,0.38,0.38
-0.97,-7.67,0.42,0.38,0.38,0.38
-0.8,-7.27,0.42,0.38,0.38,0.38
-1,-6.68,0.42,0.38,0.38,0.38
-1.07,-5.91,0.42,0.38,0.38,0.38
-0.97,-5.44,0.42,0.38,0.38,0.38
-0.94,-5.07,0.42,0.38,0.38,0.38
-0.77,-4.5,0.42,0.38,0.37,0.38
-0.75,-3.93,0.42,0.38,0.37,0.39
-0.71,-3.4,0.42,0.38,0.37,0.39
-0.65,-3.17,0.42,0.38,0.37,0.39
-0.53,-2.5,0.42,0.38,0.37,0.39
-0.69,-1.88,0.42,0.38,0.37,0.39
-0.75,-1.28,0.42,0.38,0.37,0.39
-0.54,-0.94,0.42,0.38,0.37,0.39
-0.69,-0.55,0.42,0.38,0.37,0.39
-0.59,-0.21,0.42,0.38,0.37,0.39
-0.57,0.24,0.42,0.39,0.37,0.39
-0.44,0.78,0.42,0.39,0.37,0.39
-0.64,1.31,0.42,0.38,0.37,0.39
-0.46,1.55,0.42,0.38,0.37,0.39
-0.97,2.34,0.42,0.38,0.37,0.39
-0.42,2.34,0.42,0.38,0.37,0.39
-0.53,3.23,0.42,0.38,0.36,0.39
-0.31,3.81,0.42,0.38,0.36,0.39
-0.46,4.54,0.42,0.38,0.36,0.39
-0.42,4.82,0.42,0.38,0.36,0.39
-0.62,5.14,0.42,0.38,0.36,0.39
-0.43,5.46,0.42,0.38,0.36,0.39
-0.64,5.6,0.42,0.38,0.36,0.39
-0.25,5.95,0.41,0.38,0.36,0.4
-0.54,6.07,0.41,0.38,0.36,0.4
-0.13,6.22,0.41,0.38,0.36,0.4
-0.61,6.09,0.41,0.38,0.36,0.4
-0.84,6.41,0.41,0.38,0.36,0.4
-0.18,6.81,0.41,0.38,0.36,0.4
-0.22,6.94,0.41,0.38,0.36,0.4
-0.54,7.5,0.41,0.38,0.36,0.4
-0.31,7.99,0.41,0.38,0.36,0.4
-0.1,8.26,0.41,0.38,0.35,0.4
-0.42,9.09,0.41,0.38,0.35,0.4
-0.38,9.43,0.41,0.38,0.35,0.4
-0.41,9.95,0.41,0.38,0.35,0.4
-0.03,9.84,0.41,0.38,0.35,0.4
0.05,10.32,0.41,0.38,0.35,0.4
-0.58,10.47,0.41,0.38,0.35,0.4
-0.1,10.32,0.41,0.38,0.35,0.4
-0.54,10.76,0.41,0.38,0.35,0.4
-0.08,11.05,0.41,0.38,0.35,0.4
-0.25,11.5,0.4,0.38,0.35,0.4
-0.27,12.02,0.4,0.38,0.35,0.4
-0.42,12.44,0.4,0.38,0.35,0.4
0.66,12.68,0.4,0.38,0.35,0.4
-0.72,12.86,0.4,0.37,0.34,0.4
-1.21,13.11,0.4,0.37,0.35,0.4
0.1,12.57,0.4,0.37,0.34,0.4
-0.33,13.19,0.4,0.37,0.34,0.4
-0.18,13.56,0.4,0.37,0.34,0.4
-0.04,14.11,0.4,0.37,0.34,0.4
-0.65,14.87,0.4,0.37,0.34,0.4
-0.15,15.02,0.4,0.37,0.34,0.4
0.17,15.09,0.4,0.37,0.34,0.4
-0.53,15.74,0.4,0.37,0.34,0.4
-0.15,15.84,0.4,0.37,0.34,0.4
-0.07,16,0.39,0.37,0.34,0.4
-0.04,16.51,0.39,0.37,0.33,0.4
0.02,17.18,0.39,0.37,0.33,0.4
0.08,17.58,0.39,0.36,0.33,0.4
-0.03,17.69,0.39,0.36,0.33,0.4
0.01,18.02,0.39,0.36,0.33,0.4
-0.28,18.37,0.39,0.36,0.33,0.4
0.01,18.37,0.39,0.36,0.33,0.4
0.02,19.02,0.39,0.36,0.33,0.4
-0,19.37,0.39,0.36,0.32,0.4
-0.42,19.72,0.39,0.36,0.32,0.4
-0.28,19.96,0.38,0.36,0.32,0.4
0.3,20.29,0.38,0.36,0.32,0.4
-0.33,20.74,0.38,0.36,0.32,0.4
-0.12,20.96,0.38,0.36,0.32,0.4
-0.2,21.53,0.38,0.35,0.32,0.4
0.01,22,0.38,0.35,0.31,0.4
0.24,22.38,0.38,0.35,0.31,0.4
-0.05,22.69,0.38,0.35,0.31,0.39
0.15,22.74,0.38,0.35,0.31,0.39
0.17,23.38,0.37,0.35,0.31,0.39
0.24,23.9,0.37,0.35,0.31,0.39
0.26,23.97,0.37,0.35,0.31,0.39
0.17,24.49,0.37,0.34,0.3,0.39
0.11,25.01,0.37,0.34,0.3,0.39
0.22,25.84,0.36,0.34,0.3,0.39
0.31,26.42,0.36,0.34,0.3,0.39
0.31,26.62,0.36,0.34,0.29,0.39
0.07,27.17,0.36,0.34,0.29,0.39
0.2,27.44,0.36,0.33,0.29,0.39
0.44,27.89,0.35,0.33,0.29,0.39
0.06,28.7,0.35,0.33,0.29,0.39
0.39,28.93,0.35,0.33,0.28,0.39
0.33,29.26,0.35,0.33,0.28,0.39
0.3,29.76,0.35,0.33,0.28,0.39
0.19,30.19,0.34,0.32,0.28,0.39
0.52,30.84,0.34,0.32,0.27,0.39
0.17,31.24,0.34,0.32,0.27,0.39
0.18,31.67,0.34,0.32,0.27,0.38
0.75,32.31,0.33,0.31,0.27,0.38
0.13,32.68,0.33,0.31,0.27,0.38
0.31,33.12,0.33,0.31,0.26,0.38
0.45,33.88,0.33,0.31,0.26,0.38
0.31,34.28,0.32,0.3,0.26,0.38
0.17,34.92,0.32,0.3,0.25,0.38
0.4,35.37,0.32,0.3,0.25,0.38
0.44,35.96,0.32,0.3,0.25,0.38
0.41,36.73,0.31,0.29,0.24,0.38
0.37,36.87,0.31,0.29,0.24,0.38
0.49,37.49,0.31,0.29,0.24,0.38
0.53,37.91,0.31,0.29,0.24,0.37
0.49,38.35,0.31,0.29,0.24,0.37
0.4,38.64,0.31,0.28,0.23,0.37
0.5,39.05,0.31,0.28,0.23,0.37
0.88,39.08,0.3,0.28,0.23,0.37
0.26,39.89,0.3,0.28,0.23,0.37
0.58,40.15,0.3,0.28,0.22,0.37
0.43,40.94,0.3,0.27,0.22,0.37
0.5,41.29,0.3,0.27,0.21,0.37
0.44,42.2,0.29,0.26,0.21,0.37
0.66,42.63,0.29,0.26,0.21,0.36
0.38,43.18,0.29,0.26,0.2,0.36
0.46,43.98,0.29,0.25,0.2,0.36
0.84,44.74,0.28,0.25,0.19,0.36
0.71,45.55,0.28,0.25,0.19,0.36
0.63,45.91,0.28,0.24,0.18,0.35
0.74,46.76,0.28,0.24,0.18,0.35
0.75,47.21,0.28,0.24,0.17,0.35
0.78,47.49,0.27,0.24,0.17,0.35
0.55,48.18,0.27,0.24,0.17,0.35
0.87,48.69,0.27,0.23,0.16,0.35
0.76,49.18,0.27,0.23,0.16,0.34
0.86,48.99,0.27,0.23,0.16,0.34
0.55,49.74,0.26,0.23,0.15,0.34
0.55,50.13,0.26,0.22,0.15,0.34
0.96,50.82,0.26,0.22,0.14,0.34
0.88,51.31,0.26,0.22,0.14,0.34
0.79,51.64,0.25,0.22,0.13,0.33
0.56,52.31,0.25,0.21,0.13,0.33
0.86,53.11,0.25,0.21,0.12,0.33
0.75,53.7,0.25,0.21,0.12,0.33
0.77,53.21,0.24,0.21,0.12,0.33
1,54.03,0.24,0.2,0.11,0.32
0.7,54.81,0.24,0.2,0.11,0.32
0.81,55.51,0.24,0.2,0.11,0.32
1.14,55.59,0.24,0.2,0.1,0.32
0.96,56.11,0.23,0.19,0.1,0.32
0.87,56.58,0.23,0.19,0.09,0.31
0.42,56.66,0.23,0.19,0.09,0.31
0.96,57.74,0.23,0.18,0.09,0.31
0.88,57.57,0.23,0.18,0.09,0.31
0.75,57.82,0.22,0.18,0.08,0.31
0.64,58.65,0.22,0.18,0.08,0.31
0.74,58.64,0.22,0.18,0.08,0.3
0.98,59.38,0.22,0.17,0.07,0.3
1.06,59.46,0.21,0.17,0.07,0.3
0.47,60.13,0.21,0.17,0.07,0.3
0.88,60.02,0.21,0.17,0.07,0.3
0.91,60.51,0.21,0.17,0.06,0.3
1.18,60.56,0.21,0.16,0.06,0.29
0.36,61.47,0.2,0.16,0.06,0.29
0.97,60.9,0.2,0.16,0.06,0.29
0.6,62.29,0.2,0.16,0.05,0.29
0.76,62.11,0.19,0.16,0.05,0.29
1.63,62.02,0.19,0.15,0.05,0.29
0.6,62.99,0.19,0.15,0.05,0.29
0.38,63.15,0.19,0.15,0.05,0.28
1.18,62.88,0.19,0.15,0.04,0.28
0.79,63.87,0.18,0.15,0.04,0.28
0.76,64.17,0.18,0.15,0.04,0.28
1.22,64.52,0.18,0.14,0.04,0.28
0.39,65,0.18,0.14,0.04,0.28
0.89,65.5,0.18,0.14,0.04,0.28
1.27,65.19,0.17,0.14,0.03,0.28
0.94,64.73,0.17,0.14,0.03,0.27
0.4,65.62,0.17,0.13,0.03,0.27
0.63,66.14,0.17,0.13,0.03,0.27
0.92,66.54,0.16,0.13,0.03,0.27
0.87,66.99,0.16,0.12,0.02,0.27
0.93,67.16,0.16,0.12,0.02,0.26
0.8,67.71,0.15,0.12,0.02,0.26
0.71,68.41,0.15,0.12,0.02,0.26
0.77,68.29,0.15,0.12,0.02,0.26
1.2,68.86,0.14,0.11,0.02,0.26
0.98,69.34,0.14,0.11,0.02,0.26
0.96,69.13,0.14,0.11,0.02,0.25
0.87,69.32,0.14,0.11,0.02,0.25
1.19,69.77,0.13,0.11,0.02,0.25
0.2,70.51,0.13,0.1,0.02,0.25
1.25,69.71,0.13,0.1,0.02,0.25
0.53,71.3,0.13,0.1,0.02,0.25
1.16,70.65,0.12,0.1,0.02,0.24
1.2,70.33,0.12,0.1,0.02,0.24
0.3,72.35,0.12,0.1,0.02,0.24
1.18,71.67,0.12,0.1,0.02,0.24
0.61,71.42,0.12,0.09,0.02,0.24
0.77,72.31,0.12,0.09,0.02,0.24
0.99,72.07,0.11,0.09,0.02,0.24
1.07,72,0.11,0.09,0.02,0.24
0.4,72.8,0.11,0.09,0.02,0.24
1.43,72.45,0.11,0.09,0.02,0.24
1.35,73.35,0.11,0.09,0.02,0.23
0.26,73.26,0.11,0.09,0.02,0.23
1.3,73.5,0.1,0.08,0.02,0.23
0.74,73.66,0.1,0.08,0.02,0.23
0.94,73.99,0.1,0.08,0.02,0.23
0.57,74.47,0.1,0.08,0.02,0.23
1.38,73.78,0.1,0.08,0.02,0.23
0.55,74.21,0.1,0.08,0.02,0.23
1.31,73.81,0.1,0.08,0.02,0.23
1.38,74.78,0.1,0.08,0.02,0.23
0.89,74.34,0.1,0.08,0.02,0.23
1.16,72.87,0.1,0.08,0.02,0.23
1.03,74.84,0.1,0.08,0.02,0.23
0.97,73.45,0.1,0.08,0.02,0.23
0.98,73.61,0.1,0.08,0.02,0.23
1.1,72.8,0.11,0.09,0.02,0.23
1.21,72.31,0.11,0.09,0.02,0.24
0.43,72.23,0.12,0.09,0.02,0.24
1.27,71.51,0.12,0.1,0.02,0.24
0.74,71.26,0.13,0.1,0.02,0.25
0.65,70.15,0.14,0.11,0.02,0.25
0.99,69.53,0.14,0.11,0.02,0.26
0.89,69.19,0.15,0.12,0.02,0.26
0.64,68.29,0.15,0.12,0.02,0.26
0.87,67.59,0.16,0.12,0.02,0.26
0.89,67.31,0.16,0.13,0.03,0.27
0.69,66.76,0.16,0.13,0.03,0.27
0.66,67.09,0.17,0.13,0.03,0.27
0.95,65.4,0.18,0.14,0.04,0.28
1.13,64.55,0.18,0.14,0.04,0.28
1.04,63.76,0.18,0.15,0.04,0.28
0.66,63.67,0.19,0.15,0.05,0.28
0.96,63.2,0.19,0.15,0.05,0.29
0.71,61.85,0.2,0.16,0.06,0.29
0.93,62,0.2,0.16,0.06,0.29
0.95,60.77,0.21,0.17,0.07,0.3
0.47,59.7,0.21,0.17,0.07,0.3
1.15,58.94,0.22,0.18,0.08,0.3
0.53,58.48,0.22,0.18,0.08,0.31
0.67,59.3,0.22,0.18,0.08,0.31
1.15,58.22,0.22,0.18,0.09,0.31
0.85,57.67,0.23,0.19,0.09,0.31
0.85,56.92,0.23,0.19,0.1,0.31
0.68,56.02,0.23,0.19,0.1,0.32
0.85,55.62,0.24,0.2,0.11,0.32
0.77,54.5,0.24,0.2,0.11,0.32
0.51,53.59,0.24,0.21,0.12,0.33
0.9,53.49,0.25,0.21,0.12,0.33
0.61,52.94,0.25,0.21,0.13,0.33
0.38,52.05,0.26,0.22,0.14,0.33
0.87,50.77,0.26,0.22,0.14,0.34
0.62,51.05,0.26,0.22,0.15,0.34
0.75,49.8,0.27,0.23,0.15,0.34
0.87,49.61,0.27,0.23,0.16,0.34
0.23,48.24,0.27,0.24,0.17,0.35
1.04,47.63,0.27,0.24,0.17,0.35
0.44,47.93,0.28,0.24,0.17,0.35
0.44,47.08,0.28,0.24,0.18,0.35
0.79,46.73,0.28,0.24,0.18,0.35
0.2,46.2,0.28,0.25,0.19,0.36
0.77,45.33,0.28,0.25,0.19,0.36
0.55,45.34,0.28,0.25,0.19,0.36
0.57,44.86,0.28,0.25,0.19,0.36
0.42,44.36,0.28,0.26,0.2,0.36
0.7,43.96,0.29,0.26,0.2,0.36
0.56,43.44,0.29,0.26,0.2,0.36
0.5,43.48,0.29,0.26,0.2,0.36
0.75,43.03,0.29,0.26,0.21,0.36
0.66,42.52,0.29,0.27,0.21,0.36
0.5,42.06,0.29,0.27,0.21,0.37
0.45,41.46,0.3,0.27,0.22,0.37
0.61,41,0.3,0.27,0.22,0.37
0.39,40.72,0.3,0.28,0.22,0.37
0.33,39.7,0.3,0.28,0.23,0.37
0.41,39.05,0.3,0.28,0.23,0.37
0.46,38.4,0.31,0.29,0.24,0.37
0.46,38,0.31,0.29,0.24,0.38
0.32,37.22,0.31,0.29,0.24,0.38
0.39,36.78,0.32,0.3,0.25,0.38
0.66,36.19,0.32,0.3,0.25,0.38
0.35,35.65,0.32,0.3,0.25,0.38
0.57,35.22,0.32,0.3,0.26,0.38
0.23,34.72,0.33,0.3,0.26,0.38
0.47,34.1,0.33,0.31,0.26,0.38
0.18,33.89,0.33,0.31,0.26,0.38
0.57,33.57,0.33,0.31,0.26,0.38
0.16,32.87,0.33,0.31,0.27,0.38
0.39,32.32,0.34,0.31,0.27,0.38
0.26,32.05,0.34,0.32,0.27,0.38
0.22,31.76,0.34,0.32,0.27,0.38
0.36,31.6,0.34,0.32,0.27,0.38
0.16,30.97,0.34,0.32,0.28,0.39
0.3,30.63,0.34,0.32,0.28,0.39
0.43,30.14,0.35,0.32,0.28,0.39
0.01,29.6,0.35,0.33,0.28,0.39
0.12,29.32,0.35,0.33,0.28,0.39
0.32,28.08,0.36,0.33,0.29,0.39
0.02,28.2,0.36,0.33,0.29,0.39
0.41,27.65,0.36,0.33,0.29,0.39
0.12,27.11,0.36,0.34,0.29,0.39
0.14,26.39,0.36,0.34,0.3,0.39
0.09,25.85,0.37,0.34,0.3,0.39
0.16,25.18,0.37,0.34,0.3,0.39
0.22,24.9,0.37,0.35,0.3,0.39
0.03,24.63,0.37,0.35,0.31,0.39
0.09,24.3,0.37,0.35,0.31,0.39
0.36,23.76,0.37,0.35,0.31,0.39
0.12,23.49,0.37,0.35,0.31,0.39
-0.08,23.3,0.38,0.35,0.31,0.39
0.21,22.18,0.38,0.35,0.31,0.39
-0.25,21.61,0.38,0.36,0.32,0.39
0.07,21.02,0.38,0.36,0.32,0.39
-0.09,20.29,0.38,0.36,0.32,0.39
-0.29,19.74,0.39,0.36,0.32,0.39
-0.04,19.34,0.39,0.36,0.33,0.4
-0.25,19.08,0.39,0.36,0.33,0.4
-0.21,18.26,0.39,0.36,0.33,0.4
-0.04,18.56,0.39,0.36,0.33,0.4
0.05,17.61,0.39,0.36,0.33,0.4
-0.02,17.52,0.39,0.36,0.33,0.4
0.14,17.18,0.39,0.36,0.33,0.4
-0.25,16.57,0.4,0.37,0.33,0.4
-0.27,16.31,0.4,0.37,0.34,0.4
-0.12,15.99,0.4,0.37,0.34,0.4
0.09,15.45,0.4,0.37,0.34,0.4
-0,14.83,0.4,0.37,0.34,0.4
-0.04,14.38,0.4,0.37,0.34,0.4
-0.12,13.91,0.4,0.37,0.34,0.4
-0.18,13.34,0.4,0.37,0.34,0.4
-0.24,12.88,0.4,0.37,0.35,0.4
-0.04,12.55,0.41,0.37,0.35,0.4
-0.33,11.89,0.41,0.37,0.35,0.4
-0.26,11.57,0.41,0.37,0.35,0.4
-0.09,10.97,0.41,0.37,0.35,0.4
-0.25,10.3,0.41,0.38,0.35,0.4
-0.24,10.35,0.41,0.38,0.35,0.4
-0.39,9.82,0.41,0.38,0.35,0.4
-0.75,9.44,0.41,0.38,0.35,0.4
-0.5,9.13,0.41,0.38,0.35,0.4
-0.9,8.76,0.41,0.38,0.35,0.4
-0.4,8.16,0.41,0.38,0.36,0.39
-0.37,7.43,0.41,0.38,0.36,0.39
-0.35,7.15,0.41,0.38,0.36,0.39
-0.21,7.07,0.41,0.38,0.36,0.39
-0.52,6.81,0.41,0.38,0.36,0.39
-0.31,6.53,0.41,0.38,0.36,0.39
-0.52,6.02,0.41,0.38,0.36,0.39
-0.29,5.29,0.42,0.38,0.36,0.39
-0.44,4.7,0.42,0.38,0.36,0.39
-0.37,4.28,0.42,0.38,0.36,0.39
-0.62,3.93,0.42,0.38,0.36,0.39
-0.17,3.56,0.42,0.38,0.36,0.39
-0.53,2.98,0.42,0.38,0.36,0.39
-0.83,3.36,0.42,0.38,0.36,0.39
-1,2.99,0.42,0.38,0.36,0.39
-0.65,2.95,0.42,0.38,0.37,0.39
-0.54,2.16,0.42,0.38,0.37,0.39
-0.17,1.55,0.42,0.38,0.37,0.39
-0.57,0.71,0.42,0.38,0.37,0.39
-0.4,0.16,0.42,0.38,0.37,0.39
-0.6,-0.48,0.42,0.38,0.37,0.39
-0.54,-0.8,0.42,0.38,0.37,0.39
-0.57,-1.45,0.42,0.38,0.37,0.39
-0.55,-2.11,0.42,0.38,0.37,0.39
-0.7,-2.74,0.42,0.38,0.37,0.38
-0.73,-3.54,0.42,0.38,0.38,0.38
-0.59,-4.08,0.42,0.38,0.38,0.38
-0.68,-4.7,0.42,0.38,0.38,0.38
-0.74,-5.51,0.42,0.38,0.38,0.38
-0.65,-6.23,0.42,0.38,0.38,0.38
-0.68,-6.96,0.42,0.38,0.38,0.38
-0.77,-7.63,0.42,0.38,0.38,0.37
-0.87,-8.23,0.42,0.38,0.38,0.37
-0.75,-8.58,0.42,0.38,0.38,0.37
-0.79,-9.03,0.42,0.38,0.38,0.37
-0.69,-9.38,0.42,0.38,0.38,0.37
-0.93,-9.87,0.42,0.38,0.38,0.37
-0.95,-10.28,0.42,0.38,0.38,0.37
-0.88,-10.71,0.42,0.38,0.38,0.37
-0.9,-11.11,0.42,0.38,0.38,0.37
-0.91,-11.52,0.42,0.38,0.38,0.37
-0.9,-12.04,0.41,0.38,0.38,0.36
-0.91,-12.57,0.41,0.38,0.38,0.36
-0.9,-13.15,0.41,0.38,0.38,0.36
-0.91,-13.49,0.41,0.38,0.38,0.36
-1.02,-13.95,0.41,0.37,0.38,0.36
-1.01,-14.27,0.41,0.37,0.38,0.36
-0.87,-14.64,0.41,0.37,0.38,0.36
-1.06,-14.78,0.41,0.37,0.38,0.36
-1.01,-14.73,0.41,0.37,0.38,0.36
-1.34,-15.16,0.41,0.37,0.38,0.36
-1.39,-15.44,0.41,0.37,0.38,0.36
-1.1,-15.91,0.41,0.37,0.38,0.35
-1.07,-16.47,0.41,0.37,0.38,0.35
-1.1,-17.05,0.41,0.37,0.38,0.35
-0.93,-17.4,0.41,0.37,0.38,0.35
-1.39,-18.12,0.41,0.37,0.38,0.35
-1.38,-18.51,0.41,0.37,0.38,0.35
-1.3,-19.02,0.41,0.37,0.38,0.34
-1.36,-19.46,0.41,0.37,0.38,0.34
-1.34,-20.18,0.4,0.37,0.38,0.34
-1.18,-20.78,0.4,0.36,0.38,0.34
-1.37,-21.23,0.4,0.36,0.38,0.34
-1.28,-21.78,0.4,0.36,0.38,0.34
-1.21,-22.25,0.4,0.36,0.38,0.33
-1.33,-22.89,0.4,0.36,0.38,0.33
-1.23,-23.31,0.4,0.36,0.38,0.33
-1.27,-24.06,0.4,0.36,0.38,0.33
-1.33,-24.56,0.39,0.36,0.38,0.33
-1.29,-25.03,0.39,0.36,0.38,0.32
-1.42,-25.52,0.39,0.36,0.38,0.32
-1.44,-25.92,0.39,0.35,0.38,0.32
-1.58,-26.5,0.39,0.35,0.38,0.32
-1.39,-26.91,0.39,0.35,0.38,0.32
-1.6,-27.44,0.39,0.35,0.38,0.32
-1.4,-27.83,0.39,0.35,0.38,0.31
-1.34,-28.39,0.38,0.35,0.38,0.31
-1.51,-28.81,0.38,0.35,0.38,0.31
-1.44,-29.14,0.38,0.35,0.38,0.31
-1.53,-29.67,0.38,0.35,0.38,0.31
-1.43,-30.03,0.38,0.34,0.38,0.3
-1.66,-30.24,0.38,0.34,0.38,0.3
-1.48,-30.77,0.38,0.34,0.38,0.3
-1.51,-30.93,0.37,0.34,0.38,0.3
-1.56,-31.41,0.37,0.34,0.38,0.3
-1.71,-31.62,0.37,0.34,0.38,0.3
-1.45,-31.85,0.37,0.34,0.38,0.3
-1.42,-32.07,0.37,0.34,0.38,0.3
-1.54,-32.11,0.37,0.34,0.38,0.3
-1.54,-32.35,0.37,0.34,0.38,0.29
-1.82,-32.34,0.37,0.34,0.38,0.29
-1.72,-32.6,0.37,0.34,0.38,0.29
-1.53,-32.74,0.37,0.34,0.38,0.29
-1.18,-32.9,0.37,0.34,0.38,0.29
-1.44,-33,0.37,0.34,0.38,0.29
-1.51,-32.84,0.37,0.34,0.38,0.29
-1.39,-32.99,0.37,0.33,0.38,0.29
-1.27,-33.16,0.37,0.33,0.38,0.29
-1.44,-33.25,0.37,0.33,0.38,0.29
-1.75,-33.35,0.37,0.33,0.38,0.29
-1.49,-33.54,0.37,0.33,0.38,0.29
-1.61,-33.71,0.36,0.33,0.38,0.29
-1.71,-34.11,0.36,0.33,0.38,0.28
-1.74,-34.28,0.36,0.33,0.38,0.28
-1.77,-34.66,0.36,0.33,0.38,0.28
-1.77,-35.4,0.36,0.33,0.38,0.28
-1.86,-35.73,0.36,0.33,0.38,0.28
-1.83,-36.02,0.35,0.33,0.38,0.28
-1.69,-36.13,0.35,0.33,0.38,0.27
-1.68,-36.12,0.35,0.32,0.38,0.27
-1.92,-36.38,0.35,0.32,0.38,0.27
-1.3,-36.31,0.35,0.32,0.38,0.27
-1.56,-36.5,0.35,0.32,0.38,0.27
-1.78,-36.56,0.35,0.32,0.38,0.27
-1.62,-36.75,0.35,0.32,0.38,0.27
-1.68,-37.09,0.35,0.32,0.38,0.27
-1.66,-37.26,0.35,0.32,0.38,0.27
-1.66,-37.61,0.35,0.32,0.38,0.27
-1.91,-37.79,0.35,0.32,0.38,0.27
-2.03,-38.24,0.34,0.32,0.38,0.27
-2.14,-38.24,0.34,0.32,0.38,0.26
-1.66,-38.74,0.34,0.32,0.38,0.26
-1.62,-38.82,0.34,0.31,0.38,0.26
-1.62,-39.3,0.34,0.31,0.38,0.26
-1.39,-39.33,0.34,0.31,0.38,0.26
-1.46,-39.38,0.34,0.31,0.38,0.26
-1.61,-40.01,0.34,0.31,0.38,0.25
-1.82,-40.64,0.33,0.31,0.38,0.25
-1.54,-40.93,0.33,0.31,0.38,0.25
-1.71,-41.6,0.33,0.31,0.38,0.25
-1.62,-41.95,0.33,0.3,0.38,0.25
-1.77,-41.91,0.32,0.3,0.38,0.24
-1.9,-42.22,0.32,0.3,0.38,0.24
-1.99,-42.51,0.32,0.3,0.38,0.24
-1.98,-42.81,0.32,0.3,0.38,0.24
-1.86,-42.99,0.32,0.3,0.38,0.24
-2.07,-43.03,0.32,0.3,0.38,0.24
-1.25,-43.92,0.32,0.3,0.38,0.24
-1.69,-43.59,0.32,0.3,0.38,0.24
-1.67,-44.26,0.31,0.29,0.38,0.23
-1.77,-44.64,0.31,0.29,0.38,0.23
-1.74,-44.99,0.31,0.29,0.38,0.23
-1.8,-45.29,0.31,0.29,0.38,0.23
-2.1,-45.52,0.31,0.29,0.38,0.23
-2.14,-45.81,0.3,0.29,0.38,0.22
-1.81,-45.86,0.3,0.29,0.38,0.22
-1.73,-46.4,0.3,0.29,0.38,0.22
-1.93,-46.55,0.3,0.28,0.38,0.22
-1.97,-47.19,0.3,0.28,0.38,0.22
-1.95,-47.27,0.29,0.28,0.38,0.21
-1.79,-47.76,0.29,0.28,0.37,0.21
-2,-48.05,0.29,0.28,0.37,0.21
-1.91,-48.55,0.29,0.28,0.37,0.21
-2.01,-49.19,0.28,0.27,0.37,0.2
-1.72,-50.05,0.28,0.27,0.38,0.2
-2.13,-51.09,0.27,0.27,0.38,0.19
-2.26,-51.43,0.27,0.26,0.38,0.18
-2.12,-52.37,0.26,0.26,0.38,0.18
-1.98,-52.97,0.26,0.26,0.38,0.18
-2.06,-53.94,0.26,0.25,0.38,0.17
-2.21,-53.83,0.25,0.25,0.38,0.17
-2.25,-54.76,0.25,0.25,0.38,0.16
-2.24,-55.35,0.25,0.25,0.38,0.16
-2.11,-55.78,0.25,0.25,0.38,0.15
-2.19,-56.42,0.24,0.24,0.38,0.15
-2.14,-56.97,0.24,0.24,0.38,0.14
-2.26,-57.63,0.23,0.23,0.37,0.13
-2.39,-58.82,0.23,0.23,0.37,0.13
-2.2,-59.27,0.22,0.23,0.37,0.12
-2.29,-60.2,0.22,0.22,0.36,0.11
-2.48,-60.7,0.21,0.22,0.36,0.11
-2.29,-61.8,0.21,0.21,0.35,0.1
-2.35,-62.71,0.2,0.21,0.35,0.09
-2.22,-63.17,0.2,0.2,0.34,0.09
-2.28,-64.3,0.19,0.19,0.34,0.08
-2.45,-65.21,0.19,0.19,0.34,0.08
-2.51,-65.28,0.18,0.19,0.33,0.07
-2.22,-66.19,0.18,0.18,0.33,0.07
-2.24,-66.49,0.18,0.18,0.33,0.06
-2.32,-67.44,0.17,0.17,0.32,0.06
-2.28,-67.6,0.17,0.17,0.32,0.05
-2.5,-68.76,0.16,0.16,0.31,0.05
-2.48,-69.39,0.16,0.16,0.31,0.04
-2.38,-69.45,0.15,0.15,0.3,0.04
-2.56,-70.7,0.15,0.15,0.3,0.03
-2.28,-70.73,0.15,0.14,0.3,0.03
-2.39,-72.16,0.14,0.13,0.29,0.03
-2.5,-72.27,0.14,0.13,0.28,0.02
-2.52,-73.79,0.13,0.13,0.28,0.02
-2.4,-73.82,0.13,0.12,0.27,0.02
-2.73,-73.74,0.12,0.12,0.27,0.02
-2.45,-75.23,0.12,0.11,0.26,0.02
-2.46,-75.25,0.11,0.11,0.26,0.02
-2.5,-76.15,0.11,0.1,0.25,0.02
-2.43,-76.35,0.11,0.1,0.25,0.02
-2.55,-77.15,0.1,0.09,0.24,0.02
-2.6,-77.79,0.1,0.09,0.24,0.02
-2.5,-77.81,0.09,0.09,0.24,0.02
-2.65,-78.57,0.09,0.08,0.23,0.02
-2.47,-78.61,0.09,0.08,0.22,0.02
-2.64,-79.5,0.08,0.08,0.17,0.01
-2.43,-79.09,0.08,0.07,0.14,0.01
-2.43,-79.59,0.08,0.07,0.12,0.01
-2.61,-79.78,0.08,0.07,0.07,0.01
-2.58,-80.18,0.07,0.06,0.03,0
-2.5,-79.93,0.07,0.06,0.03,0
-2.62,-80.29,0.06,0.04,0.02,0
-2.37,-79.75,0.06,0.03,0.02,0
-2.61,-80.12,0.06,0.03,0.02,0
-2.42,-80.28,0.06,0.03,0.02,0
-2.48,-86.97,0.06,0.03,0.02,0
-2.56,-80.34,0.06,0.03,0.02,0
-2.45,-80.22,0.06,0.05,0.02,0
-2.45,-79.88,0.07,0.06,0.03,0
-2.4,-79.89,0.08,0.07,0.09,0.01
-2.47,-79.12,0.09,0.08,0.21,0.02
-2.54,-79.59,0.09,0.09,0.23,0.02
-2.43,-77.34,0.1,0.09,0.24,0.02
-2.53,-77.86,0.1,0.09,0.24,0.02
-2.61,-76.64,0.11,0.1,0.25,0.02
-2.59,-76.56,0.11,0.11,0.26,0.02
-2.42,-75.7,0.12,0.11,0.27,0.02
-2.58,-75,0.12,0.12,0.28,0.02
-2.58,-73.44,0.13,0.12,0.28,0.02
-2.42,-72.53,0.14,0.13,0.29,0.02
-2.63,-73.27,0.14,0.14,0.29,0.03
-2.31,-71.52,0.15,0.14,0.3,0.03
-2.38,-71.48,0.15,0.15,0.3,0.03
-2.54,-69.85,0.16,0.16,0.31,0.04
-2.57,-69.86,0.16,0.16,0.31,0.04
-2.31,-69.45,0.16,0.16,0.32,0.05
-2.33,-68.85,0.17,0.17,0.32,0.05
-2.37,-68.06,0.17,0.17,0.32,0.05
-2.31,-68.36,0.17,0.17,0.32,0.05
-2.48,-67.69,0.17,0.18,0.32,0.06
-2.4,-67.13,0.18,0.18,0.33,0.06
-2.37,-66.79,0.18,0.18,0.33,0.07
-2.42,-65.98,0.18,0.19,0.33,0.07
-2.32,-66.09,0.19,0.19,0.33,0.08
-2.38,-64.46,0.19,0.2,0.34,0.08
-2.35,-64.46,0.19,0.2,0.34,0.08
-2.25,-64.02,0.19,0.2,0.34,0.09
-2.27,-63.89,0.2,0.2,0.35,0.09
-2.42,-63.07,0.2,0.21,0.35,0.09
-2.35,-62.78,0.2,0.21,0.35,0.1
-2.21,-62.09,0.21,0.21,0.36,0.1
-2.27,-61.83,0.21,0.22,0.36,0.11
-2.2,-61,0.21,0.22,0.36,0.11
-2.14,-60.74,0.22,0.22,0.36,0.12
-2.1,-59.96,0.22,0.23,0.37,0.12
-2.29,-59.36,0.22,0.23,0.37,0.12
-2.14,-59.28,0.23,0.23,0.37,0.13
-2.1,-58.31,0.23,0.23,0.37,0.13
-2.04,-58.32,0.24,0.24,0.38,0.14
-2.08,-57.08,0.24,0.24,0.38,0.14
-2.19,-56.99,0.24,0.24,0.38,0.15
-2.28,-56.68,0.24,0.24,0.38,0.15
-2.31,-56.1,0.25,0.25,0.37,0.16
-2.26,-55.41,0.25,0.25,0.37,0.16
-2.49,-54.9,0.25,0.25,0.37,0.16
-2.26,-54.64,0.25,0.25,0.37,0.17
-2.11,-54.18,0.26,0.26,0.37,0.17
-2.11,-53.53,0.26,0.26,0.37,0.18
-2.16,-52.98,0.26,0.26,0.37,0.18
-2.37,-51.96,0.27,0.26,0.37,0.19
-2.13,-51.7,0.27,0.27,0.37,0.19
-2.1,-50.99,0.27,0.27,0.37,0.19
-2.1,-50.57,0.28,0.27,0.37,0.2
-1.93,-49.98,0.28,0.27,0.37,0.2
-1.97,-49.28,0.29,0.28,0.37,0.2
-2.09,-48.9,0.29,0.28,0.37,0.21
-1.93,-48.07,0.29,0.28,0.37,0.21
-2.06,-47.75,0.29,0.28,0.37,0.21
-2.04,-47.24,0.3,0.28,0.37,0.22
-2.12,-46.68,0.3,0.28,0.37,0.22
-2.09,-46.42,0.3,0.29,0.37,0.22
-1.97,-45.99,0.3,0.29,0.37,0.22
-2.05,-45.79,0.31,0.29,0.37,0.23
-1.93,-45.28,0.31,0.29,0.38,0.23
-2.04,-45.2,0.31,0.29,0.38,0.23
-1.88,-44.62,0.31,0.29,0.38,0.23
-1.99,-44.48,0.31,0.3,0.38,0.23
-1.9,-43.53,0.32,0.3,0.38,0.24
-1.93,-43.08,0.32,0.3,0.38,0.24
-1.67,-42.57,0.32,0.3,0.38,0.24
-1.84,-42.18,0.32,0.3,0.38,0.25
-1.85,-41.84,0.33,0.31,0.38,0.25
-1.94,-41.35,0.33,0.31,0.38,0.25
-2,-40.73,0.33,0.31,0.38,0.25
-1.89,-40.34,0.33,0.31,0.38,0.26
-2.09,-39.69,0.34,0.31,0.38,0.26
-1.65,-39.46,0.34,0.32,0.38,0.26
-1.72,-38.39,0.34,0.32,0.38,0.27
-1.89,-38.01,0.35,0.32,0.38,0.27
-1.75,-36.98,0.35,0.32,0.38,0.27
-1.84,-36.21,0.35,0.33,0.38,0.28
-1.68,-35.65,0.36,0.33,0.38,0.28
-1.66,-35.12,0.36,0.33,0.38,0.28
-1.8,-34.47,0.36,0.33,0.38,0.28
-1.45,-33.45,0.36,0.33,0.38,0.29
-1.59,-33.03,0.37,0.34,0.38,0.29
-1.6,-32.57,0.37,0.34,0.38,0.29
-1.46,-31.91,0.37,0.34,0.38,0.3
-1.65,-31,0.37,0.34,0.38,0.3
-1.39,-30.55,0.37,0.34,0.38,0.3
-1.46,-29.76,0.38,0.34,0.38,0.31
-1.4,-29.42,0.38,0.35,0.38,0.31
-1.38,-28.68,0.38,0.35,0.38,0.31
-1.26,-27.95,0.39,0.35,0.38,0.31
-1.47,-27.33,0.39,0.35,0.38,0.32
-1.14,-26.34,0.39,0.35,0.38,0.32
-1.44,-26.07,0.39,0.36,0.38,0.32
-1.3,-25.63,0.39,0.36,0.38,0.32
-1.34,-25.19,0.39,0.36,0.38,0.32
-1.31,-24.63,0.39,0.36,0.38,0.33
-1.41,-24.16,0.4,0.36,0.38,0.33
-1.32,-23.31,0.4,0.36,0.38,0.33
-1.39,-22.71,0.4,0.36,0.38,0.33
-1.2,-22.28,0.4,0.36,0.38,0.34
-1.15,-21.91,0.4,0.36,0.38,0.34
-1.31,-21.49,0.4,0.37,0.38,0.34
-1.33,-21.11,0.4,0.37,0.38,0.34
-1.22,-20.85,0.4,0.37,0.38,0.34
-1.18,-20.47,0.4,0.37,0.38,0.34
-1.19,-20.08,0.41,0.37,0.38,0.34
-1.23,-19.53,0.41,0.37,0.38,0.34
-1.15,-19.11,0.41,0.37,0.38,0.35
-1.02,-18.54,0.41,0.37,0.38,0.35
-1.22,-18.12,0.41,0.37,0.38,0.35
-1.13,-17.85,0.41,0.37,0.38,0.35
-1.12,-17.55,0.41,0.37,0.38,0.35
-1.08,-16.93,0.41,0.37,0.38,0.35
-1.21,-16.46,0.41,0.37,0.38,0.35
-0.97,-16.13,0.41,0.37,0.38,0.36
-0.91,-15.42,0.41,0.37,0.38,0.36
-1.29,-15.08,0.41,0.37,0.38,0.36
-1.02,-14.53,0.41,0.38,0.38,0.36
-0.97,-14.09,0.41,0.38,0.38,0.36
-1.06,-13.88,0.41,0.38,0.38,0.36
-1.02,-13.41,0.41,0.38,0.38,0.36
-0.95,-12.93,0.41,0.38,0.38,0.36
-1.03,-12.6,0.41,0.38,0.38,0.36
-0.94,-12.1,0.42,0.38,0.38,0.37
-1,-11.59,0.42,0.38,0.38,0.37
-1.12,-11.22,0.42,0.38,0.38,0.37
-0.96,-10.9,0.42,0.38,0.38,0.37
-0.85,-10.57,0.42,0.38,0.38,0.37
-0.8,-10.23,0.42,0.38,0.38,0.37
-0.98,-9.72,0.42,0.38,0.38,0.37
-0.86,-9.09,0.42,0.38,0.38,0.37
-0.73,-8.6,0.42,0.38,0.38,0.38
-0.77,-7.67,0.42,0.38,0.38,0.38
-0.91,-6.98,0.42,0.38,0.38,0.38
-0.78,-6.1,0.42,0.38,0.38,0.38
-0.81,-5.41,0.42,0.38,0.38,0.38
-0.63,-4.88,0.42,0.38,0.38,0.38
-0.6,-4.4,0.42,0.38,0.38,0.38
-0.69,-4.07,0.42,0.38,0.37,0.38
-0.69,-3.39,0.42,0.38,0.37,0.39
-0.55,-2.71,0.42,0.38,0.37,0.39
-0.44,-2.01,0.42,0.38,0.37,0.39
-0.63,-1.31,0.42,0.38,0.37,0.39
-0.5,-1.12,0.42,0.38,0.37,0.39
-0.59,-0.7,0.42,0.38,0.37,0.39
-0.64,-0.14,0.42,0.38,0.37,0.39
-0.56,1.01,0.42,0.38,0.37,0.39
-0.53,1.73,0.42,0.38,0.37,0.39
-0.32,3.21,0.42,0.38,0.36,0.39
-0.59,3.61,0.42,0.38,0.36,0.39
-0.37,4.22,0.42,0.38,0.36,0.39
-0.45,5.08,0.42,0.38,0.36,0.39
-0.25,5.5,0.42,0.38,0.36,0.39
-0.35,5.95,0.41,0.38,0.36,0.39
-0.28,6.55,0.41,0.38,0.36,0.4
-0.27,7.16,0.41,0.38,0.36,0.4
-0.18,7.84,0.41,0.38,0.36,0.4
-0.15,8.6,0.41,0.38,0.35,0.4
-0.25,9.32,0.41,0.38,0.35,0.4
-0.21,10.09,0.41,0.38,0.35,0.4
-0.07,10.72,0.41,0.38,0.35,0.4
-0.23,11.61,0.41,0.38,0.35,0.4
-0.19,12.13,0.4,0.38,0.35,0.4
-0.01,12.98,0.4,0.37,0.34,0.4
-0.07,13.77,0.4,0.37,0.34,0.4
-0.01,14.5,0.4,0.37,0.34,0.4
0.1,15.18,0.4,0.37,0.34,0.4
-0,15.87,0.4,0.37,0.34,0.4
0.12,16.33,0.39,0.37,0.33,0.4
0.07,17.29,0.39,0.37,0.33,0.4
0.1,18.21,0.39,0.36,0.33,0.4
0.12,18.49,0.39,0.36,0.33,0.4
0.02,18.82,0.39,0.36,0.33,0.4
0.17,19.23,0.39,0.36,0.33,0.4
0.22,19.62,0.39,0.36,0.32,0.4
0.22,20.14,0.38,0.36,0.32,0.4
0.23,20.63,0.38,0.36,0.32,0.4
0.1,21.21,0.38,0.36,0.32,0.4
0.33,21.56,0.38,0.35,0.32,0.4
-0.14,21.72,0.38,0.35,0.32,0.4
0.32,21.83,0.38,0.35,0.32,0.4
0.14,22.23,0.38,0.35,0.32,0.4
0.16,22.58,0.38,0.35,0.31,0.39
-0.06,23.28,0.37,0.35,0.31,0.39
0.35,23.5,0.37,0.35,0.31,0.39
-0,23.93,0.37,0.35,0.31,0.39
0.28,24.11,0.37,0.35,0.31,0.39
0.21,24.45,0.37,0.35,0.31,0.39
0.38,24.73,0.37,0.35,0.3,0.39
0.22,25.21,0.37,0.34,0.3,0.39
0.22,25.54,0.37,0.34,0.3,0.39
0.42,25.93,0.37,0.34,0.3,0.39
0.12,26.22,0.36,0.34,0.3,0.39
0.16,26.57,0.36,0.34,0.3,0.39
0.23,26.92,0.36,0.34,0.29,0.39
0.39,27.18,0.36,0.34,0.29,0.39
0.15,27.47,0.36,0.34,0.29,0.39
0.27,27.44,0.36,0.34,0.29,0.39
0.57,28.12,0.36,0.34,0.29,0.39
0.27,28.43,0.35,0.33,0.29,0.39
0.66,28.95,0.35,0.33,0.28,0.39
0.39,29.16,0.35,0.33,0.28,0.39
0.5,29.4,0.35,0.33,0.28,0.39
-0.24,29.72,0.35,0.33,0.28,0.39
0.87,30.02,0.35,0.33,0.28,0.39
0.27,30.55,0.35,0.33,0.28,0.39
0.42,30.81,0.34,0.32,0.27,0.39
0.35,31.53,0.34,0.32,0.27,0.39
0.16,31.89,0.34,0.32,0.27,0.38
0.59,31.94,0.34,0.32,0.27,0.38
0.27,32.47,0.33,0.32,0.27,0.38
0.57,32.7,0.33,0.32,0.27,0.38
0.32,33.05,0.33,0.31,0.26,0.38
0.44,33.85,0.33,0.31,0.26,0.38
0.5,34,0.33,0.31,0.26,0.38
0.63,34.57,0.32,0.31,0.26,0.38
0.38,35.06,0.32,0.3,0.25,0.38
0.48,35.49,0.32,0.3,0.25,0.38
0.53,35.81,0.32,0.3,0.25,0.38
0.49,36.29,0.32,0.3,0.25,0.38
0.5,36.89,0.31,0.3,0.25,0.38
0.63,37.19,0.31,0.29,0.24,0.38
0.67,38.05,0.31,0.29,0.24,0.38
0.52,38.31,0.31,0.29,0.23,0.37
0.46,38.87,0.31,0.28,0.23,0.37
0.84,39.43,0.3,0.28,0.23,0.37
0.49,39.85,0.3,0.28,0.23,0.37
0.59,40.29,0.3,0.28,0.22,0.37
0.93,40.51,0.3,0.28,0.22,0.37
0.39,41.16,0.3,0.27,0.22,0.37
0.7,41.47,0.3,0.27,0.22,0.37
0.58,41.71,0.29,0.27,0.21,0.37
0.62,42.42,0.29,0.27,0.21,0.36
0.84,42.84,0.29,0.26,0.2,0.36
0.54,43.51,0.29,0.26,0.2,0.36
0.76,43.87,0.29,0.26,0.2,0.36
0.47,44.73,0.28,0.25,0.19,0.36
0.8,45.38,0.28,0.25,0.19,0.36
0.8,46.16,0.28,0.25,0.18,0.35
0.65,46.61,0.28,0.24,0.18,0.35
0.85,47.21,0.28,0.24,0.17,0.35
0.45,47.69,0.27,0.24,0.17,0.35
0.88,47.9,0.27,0.24,0.17,0.35
0.73,48.38,0.27,0.23,0.17,0.35
0.77,48.93,0.27,0.23,0.16,0.35
0.71,49.13,0.27,0.23,0.16,0.34
0.94,49.65,0.26,0.23,0.15,0.34
0.83,50.15,0.26,0.22,0.15,0.34
0.55,50.75,0.26,0.22,0.14,0.34
0.82,51.32,0.26,0.22,0.14,0.34
0.75,51.85,0.25,0.22,0.14,0.33
0.71,52.23,0.25,0.21,0.13,0.33
0.93,52.78,0.25,0.21,0.13,0.33
0.67,53.52,0.24,0.21,0.12,0.33
0.74,54.07,0.24,0.2,0.12,0.33
0.87,54.6,0.24,0.2,0.11,0.32
0.65,55.19,0.24,0.2,0.11,0.32
0.74,55.51,0.24,0.2,0.1,0.32
0.85,56.11,0.23,0.19,0.1,0.32
0.88,56.52,0.23,0.19,0.1,0.31
0.92,56.87,0.23,0.19,0.09,0.31
0.94,57.75,0.22,0.18,0.08,0.31
0.96,58.48,0.22,0.18,0.08,0.3
0.77,59.31,0.22,0.18,0.08,0.3
0.71,59.39,0.22,0.17,0.07,0.3
0.89,59.79,0.21,0.17,0.07,0.3
0.85,60.22,0.21,0.16,0.06,0.29
0.82,60.88,0.2,0.16,0.06,0.29
0.99,61.7,0.2,0.16,0.06,0.29
0.67,62.11,0.19,0.16,0.05,0.29
1,62.85,0.19,0.15,0.05,0.29
1.14,63.4,0.19,0.15,0.04,0.28
0.66,64,0.18,0.15,0.04,0.28
1.04,64.25,0.18,0.14,0.04,0.28
0.91,64.76,0.18,0.14,0.04,0.28
0.86,65.28,0.17,0.14,0.03,0.28
0.88,66.02,0.17,0.13,0.03,0.27
0.68,66.28,0.17,0.13,0.03,0.27
0.96,67.16,0.16,0.13,0.03,0.27
0.69,67.34,0.16,0.12,0.02,0.26
0.9,67.15,0.15,0.12,0.02,0.26
1.14,68.7,0.15,0.12,0.02,0.26
0.7,69.18,0.14,0.11,0.02,0.26
1.14,69.35,0.14,0.11,0.02,0.25
0.66,70.09,0.14,0.11,0.02,0.25
0.85,70.94,0.13,0.1,0.02,0.25
0.98,70.39,0.13,0.1,0.02,0.25
0.92,70.8,0.12,0.1,0.02,0.24
0.86,71.8,0.12,0.1,0.02,0.24
1.13,71.61,0.11,0.09,0.02,0.24
0.87,73.12,0.11,0.09,0.02,0.23
1.01,73.6,0.1,0.08,0.02,0.23
0.97,73.56,0.1,0.08,0.02,0.23
0.93,74.24,0.09,0.08,0.02,0.22
0.99,74.85,0.09,0.07,0.02,0.22
0.96,75.93,0.08,0.07,0.02,0.22
0.92,75.97,0.08,0.07,0.02,0.21
0.71,76.56,0.08,0.06,0.01,0.21
1.02,77.15,0.08,0.06,0.02,0.21
1.01,76.29,0.07,0.06,0.01,0.21
0.97,76.9,0.07,0.06,0.01,0.21
0.8,76.69,0.08,0.06,0.01,0.21
0.76,75.82,0.08,0.06,0.01,0.21
1.27,75.83,0.08,0.07,0.02,0.21
1.08,75.64,0.08,0.07,0.02,0.22
0.66,75.22,0.09,0.07,0.02,0.22
0.95,74.59,0.1,0.08,0.02,0.23
1.14,73.15,0.11,0.09,0.02,0.23
0.78,71.9,0.12,0.09,0.02,0.24
1.37,72.11,0.13,0.1,0.02,0.25
0.55,70.37,0.14,0.11,0.02,0.25
0.87,69.98,0.15,0.12,0.02,0.26
0.94,68.1,0.15,0.12,0.02,0.26
0.74,67.51,0.16,0.13,0.03,0.27
0.87,66.54,0.17,0.13,0.03,0.27
0.76,65.3,0.17,0.14,0.03,0.28
0.91,64.22,0.18,0.14,0.04,0.28
0.96,64.54,0.19,0.15,0.04,0.28
0.6,63,0.19,0.15,0.05,0.29
0.83,62.28,0.2,0.16,0.06,0.29
0.76,61.18,0.21,0.17,0.06,0.3
0.83,60.71,0.21,0.17,0.07,0.3
0.66,59.52,0.22,0.18,0.08,0.3
0.85,58.66,0.22,0.18,0.09,0.31
0.88,57.6,0.23,0.19,0.09,0.31
0.69,56.85,0.23,0.19,0.1,0.31
0.71,56.39,0.23,0.19,0.1,0.32
0.87,55.18,0.24,0.2,0.11,0.32
0.77,55.12,0.24,0.2,0.12,0.32
0.58,53.57,0.25,0.21,0.12,0.33
0.6,53.33,0.25,0.21,0.13,0.33
1.01,52.67,0.25,0.21,0.13,0.33
0.44,51.87,0.26,0.22,0.14,0.34
0.81,51.15,0.26,0.22,0.15,0.34
0.56,50.33,0.26,0.23,0.15,0.34
0.68,49.97,0.27,0.23,0.16,0.34
0.52,49.16,0.27,0.23,0.16,0.35
0.5,48.65,0.27,0.24,0.17,0.35
0.66,48.17,0.27,0.24,0.17,0.35
0.66,47.08,0.28,0.24,0.18,0.35
0.6,46.6,0.28,0.25,0.18,0.35
0.33,46.11,0.28,0.25,0.19,0.36
0.6,45.15,0.28,0.25,0.19,0.36
0.35,44.46,0.29,0.26,0.2,0.36
0.69,44.06,0.29,0.26,0.2,0.36
0.48,43.55,0.29,0.26,0.21,0.36
0.31,42.6,0.29,0.27,0.21,0.36
0.48,42.39,0.3,0.27,0.21,0.37
0.69,41.37,0.3,0.27,0.22,0.37
0.78,41,0.3,0.28,0.22,0.37
0.46,40.32,0.3,0.28,0.22,0.37
0.48,39.8,0.3,0.28,0.23,0.37
0.28,39.49,0.3,0.28,0.23,0.37
0.49,39.07,0.3,0.28,0.23,0.37
0.57,38.6,0.31,0.29,0.24,0.37
0.19,38.3,0.31,0.29,0.24,0.38
0.49,37.6,0.31,0.29,0.24,0.38
0.48,37.33,0.31,0.29,0.24,0.38
0.46,36.82,0.31,0.29,0.25,0.38
0.33,36.62,0.32,0.3,0.25,0.38
0.49,36.11,0.32,0.3,0.25,0.38
0.33,35.71,0.32,0.3,0.25,0.38
0.42,35.11,0.32,0.3,0.26,0.38
0.36,34.62,0.33,0.31,0.26,0.38
0.4,33.91,0.33,0.31,0.26,0.38
0.33,33.27,0.33,0.31,0.27,0.38
0.39,32.79,0.34,0.31,0.27,0.38
0.18,32.14,0.34,0.32,0.27,0.38
0.56,31.4,0.34,0.32,0.27,0.38
0.18,30.84,0.34,0.32,0.28,0.39
0.17,30.36,0.35,0.33,0.28,0.39
0.44,29.49,0.35,0.33,0.28,0.39
0.42,28.82,0.35,0.33,0.29,0.39
0.17,28.28,0.36,0.33,0.29,0.39
0.01,27.59,0.36,0.34,0.29,0.39
0.17,26.97,0.36,0.34,0.3,0.39
0.19,26.37,0.36,0.34,0.3,0.39
-0.02,26,0.37,0.34,0.3,0.39
0.24,24.94,0.37,0.35,0.3,0.39
0.16,24.47,0.37,0.35,0.31,0.39
0.15,23.75,0.37,0.35,0.31,0.39
0.06,23.3,0.38,0.35,0.31,0.39
0.03,22.87,0.38,0.35,0.31,0.39
0.01,22.12,0.38,0.35,0.32,0.39
0.06,21.59,0.38,0.36,0.32,0.39
0.07,20.85,0.38,0.36,0.32,0.39
0.03,20.42,0.38,0.36,0.32,0.4
-0.09,19.84,0.39,0.36,0.32,0.4
-0.04,19.28,0.39,0.36,0.33,0.4
-0.14,18.79,0.39,0.36,0.33,0.4
0.06,18.25,0.39,0.36,0.33,0.4
-0.11,17.72,0.39,0.37,0.33,0.4
-0.04,17.02,0.39,0.37,0.33,0.4
-0.18,16.41,0.4,0.37,0.34,0.4
-0.14,15.96,0.4,0.37,0.34,0.4
-0.05,15.46,0.4,0.37,0.34,0.4
-0.15,14.92,0.4,0.37,0.34,0.4
0.01,14.22,0.4,0.37,0.34,0.4
-0.09,13.97,0.4,0.37,0.34,0.4
-0.26,13.31,0.4,0.37,0.34,0.4
-0.19,12.96,0.41,0.37,0.35,0.4
-0.15,12.38,0.41,0.37,0.35,0.4
-0.16,11.88,0.41,0.37,0.35,0.4
-0.25,11.44,0.41,0.38,0.35,0.4
-0.15,10.83,0.41,0.38,0.35,0.4
-0.36,10.61,0.41,0.38,0.35,0.4
-0.17,10.23,0.41,0.38,0.35,0.4
-0.26,9.8,0.41,0.38,0.35,0.4
-0.27,9.35,0.41,0.38,0.35,0.4
-0.37,8.88,0.41,0.38,0.35,0.4
-0.32,8.51,0.41,0.38,0.36,0.39
-0.44,7.73,0.41,0.38,0.36,0.39
-0.16,7,0.41,0.38,0.36,0.39
-0.43,6.48,0.41,0.38,0.36,0.39
-0.53,5.3,0.42,0.38,0.36,0.39
-0.27,4.75,0.42,0.38,0.36,0.39
-0.51,3.99,0.42,0.38,0.36,0.39
-0.38,3.43,0.42,0.38,0.36,0.39
-0.39,2.72,0.42,0.38,0.37,0.39
-0.68,2.2,0.42,0.38,0.37,0.39
-0.63,1.58,0.42,0.38,0.37,0.39
-0.45,0.94,0.42,0.38,0.37,0.39
-0.59,0.73,0.42,0.38,0.37,0.39
-0.57,0.66,0.42,0.38,0.37,0.39
-0.51,0.71,0.42,0.38,0.37,0.39
-0.54,0.72,0.42,0.38,0.37,0.39
-0.48,1.16,0.42,0.38,0.37,0.39
-0.54,1.65,0.42,0.38,0.37,0.39
-0.53,1.78,0.42,0.38,0.37,0.39
-0.53,1.74,0.42,0.38,0.37,0.39
-0.53,1.75,0.42,0.38,0.37,0.39
-0.5,1.76,0.42,0.38,0.37,0.39
-0.55,1.75,0.42,0.38,0.37,0.39
-0.53,1.79,0.42,0.38,0.37,0.39
-0.55,1.71,0.42,0.38,0.37,0.39
-0.49,1.68,0.42,0.38,0.37,0.39
-0.52,1.74,0.42,0.38,0.37,0.39
-0.53,1.7,0.42,0.38,0.37,0.39
