13.43,-0.2,0.4,0.38,0.35,0.39
13.97,-0.22,0.4,0.38,0.35,0.38
14.75,-0.3,0.4,0.38,0.35,0.38
15.35,-0.25,0.4,0.37,0.35,0.38
16.15,-0.28,0.4,0.37,0.35,0.38
16.92,-0.28,0.4,0.37,0.35,0.38
17.78,-0.35,0.4,0.36,0.35,0.38
18.42,-0.38,0.4,0.36,0.34,0.38
19.16,-0.34,0.4,0.36,0.34,0.38
19.7,-0.34,0.4,0.36,0.34,0.38
20.64,-0.47,0.4,0.35,0.34,0.38
21.48,-0.26,0.4,0.35,0.34,0.37
22.06,-0.38,0.4,0.35,0.34,0.37
22.64,-0.48,0.4,0.34,0.34,0.37
23.19,-0.43,0.4,0.34,0.33,0.37
23.54,-0.55,0.4,0.34,0.33,0.37
24.28,-0.39,0.4,0.34,0.33,0.37
24.7,-0.64,0.4,0.34,0.33,0.37
25.54,-0.05,0.4,0.33,0.33,0.36
26.02,-0.56,0.4,0.33,0.33,0.36
27.04,-0.37,0.4,0.32,0.33,0.36
27.82,-0.32,0.4,0.32,0.32,0.36
28.69,-0.62,0.4,0.32,0.32,0.35
29.42,-0.84,0.4,0.31,0.32,0.35
30.03,-0.79,0.39,0.31,0.32,0.35
31.08,-0.53,0.39,0.3,0.31,0.35
31.31,-0.7,0.39,0.3,0.31,0.34
32.33,-0.96,0.39,0.3,0.31,0.34
32.87,-0.86,0.39,0.29,0.31,0.34
33.61,-0.91,0.39,0.29,0.31,0.33
34.11,-0.72,0.39,0.28,0.3,0.33
34.98,-0.95,0.39,0.28,0.3,0.33
35.41,-0.69,0.39,0.28,0.3,0.33
35.74,-0.7,0.39,0.28,0.3,0.32
36.18,-0.85,0.39,0.27,0.3,0.32
36.97,-0.92,0.39,0.27,0.29,0.32
37.41,-0.87,0.38,0.26,0.29,0.32
37.91,-0.89,0.38,0.26,0.29,0.31
38.74,-0.74,0.38,0.26,0.29,0.31
39.16,-1.01,0.38,0.26,0.29,0.31
39.31,-0.86,0.38,0.25,0.28,0.31
39.74,-1.15,0.38,0.25,0.28,0.31
40.19,-0.96,0.38,0.25,0.28,0.3
40.67,-0.96,0.38,0.24,0.28,0.3
41.18,-0.86,0.38,0.24,0.28,0.3
41.54,-1.03,0.38,0.24,0.28,0.3
42.15,-1,0.38,0.24,0.27,0.29
42.46,-0.94,0.38,0.23,0.27,0.29
43.06,-1.1,0.38,0.22,0.27,0.29
43.25,-0.75,0.38,0.22,0.27,0.28
44.09,-1.16,0.38,0.22,0.27,0.28
44.62,-1.07,0.37,0.21,0.26,0.28
45.2,-1.28,0.37,0.21,0.26,0.28
45.38,-1.07,0.37,0.21,0.26,0.27
46.09,-1.24,0.37,0.2,0.26,0.27
46.85,-0.89,0.37,0.19,0.26,0.27
48.03,-1.02,0.37,0.19,0.25,0.26
48.14,-1.18,0.37,0.18,0.25,0.26
48.94,-1.11,0.37,0.18,0.25,0.26
49,-1.05,0.37,0.18,0.25,0.26
49.58,-1.02,0.37,0.17,0.25,0.25
49.84,-1.07,0.37,0.17,0.24,0.25
50.47,-1.18,0.36,0.16,0.24,0.25
50.61,-1.25,0.36,0.16,0.24,0.25
50.83,-1.29,0.36,0.16,0.24,0.25
50.96,-1.15,0.36,0.16,0.24,0.24
51.67,-1.48,0.36,0.15,0.23,0.24
52.44,-1.29,0.36,0.14,0.23,0.23
52.61,-1.4,0.36,0.14,0.23,0.23
53.38,-1.23,0.35,0.13,0.22,0.23
53.96,-1.15,0.35,0.13,0.22,0.23
54.81,-1.57,0.35,0.12,0.22,0.22
54.93,-1.39,0.35,0.12,0.22,0.22
55.21,-1.42,0.35,0.12,0.22,0.22
55.05,-1.29,0.35,0.12,0.22,0.22
55.27,-1.45,0.35,0.12,0.22,0.22
55.34,-1.37,0.35,0.12,0.22,0.22
55.47,-1.42,0.35,0.12,0.22,0.22
55.54,-1.14,0.35,0.12,0.22,0.22
55.09,-1.25,0.35,0.12,0.22,0.22
55.72,-1.19,0.35,0.12,0.21,0.22
55.78,-1.35,0.35,0.11,0.21,0.22
55.97,-1.34,0.35,0.11,0.21,0.22
57,-1.28,0.34,0.11,0.21,0.21
56.76,-1.28,0.34,0.1,0.21,0.21
57.8,-1.32,0.34,0.1,0.2,0.21
58.01,-1.45,0.34,0.1,0.2,0.2
58.68,-1.34,0.34,0.09,0.2,0.2
59.34,-1.35,0.33,0.08,0.19,0.2
59.45,-1.35,0.33,0.08,0.19,0.19
60.51,-1.47,0.33,0.07,0.19,0.19
61.07,-1.32,0.33,0.07,0.18,0.19
61.62,-1.28,0.32,0.07,0.18,0.18
61.75,-1.63,0.32,0.06,0.18,0.18
62.87,-1.31,0.32,0.06,0.17,0.18
63.12,-1.47,0.32,0.05,0.17,0.17
63.82,-1.32,0.31,0.05,0.16,0.17
63.91,-1.43,0.31,0.05,0.16,0.17
65.13,-1.37,0.31,0.04,0.16,0.16
65.29,-1.36,0.31,0.04,0.15,0.16
65.66,-1.45,0.3,0.04,0.15,0.16
66.91,-1.52,0.3,0.03,0.14,0.15
66.77,-1.49,0.3,0.03,0.14,0.15
67.21,-1.56,0.3,0.03,0.14,0.15
67.6,-1.57,0.3,0.03,0.13,0.15
67.86,-1.47,0.29,0.03,0.13,0.14
68.83,-1.43,0.29,0.03,0.13,0.14
68.8,-1.44,0.29,0.02,0.12,0.14
69.13,-1.69,0.29,0.02,0.12,0.14
69.59,-1.73,0.29,0.02,0.12,0.13
70.56,-1.64,0.29,0.02,0.11,0.13
70.29,-1.34,0.28,0.02,0.11,0.13
71.53,-1.5,0.28,0.02,0.11,0.13
71.42,-1.37,0.28,0.02,0.1,0.12
70.55,-1.63,0.28,0.02,0.1,0.12
72.09,-1.6,0.28,0.02,0.1,0.12
72.26,-1.62,0.28,0.02,0.1,0.12
72.15,-1.56,0.28,0.02,0.1,0.12
72.4,-1.72,0.27,0.02,0.09,0.12
72.56,-1.36,0.27,0.02,0.09,0.12
72.64,-1.5,0.27,0.02,0.09,0.12
72.57,-1.72,0.27,0.02,0.09,0.12
72.7,-1.55,0.27,0.02,0.09,0.12
72.22,-1.56,0.27,0.02,0.1,0.12
72.54,-1.5,0.28,0.02,0.1,0.12
72.56,-1.42,0.28,0.02,0.1,0.12
72,-1.78,0.28,0.02,0.1,0.12
71.91,-1.44,0.28,0.02,0.11,0.13
71.29,-1.61,0.29,0.02,0.11,0.13
69.77,-1.69,0.29,0.02,0.12,0.14
71.24,-1.71,0.29,0.02,0.12,0.14
69.22,-1.75,0.29,0.03,0.13,0.14
69.15,-1.64,0.3,0.03,0.13,0.14
69.01,-1.73,0.3,0.03,0.13,0.15
67.27,-1.57,0.3,0.03,0.14,0.15
66.58,-1.71,0.3,0.04,0.15,0.16
65.91,-1.5,0.31,0.04,0.16,0.16
64.86,-1.76,0.32,0.05,0.16,0.17
64.11,-1.83,0.32,0.06,0.17,0.18
63.4,-1.66,0.32,0.06,0.18,0.18
62.25,-1.46,0.33,0.07,0.18,0.19
61.63,-1.72,0.33,0.07,0.19,0.19
60.25,-1.46,0.33,0.08,0.19,0.2
59.46,-1.6,0.34,0.09,0.2,0.2
58.17,-1.58,0.34,0.1,0.2,0.21
58.15,-1.25,0.34,0.11,0.21,0.21
56.33,-1.59,0.35,0.11,0.21,0.22
55.74,-1.5,0.35,0.12,0.22,0.22
54.5,-1.35,0.36,0.13,0.23,0.23
54,-1.52,0.36,0.14,0.23,0.24
52.37,-1.23,0.36,0.15,0.24,0.24
51.58,-1.25,0.36,0.16,0.24,0.25
50.46,-1.45,0.37,0.17,0.25,0.25
49.53,-1.3,0.37,0.18,0.25,0.26
48.45,-1.39,0.37,0.19,0.25,0.26
47.61,-1.22,0.37,0.19,0.26,0.27
46.66,-1.39,0.37,0.2,0.26,0.27
46.38,-0.99,0.38,0.21,0.26,0.28
45.08,-1.35,0.38,0.21,0.27,0.28
44.23,-1.22,0.38,0.22,0.27,0.29
43.4,-1.08,0.38,0.23,0.28,0.29
42.4,-1.12,0.38,0.23,0.28,0.3
41.04,-1.19,0.38,0.24,0.28,0.3
40.43,-1.1,0.38,0.25,0.29,0.31
39.38,-1.16,0.39,0.25,0.29,0.31
38.68,-0.99,0.39,0.26,0.29,0.32
37.48,-1.02,0.39,0.26,0.3,0.32
36.8,-1.02,0.39,0.27,0.3,0.33
35.98,-1.11,0.39,0.27,0.3,0.33
35.14,-1.11,0.39,0.28,0.31,0.33
34.14,-0.92,0.39,0.29,0.31,0.34
33.5,-0.89,0.39,0.29,0.31,0.34
32.67,-0.82,0.39,0.29,0.31,0.34
31.86,-0.62,0.39,0.3,0.32,0.35
31,-1.05,0.39,0.3,0.32,0.35
30.09,-0.9,0.39,0.31,0.32,0.35
29.47,-0.7,0.39,0.31,0.33,0.36
28.45,-0.73,0.39,0.32,0.33,0.36
27.04,-0.56,0.4,0.33,0.33,0.36
26.2,-0.75,0.4,0.33,0.33,0.37
25.02,-0.56,0.4,0.34,0.34,0.37
24.42,-0.81,0.4,0.34,0.34,0.37
23.35,-0.39,0.4,0.34,0.34,0.37
22.65,-0.37,0.4,0.35,0.34,0.37
21.95,-0.3,0.4,0.35,0.34,0.38
21.07,-0.59,0.4,0.36,0.34,0.38
20.35,-0.27,0.4,0.36,0.34,0.38
19.49,-0.34,0.4,0.36,0.35,0.38
18.97,-0.48,0.4,0.36,0.35,0.38
18.43,-0.29,0.4,0.37,0.35,0.38
17.93,-0.34,0.4,0.37,0.35,0.38
17.04,-0.26,0.4,0.37,0.35,0.38
16.8,-0.48,0.4,0.37,0.35,0.38
16.33,-0.37,0.4,0.37,0.35,0.38
16.01,-0.3,0.4,0.38,0.35,0.39
15.64,-0.23,0.4,0.38,0.35,0.39
14.57,-0.37,0.4,0.38,0.35,0.39
14.46,-0.27,0.4,0.38,0.35,0.39
13.64,-0.33,0.4,0.38,0.35,0.39
13.62,-0.16,0.4,0.38,0.36,0.39
13.13,-0.25,0.4,0.38,0.36,0.39
12.68,0.05,0.4,0.39,0.36,0.39
12.5,0.03,0.4,0.39,0.36,0.39
11.95,0.06,0.4,0.39,0.36,0.39
11.59,0.44,0.4,0.39,0.36,0.39
10.54,-0.04,0.4,0.39,0.36,0.39
10,-0.15,0.39,0.39,0.36,0.39
9.45,0.2,0.39,0.39,0.36,0.39
9.16,-0.64,0.39,0.39,0.36,0.39
8.59,-0.28,0.39,0.4,0.36,0.39
8.04,0.16,0.39,0.4,0.36,0.39
7.28,0.2,0.4,0.4,0.36,0.39
6.62,0.44,0.39,0.4,0.36,0.39
5.52,0.01,0.39,0.4,0.36,0.39
4.84,-0.31,0.39,0.4,0.36,0.39
3.9,0.06,0.39,0.41,0.36,0.39
2.98,0.09,0.39,0.41,0.36,0.39
2.67,-0.26,0.39,0.41,0.36,0.39
1.74,0.4,0.39,0.41,0.36,0.39
0.49,0.16,0.39,0.41,0.36,0.39
0.04,0.12,0.39,0.41,0.37,0.39
-1.07,0.17,0.39,0.41,0.36,0.39
-1.2,0.37,0.38,0.41,0.36,0.39
-2.33,0.37,0.38,0.41,0.36,0.39
-2.62,0.57,0.38,0.42,0.36,0.39
-3.32,0.18,0.38,0.42,0.36,0.39
-3.84,0.12,0.38,0.42,0.36,0.39
-4.04,0.3,0.38,0.42,0.36,0.39
-4.74,0.2,0.38,0.41,0.36,0.39
-5.28,0.44,0.38,0.41,0.36,0.39
-5.45,0.23,0.37,0.41,0.36,0.39
-6.02,0.29,0.37,0.41,0.36,0.39
-6.89,0.37,0.37,0.41,0.36,0.39
-7.66,0.52,0.37,0.41,0.36,0.39
-8.44,0.91,0.37,0.41,0.36,0.39
-9.42,0.64,0.37,0.41,0.36,0.39
-10.36,0.51,0.36,0.41,0.36,0.39
-11.06,0.28,0.36,0.42,0.36,0.38
-12.63,0.49,0.35,0.42,0.36,0.38
-13.65,0.82,0.35,0.42,0.36,0.38
-14.46,0.89,0.35,0.42,0.36,0.38
-15.32,0.33,0.34,0.42,0.35,0.38
-15.89,0.78,0.34,0.42,0.35,0.38
-16.93,0.68,0.34,0.42,0.35,0.38
-17.15,0.93,0.34,0.42,0.35,0.38
-17.77,0.96,0.34,0.42,0.35,0.38
-17.91,0.66,0.34,0.42,0.35,0.37
-18.63,0.63,0.33,0.42,0.35,0.37
-18.78,0.93,0.33,0.42,0.35,0.37
-19.79,0.88,0.33,0.42,0.35,0.37
-19.3,0.81,0.33,0.42,0.35,0.37
-20.38,0.63,0.33,0.42,0.35,0.37
-20.52,1.02,0.33,0.42,0.35,0.37
-21.37,1.01,0.32,0.42,0.35,0.37
-22.34,0.9,0.32,0.42,0.34,0.37
-23.1,0.7,0.32,0.42,0.34,0.36
-23.8,0.84,0.31,0.42,0.34,0.36
-24.52,0.93,0.31,0.42,0.34,0.36
-25.04,1.35,0.31,0.42,0.34,0.36
-25.81,1.32,0.31,0.42,0.33,0.36
-26.64,0.76,0.3,0.42,0.33,0.35
-28.4,1.22,0.3,0.42,0.33,0.35
-29.14,0.95,0.29,0.42,0.32,0.34
-30.3,1.01,0.29,0.42,0.32,0.34
-31.77,0.99,0.28,0.42,0.32,0.34
-30.84,0.72,0.28,0.42,0.32,0.34
-32.69,1.3,0.28,0.42,0.31,0.34
-32.93,1.07,0.28,0.42,0.31,0.33
-33.31,1.13,0.27,0.41,0.31,0.33
-34.37,1.42,0.27,0.41,0.31,0.33
-35.01,1.41,0.27,0.41,0.3,0.33
-35.68,0.92,0.26,0.41,0.3,0.32
-37.04,1.39,0.25,0.41,0.29,0.32
-37.66,1.2,0.25,0.41,0.29,0.31
-38.52,1.4,0.24,0.4,0.28,0.31
-39.52,1.18,0.24,0.4,0.28,0.31
-40.54,1.22,0.23,0.4,0.28,0.3
-41.24,1.3,0.23,0.4,0.27,0.3
-42.16,1.26,0.22,0.39,0.27,0.29
-42.99,1.47,0.22,0.39,0.26,0.29
-43.74,1.48,0.21,0.39,0.26,0.29
-44.66,1.36,0.21,0.39,0.26,0.28
-45.16,1.41,0.21,0.39,0.26,0.28
-45.56,1.5,0.2,0.38,0.25,0.28
-46.52,1.47,0.19,0.38,0.25,0.28
-47.19,1.47,0.19,0.38,0.24,0.27
-48.11,1.41,0.18,0.37,0.24,0.27
-49.13,1.62,0.17,0.37,0.23,0.26
-49.37,1.52,0.17,0.37,0.23,0.26
-50.38,1.43,0.16,0.37,0.23,0.26
-51.03,1.29,0.16,0.37,0.23,0.26
-51.41,1.63,0.15,0.36,0.22,0.25
-52.15,1.63,0.15,0.36,0.22,0.25
-52.57,1.61,0.14,0.36,0.22,0.25
-53.29,1.5,0.14,0.36,0.21,0.24
-53.86,1.44,0.13,0.35,0.21,0.24
-54.42,1.47,0.13,0.35,0.21,0.24
-55.05,1.37,0.12,0.35,0.2,0.23
-55.38,1.49,0.12,0.35,0.2,0.23
-56.37,1.51,0.11,0.35,0.2,0.23
-56.64,1.58,0.11,0.34,0.2,0.23
-57.44,1.6,0.1,0.34,0.19,0.22
-58.02,1.66,0.1,0.34,0.19,0.22
-58.46,1.56,0.09,0.34,0.19,0.22
-58.94,1.61,0.09,0.33,0.18,0.21
-59.79,1.47,0.08,0.33,0.18,0.21
-60.05,1.79,0.08,0.33,0.18,0.21
-61.01,1.58,0.07,0.33,0.18,0.2
-60.9,1.57,0.07,0.32,0.17,0.2
-61.78,1.5,0.06,0.32,0.17,0.2
-62.17,1.68,0.06,0.32,0.17,0.19
-62.64,1.58,0.06,0.32,0.16,0.19
-63.24,1.52,0.05,0.32,0.16,0.19
-63.43,1.66,0.05,0.31,0.16,0.18
-63.46,1.68,0.05,0.31,0.16,0.18
-64.63,1.67,0.04,0.31,0.15,0.18
-64.92,1.57,0.04,0.31,0.15,0.18
-65.05,1.62,0.04,0.3,0.15,0.17
-65.19,1.58,0.04,0.3,0.15,0.17
-66.14,1.58,0.04,0.3,0.15,0.17
-66.03,1.74,0.03,0.3,0.14,0.17
-66.71,1.73,0.03,0.3,0.14,0.16
-67.07,1.67,0.03,0.3,0.14,0.16
-67.55,1.68,0.03,0.29,0.14,0.16
-67.87,1.61,0.03,0.29,0.14,0.15
-68.48,1.57,0.03,0.29,0.13,0.15
-68.22,1.81,0.02,0.29,0.13,0.15
-68.78,1.69,0.02,0.29,0.13,0.15
-69.06,1.73,0.02,0.29,0.13,0.14
-69.37,1.51,0.02,0.28,0.13,0.14
-69.67,1.69,0.02,0.28,0.12,0.14
-70.25,1.59,0.02,0.28,0.12,0.13
-70.11,1.55,0.02,0.28,0.12,0.13
-70.77,1.59,0.02,0.28,0.12,0.13
-70.55,1.71,0.02,0.28,0.12,0.13
-71.22,1.69,0.02,0.28,0.12,0.13
-71.22,1.75,0.02,0.27,0.11,0.12
-71.71,1.66,0.02,0.27,0.11,0.12
-71.93,1.68,0.02,0.27,0.11,0.12
-72.63,1.68,0.02,0.27,0.11,0.12
-72.63,1.78,0.02,0.27,0.11,0.11
-72.57,1.63,0.02,0.27,0.1,0.11
-73.45,1.68,0.02,0.27,0.1,0.11
-72.74,1.53,0.02,0.26,0.1,0.11
-74.56,1.68,0.02,0.26,0.1,0.11
-74.17,1.66,0.02,0.26,0.1,0.1
-74.19,1.68,0.02,0.26,0.1,0.1
-73.81,1.62,0.02,0.26,0.1,0.1
-74.75,1.52,0.02,0.26,0.09,0.1
-74.73,1.56,0.02,0.26,0.09,0.1
-74.94,1.56,0.02,0.25,0.09,0.09
-74.94,1.75,0.02,0.25,0.09,0.09
-75.26,1.72,0.02,0.25,0.09,0.09
-75.21,1.67,0.02,0.25,0.09,0.09
-76.12,1.63,0.02,0.25,0.08,0.09
-75.69,1.65,0.02,0.25,0.08,0.08
-76.5,1.79,0.02,0.25,0.08,0.08
-75.74,1.59,0.02,0.25,0.08,0.08
-75.91,1.54,0.02,0.25,0.08,0.08
-76.13,1.63,0.02,0.25,0.08,0.08
-76.1,1.58,0.02,0.25,0.08,0.08
-76.02,1.62,0.02,0.25,0.08,0.08
-75.5,1.55,0.02,0.25,0.08,0.09
-75.25,1.55,0.02,0.25,0.09,0.09
-75.48,1.48,0.02,0.25,0.09,0.09
-74.94,1.72,0.02,0.26,0.1,0.1
-74.52,1.68,0.02,0.26,0.1,0.11
-74.6,1.55,0.02,0.27,0.1,0.11
-72.59,1.67,0.02,0.27,0.11,0.11
-72.73,1.68,0.02,0.27,0.11,0.12
-71.11,1.55,0.02,0.28,0.12,0.12
-71.39,1.6,0.02,0.28,0.12,0.13
-71.1,1.63,0.02,0.28,0.12,0.14
-69.89,1.67,0.02,0.29,0.13,0.14
-69.37,1.7,0.02,0.29,0.13,0.15
-68.75,1.73,0.03,0.29,0.14,0.15
-68.08,1.53,0.03,0.3,0.14,0.16
-67.67,1.47,0.03,0.3,0.14,0.16
-66.84,1.48,0.03,0.3,0.15,0.17
-66.41,1.47,0.04,0.3,0.15,0.17
-65.77,1.52,0.04,0.31,0.15,0.18
-65.27,1.52,0.04,0.31,0.15,0.18
-64.51,1.49,0.05,0.31,0.16,0.18
-63.83,1.65,0.05,0.32,0.16,0.19
-63.31,1.74,0.06,0.32,0.16,0.19
-63.06,1.47,0.06,0.32,0.17,0.2
-62.64,1.45,0.06,0.32,0.17,0.2
-62.12,1.7,0.07,0.32,0.17,0.2
-61.98,1.52,0.07,0.32,0.17,0.2
-61.09,1.72,0.07,0.33,0.18,0.2
-60.9,1.28,0.07,0.33,0.18,0.21
-60.57,1.47,0.08,0.33,0.18,0.21
-60.04,1.49,0.08,0.33,0.18,0.21
-59.07,1.61,0.09,0.34,0.19,0.22
-58.57,1.67,0.1,0.34,0.19,0.22
-57.93,1.43,0.11,0.34,0.2,0.23
-57.06,1.26,0.12,0.35,0.2,0.23
-56.85,1.37,0.12,0.35,0.21,0.24
-55.63,1.34,0.13,0.35,0.21,0.24
-54.74,1.41,0.13,0.35,0.21,0.24
-54.54,1.56,0.14,0.36,0.21,0.24
-53.79,1.34,0.14,0.36,0.21,0.25
-53.28,1.37,0.15,0.36,0.22,0.25
-52.68,1.35,0.15,0.36,0.22,0.25
-52.37,1.37,0.16,0.36,0.23,0.26
-51.54,1.54,0.16,0.37,0.23,0.26
-50.28,1.52,0.17,0.37,0.23,0.26
-50.08,1.45,0.17,0.37,0.23,0.26
-49.58,1.17,0.18,0.37,0.24,0.27
-49.4,1.2,0.18,0.37,0.24,0.27
-48.38,1.41,0.19,0.37,0.24,0.27
-47.5,1.39,0.19,0.38,0.25,0.27
-47.53,1.17,0.19,0.38,0.25,0.28
-47.41,1.14,0.2,0.38,0.25,0.28
-46.41,1.36,0.2,0.38,0.25,0.28
-46.07,1.59,0.21,0.38,0.26,0.28
-44.99,1.56,0.21,0.38,0.26,0.29
-44.5,1.53,0.22,0.39,0.26,0.29
-43.92,1.52,0.22,0.39,0.27,0.29
-43.24,1.64,0.23,0.39,0.27,0.29
-42.39,1.27,0.23,0.39,0.27,0.3
-42.12,1.26,0.23,0.39,0.27,0.3
-41.25,1.2,0.24,0.4,0.28,0.3
-41.05,1.11,0.24,0.4,0.28,0.3
-40.44,1.06,0.24,0.4,0.28,0.31
-40.4,1.41,0.25,0.4,0.29,0.31
-39.12,1.31,0.25,0.4,0.29,0.31
-39.04,1.1,0.25,0.41,0.29,0.32
-38.29,1.1,0.25,0.41,0.29,0.32
-37.2,1.18,0.26,0.41,0.3,0.32
-37.29,1.12,0.26,0.41,0.3,0.32
-36.23,1.09,0.27,0.41,0.3,0.33
-35.77,1.37,0.27,0.41,0.31,0.33
-34.21,1.37,0.28,0.42,0.31,0.33
-33.57,1.17,0.28,0.42,0.32,0.34
-32.52,1.3,0.29,0.42,0.32,0.34
-31.57,1.1,0.29,0.42,0.32,0.35
-29.82,1.14,0.3,0.42,0.33,0.35
-29.11,1.03,0.3,0.42,0.33,0.35
-28.03,1.25,0.3,0.42,0.33,0.36
-26.68,1.37,0.31,0.42,0.34,0.36
-25.86,0.73,0.31,0.42,0.34,0.36
-24.76,0.77,0.32,0.42,0.34,0.36
-23.27,0.8,0.32,0.42,0.35,0.37
-22.25,0.56,0.33,0.42,0.35,0.37
-20.96,0.83,0.33,0.42,0.35,0.37
-19.98,1.07,0.34,0.42,0.35,0.38
-18.97,0.66,0.34,0.42,0.35,0.38
-18.2,0.8,0.34,0.42,0.35,0.38
-17.32,0.64,0.34,0.42,0.35,0.38
-16.61,0.54,0.35,0.42,0.36,0.38
-16.32,0.87,0.35,0.42,0.36,0.38
-15.43,0.55,0.35,0.42,0.36,0.38
-15.07,0.58,0.35,0.42,0.36,0.38
-14.49,0.49,0.35,0.42,0.36,0.38
-13.71,0.7,0.36,0.42,0.36,0.38
-12.86,0.48,0.36,0.42,0.36,0.38
-12.04,0.26,0.36,0.42,0.36,0.39
-11.41,0.71,0.37,0.42,0.36,0.39
-10.52,0.79,0.37,0.42,0.36,0.39
-9.33,0.48,0.37,0.42,0.36,0.39
-8.78,0.37,0.37,0.42,0.36,0.39
-7.98,0.22,0.37,0.42,0.36,0.39
-6.95,0.46,0.37,0.42,0.36,0.39
-6.76,0.39,0.38,0.42,0.36,0.39
-5.84,0.33,0.38,0.42,0.36,0.39
-5.28,0.33,0.38,0.42,0.36,0.39
-4.79,0.02,0.38,0.42,0.36,0.39
-4.04,0.09,0.38,0.42,0.36,0.39
-3.78,-0.02,0.38,0.42,0.36,0.39
-3.61,-0.31,0.38,0.42,0.36,0.39
-3.11,0.48,0.38,0.42,0.36,0.39
-3.13,0.37,0.38,0.41,0.36,0.39
-2.51,0.13,0.38,0.41,0.36,0.39
-2.23,0.12,0.38,0.41,0.36,0.39
-1.29,0.66,0.39,0.41,0.37,0.39
-0.82,0.24,0.39,0.41,0.36,0.39
0.23,-0.19,0.39,0.41,0.36,0.39
0.61,0.46,0.39,0.41,0.37,0.39
1.3,0.09,0.39,0.41,0.36,0.39
2.27,0.17,0.39,0.41,0.36,0.39
2.82,0.31,0.39,0.41,0.36,0.39
4.25,0.05,0.4,0.4,0.36,0.39
5.02,0.23,0.4,0.4,0.36,0.39
5.78,-0.1,0.4,0.4,0.36,0.39
6.78,-0.07,0.4,0.4,0.36,0.39
7.67,0.04,0.4,0.4,0.36,0.39
8.45,0.17,0.4,0.4,0.36,0.39
9.06,0.03,0.4,0.39,0.36,0.39
10.07,0.05,0.4,0.39,0.36,0.39
11.07,-0,0.4,0.39,0.36,0.39
11.67,-0.01,0.4,0.39,0.36,0.39
12.54,-0.04,0.4,0.38,0.36,0.39
13.23,-0.07,0.4,0.38,0.35,0.39
14.17,-0.41,0.4,0.38,0.35,0.39
15.38,-0.36,0.4,0.38,0.35,0.39
16.08,0.01,0.4,0.37,0.35,0.38
16.36,-0.51,0.4,0.37,0.35,0.38
17.67,-0.05,0.4,0.37,0.35,0.38
18.15,-0.53,0.4,0.36,0.35,0.38
18.99,-0.59,0.4,0.36,0.34,0.38
20.38,-0.2,0.4,0.36,0.34,0.38
21.17,-0.14,0.4,0.35,0.34,0.38
21.42,-0.31,0.4,0.35,0.34,0.37
22.44,-0.3,0.4,0.35,0.34,0.37
23.36,-0.49,0.4,0.34,0.34,0.37
24.44,-0.32,0.4,0.34,0.33,0.37
24.78,-0.64,0.4,0.34,0.33,0.37
25.36,-0.44,0.4,0.33,0.33,0.36
26.55,-0.64,0.4,0.33,0.33,0.36
26.86,-0.31,0.4,0.33,0.33,0.36
27.61,-0.61,0.4,0.32,0.33,0.36
28.63,-0.52,0.4,0.32,0.32,0.36
28.42,-0.57,0.4,0.32,0.32,0.35
29.44,-0.91,0.4,0.31,0.32,0.35
30.35,-0.53,0.4,0.31,0.32,0.35
30.52,-0.76,0.39,0.31,0.32,0.35
30.83,-0.31,0.4,0.31,0.32,0.35
31.67,-0.82,0.39,0.3,0.32,0.35
30.8,-0.71,0.39,0.3,0.31,0.34
31.8,-0.58,0.39,0.3,0.31,0.34
32.54,-0.36,0.39,0.3,0.31,0.34
32.88,-0.67,0.39,0.29,0.31,0.34
33.12,-0.92,0.39,0.29,0.31,0.34
33.29,-0.6,0.39,0.29,0.31,0.34
33.51,-0.49,0.39,0.29,0.31,0.34
33.92,-0.67,0.39,0.29,0.31,0.34
34.09,-1.11,0.39,0.28,0.31,0.33
34.95,-0.86,0.39,0.28,0.3,0.33
34.96,-1.1,0.39,0.27,0.3,0.33
35.75,-0.87,0.39,0.27,0.3,0.33
35.61,-0.64,0.39,0.27,0.3,0.33
35.9,-0.74,0.39,0.27,0.3,0.33
35.55,-0.82,0.39,0.27,0.3,0.33
35.93,-0.72,0.39,0.27,0.3,0.33
35.78,-0.64,0.39,0.27,0.3,0.33
35.81,-0.94,0.39,0.27,0.3,0.33
36.57,-1.31,0.39,0.27,0.3,0.33
35.88,-0.74,0.39,0.27,0.3,0.33
35.96,-0.74,0.39,0.27,0.3,0.33
36.61,-1.18,0.39,0.27,0.3,0.32
36.85,-0.87,0.39,0.26,0.3,0.32
37.69,-0.92,0.39,0.26,0.29,0.32
37.39,-0.95,0.39,0.26,0.29,0.32
39.12,-0.57,0.39,0.25,0.29,0.31
39.82,-1.13,0.39,0.24,0.28,0.31
40.58,-1.03,0.38,0.24,0.28,0.3
41.13,-1.02,0.38,0.23,0.28,0.3
42.3,-0.97,0.38,0.22,0.27,0.29
43,-1.02,0.38,0.22,0.27,0.29
44.61,-1,0.38,0.21,0.27,0.28
44.79,-1.14,0.38,0.2,0.26,0.27
46.7,-1.27,0.37,0.19,0.26,0.27
46.99,-1.34,0.37,0.18,0.25,0.26
48.3,-1.2,0.37,0.18,0.25,0.26
49.25,-1.45,0.37,0.17,0.25,0.26
50.2,-0.93,0.37,0.16,0.24,0.25
50.28,-1.03,0.37,0.16,0.24,0.25
50.88,-1.29,0.36,0.15,0.24,0.24
51.5,-1.3,0.36,0.15,0.23,0.24
52.04,-1.33,0.36,0.14,0.23,0.24
52.88,-1.3,0.36,0.13,0.23,0.23
54.12,-1.64,0.35,0.13,0.22,0.23
54.77,-1.18,0.35,0.12,0.22,0.22
55.63,-1.55,0.35,0.11,0.21,0.22
56.95,-1.32,0.35,0.11,0.21,0.21
56.35,-1.49,0.34,0.1,0.2,0.21
58.06,-1.49,0.34,0.09,0.2,0.2
59.36,-1.35,0.34,0.09,0.2,0.2
59.46,-1.5,0.33,0.08,0.19,0.19
60.22,-1.58,0.33,0.07,0.19,0.19
60.95,-1.49,0.33,0.07,0.18,0.19
61.3,-1.44,0.33,0.06,0.18,0.18
62.49,-1.43,0.32,0.06,0.17,0.18
63.23,-1.46,0.32,0.05,0.17,0.17
62.55,-1.45,0.32,0.05,0.17,0.17
64.4,-1.88,0.32,0.05,0.16,0.17
65.56,-1.18,0.31,0.04,0.16,0.16
65.26,-1.23,0.31,0.04,0.15,0.16
65.92,-1.72,0.31,0.04,0.15,0.16
67.28,-1.44,0.3,0.03,0.14,0.15
66.62,-1.69,0.3,0.03,0.14,0.15
67.67,-1.64,0.3,0.03,0.14,0.15
67.97,-1.56,0.3,0.03,0.13,0.14
68.53,-1.93,0.3,0.03,0.13,0.14
69.71,-1.55,0.29,0.02,0.12,0.14
70.09,-1.49,0.29,0.02,0.12,0.14
69.52,-1.61,0.29,0.02,0.12,0.13
69.16,-1.81,0.29,0.02,0.12,0.13
70.57,-1.74,0.29,0.02,0.11,0.13
71.48,-1.45,0.29,0.02,0.11,0.13
71.1,-1.61,0.28,0.02,0.11,0.13
71.58,-1.86,0.28,0.02,0.1,0.12
72.42,-1.49,0.28,0.02,0.1,0.12
71.34,-1.9,0.28,0.02,0.1,0.12
72.64,-1.51,0.28,0.02,0.1,0.12
73.74,-1.57,0.28,0.02,0.1,0.12
72.58,-1.65,0.28,0.02,0.1,0.12
72.64,-1.66,0.28,0.02,0.1,0.12
71.99,-1.78,0.28,0.02,0.1,0.12
72.78,-1.77,0.28,0.02,0.1,0.12
71.51,-1.66,0.28,0.02,0.11,0.12
71.34,-1.62,0.29,0.02,0.11,0.13
70.53,-1.83,0.29,0.02,0.12,0.13
70.1,-1.62,0.29,0.02,0.12,0.14
70.01,-1.71,0.3,0.03,0.13,0.14
67.93,-1.61,0.3,0.03,0.14,0.15
67.7,-1.74,0.3,0.03,0.14,0.15
67.63,-1.61,0.31,0.04,0.15,0.16
65.63,-1.42,0.31,0.04,0.16,0.16
65.37,-1.88,0.32,0.05,0.16,0.17
63.38,-1.84,0.32,0.06,0.17,0.18
62.69,-1.75,0.33,0.06,0.18,0.18
61.54,-1.65,0.33,0.08,0.19,0.19
60.08,-1.66,0.34,0.09,0.2,0.2
59.08,-1.6,0.34,0.1,0.2,0.21
57.61,-1.12,0.35,0.11,0.21,0.21
55.61,-1.73,0.35,0.12,0.22,0.22
55.38,-1.45,0.36,0.13,0.23,0.23
53.52,-1.69,0.36,0.14,0.23,0.24
52.92,-1.19,0.36,0.15,0.24,0.24
51.2,-1.5,0.37,0.16,0.24,0.25
50.48,-1.34,0.37,0.17,0.25,0.25
49.47,-1.48,0.37,0.18,0.25,0.26
48.64,-1.38,0.37,0.18,0.25,0.26
47.94,-1.07,0.38,0.19,0.26,0.27
47.45,-1.3,0.38,0.19,0.26,0.27
46.29,-1.13,0.38,0.2,0.26,0.27
45.83,-0.98,0.38,0.21,0.26,0.28
45.25,-0.98,0.38,0.22,0.27,0.28
43.81,-1.02,0.38,0.22,0.27,0.29
43.3,-1.21,0.38,0.23,0.28,0.3
41.23,-0.98,0.39,0.24,0.28,0.3
41.55,-1.23,0.39,0.25,0.28,0.31
39.65,-1.02,0.39,0.25,0.29,0.31
39.27,-1.09,0.39,0.26,0.29,0.31
38.3,-0.93,0.39,0.26,0.29,0.32
36.92,-1.01,0.39,0.27,0.3,0.32
36.93,-0.93,0.39,0.27,0.3,0.33
35.82,-0.98,0.39,0.28,0.3,0.33
34.95,-0.78,0.39,0.28,0.31,0.33
34.25,-0.78,0.39,0.29,0.31,0.34
33.8,-0.86,0.39,0.29,0.31,0.34
32.79,-0.76,0.39,0.3,0.31,0.35
31.93,-0.79,0.39,0.3,0.32,0.35
30.99,-0.67,0.39,0.31,0.32,0.35
30.53,-0.79,0.39,0.31,0.32,0.35
29.54,-0.26,0.4,0.31,0.32,0.36
29.28,-0.66,0.4,0.32,0.33,0.36
28.45,-0.38,0.4,0.32,0.33,0.36
27.6,-0.41,0.4,0.33,0.33,0.36
26.49,-0.52,0.4,0.33,0.33,0.37
26.16,-0.46,0.4,0.33,0.33,0.37
25.19,-0.51,0.4,0.34,0.34,0.37
24.49,-0.35,0.4,0.34,0.34,0.37
23.75,-0.41,0.4,0.35,0.34,0.37
23.04,-0.54,0.4,0.35,0.34,0.37
22.08,-0.51,0.4,0.35,0.34,0.38
21.39,-0.37,0.4,0.36,0.34,0.38
20.31,-0.37,0.4,0.36,0.35,0.38
19.3,-0.56,0.4,0.37,0.35,0.38
18.49,-0.29,0.4,0.37,0.35,0.38
17.65,-0.31,0.4,0.37,0.35,0.38
16.92,-0.15,0.4,0.38,0.35,0.39
15.68,-0.29,0.4,0.38,0.35,0.39
14.67,-0.15,0.4,0.38,0.36,0.39
13.55,-0.08,0.4,0.38,0.36,0.39
12.58,-0.15,0.4,0.39,0.36,0.39
11.56,-0.35,0.4,0.39,0.36,0.39
10.71,-0.26,0.4,0.39,0.36,0.39
9.49,-0.06,0.4,0.4,0.36,0.39
8.35,-0.26,0.4,0.4,0.36,0.39
7.49,0.04,0.4,0.4,0.36,0.39
6.27,0.62,0.39,0.4,0.36,0.39
5.84,0.3,0.39,0.4,0.36,0.39
4.72,-0.11,0.39,0.41,0.36,0.4
3.91,-0.21,0.39,0.41,0.37,0.39
2.71,0.1,0.39,0.41,0.37,0.39
1.27,0.28,0.39,0.41,0.37,0.39
0.61,-0,0.39,0.41,0.37,0.4
-0.34,-0,0.39,0.41,0.37,0.39
-1.38,0.06,0.38,0.41,0.37,0.39
-2.21,0.2,0.38,0.41,0.37,0.39
-3.32,0.33,0.38,0.42,0.36,0.39
-4.42,0.46,0.38,0.41,0.36,0.39
-5.06,0.39,0.38,0.41,0.36,0.39
-6.47,0.08,0.37,0.42,0.36,0.39
-7.55,0.34,0.37,0.42,0.36,0.39
-8.08,0.64,0.37,0.41,0.36,0.39
-9.23,0.22,0.37,0.42,0.36,0.39
-10.26,0.3,0.36,0.42,0.36,0.39
-11.4,0.66,0.36,0.42,0.36,0.38
-12.29,0.76,0.36,0.42,0.36,0.38
-13.76,0.66,0.35,0.42,0.36,0.38
-14.63,0.78,0.35,0.42,0.36,0.38
-15.58,0.33,0.34,0.42,0.36,0.38
-17.53,0.47,0.34,0.42,0.35,0.38
-18.6,0.68,0.33,0.42,0.35,0.37
-20.86,0.7,0.33,0.42,0.35,0.37
-22.28,0.98,0.32,0.42,0.34,0.36
-23.8,0.74,0.31,0.42,0.34,0.36
-25.97,1.06,0.3,0.42,0.33,0.35
-27.91,0.97,0.3,0.42,0.33,0.35
-29.65,0.93,0.29,0.42,0.32,0.34
-30.9,0.97,0.28,0.42,0.32,0.34
-32.17,0.82,0.28,0.42,0.31,0.34
-33.71,1.13,0.27,0.42,0.31,0.33
-34.94,1.04,0.26,0.41,0.3,0.32
-36.55,1.26,0.26,0.41,0.29,0.32
-37.9,1.24,0.25,0.4,0.29,0.31
-38.77,1.32,0.24,0.4,0.28,0.31
-40.09,1.18,0.24,0.4,0.28,0.3
-41.22,1.23,0.23,0.39,0.27,0.3
-42.27,1.3,0.22,0.39,0.27,0.29
-43.52,1.21,0.21,0.39,0.26,0.29
-44.67,1.39,0.21,0.38,0.26,0.28
-45.74,1.41,0.2,0.38,0.25,0.28
-46.82,1.33,0.19,0.38,0.25,0.27
-47.67,1.3,0.18,0.38,0.24,0.27
-48.16,1.59,0.18,0.37,0.24,0.27
-49.43,1.44,0.17,0.37,0.23,0.26
-50.32,1.32,0.16,0.37,0.23,0.26
-50.74,1.55,0.16,0.36,0.22,0.25
-52.35,1.45,0.15,0.36,0.22,0.25
-52.98,1.6,0.14,0.36,0.22,0.25
-53.38,1.5,0.13,0.36,0.21,0.24
-54.64,1.41,0.13,0.35,0.21,0.24
-54.97,1.52,0.12,0.35,0.2,0.23
-55.56,1.74,0.11,0.35,0.2,0.23
-56.94,1.5,0.11,0.34,0.2,0.23
-56.69,1.69,0.1,0.34,0.19,0.22
-57.99,1.46,0.1,0.34,0.19,0.22
-58.45,1.52,0.09,0.34,0.19,0.22
-58.82,1.62,0.09,0.34,0.19,0.22
-59.47,1.63,0.08,0.33,0.18,0.21
-59.93,1.58,0.08,0.33,0.18,0.21
-60.88,1.56,0.07,0.33,0.18,0.2
-60.79,1.63,0.07,0.32,0.17,0.2
-61.88,1.48,0.06,0.32,0.17,0.2
-61.82,1.65,0.06,0.32,0.17,0.2
-62.95,1.51,0.06,0.32,0.17,0.19
-63.08,1.49,0.05,0.32,0.16,0.19
-63.25,1.58,0.05,0.31,0.16,0.19
-63.95,1.66,0.05,0.31,0.16,0.18
-64.22,1.56,0.04,0.31,0.16,0.18
-64.89,1.63,0.04,0.31,0.15,0.18
-65.09,1.55,0.04,0.31,0.15,0.17
-65.68,1.66,0.04,0.3,0.15,0.17
-65.97,1.54,0.03,0.3,0.15,0.17
-66.41,1.47,0.03,0.3,0.14,0.16
-67.37,1.72,0.03,0.3,0.14,0.16
-67.14,1.74,0.03,0.3,0.14,0.16
-68.08,1.68,0.03,0.29,0.14,0.15
-68.53,1.76,0.02,0.29,0.13,0.15
-68.44,1.74,0.02,0.29,0.13,0.14
-69.17,1.45,0.02,0.28,0.13,0.14
-69.56,1.73,0.02,0.28,0.12,0.13
-70.39,1.57,0.02,0.28,0.12,0.13
-71.16,1.58,0.02,0.28,0.12,0.13
-71.27,1.63,0.02,0.27,0.11,0.12
-70.94,1.71,0.02,0.27,0.11,0.12
-72.97,1.55,0.02,0.27,0.11,0.12
-72.1,1.68,0.02,0.27,0.11,0.11
-73.68,1.6,0.02,0.27,0.1,0.11
-74.55,1.63,0.02,0.27,0.1,0.11
-72.92,1.62,0.02,0.26,0.1,0.11
-73.74,1.58,0.02,0.26,0.1,0.1
-74.69,1.64,0.02,0.26,0.1,0.1
-75.13,1.68,0.02,0.26,0.09,0.1
-75.05,1.68,0.02,0.25,0.09,0.09
-74.9,1.55,0.02,0.25,0.09,0.09
-76.87,1.69,0.02,0.25,0.09,0.09
-73.91,1.98,0.02,0.25,0.09,0.09
-76.64,1.75,0.02,0.25,0.08,0.08
-76.55,1.42,0.02,0.25,0.08,0.08
-76.29,1.71,0.02,0.25,0.08,0.08
-76.11,1.82,0.02,0.25,0.08,0.08
-74.37,1.68,0.02,0.25,0.09,0.09
-76.1,1.67,0.02,0.26,0.09,0.1
-74.09,1.31,0.02,0.26,0.1,0.11
-73.28,1.58,0.02,0.27,0.11,0.12
-71.86,1.87,0.02,0.28,0.12,0.13
-70.08,1.67,0.02,0.29,0.13,0.15
-68.76,1.63,0.03,0.3,0.14,0.16
-67.51,1.57,0.04,0.3,0.15,0.17
-66,1.58,0.04,0.31,0.16,0.18
-64.6,1.58,0.05,0.32,0.16,0.19
-63.09,1.38,0.06,0.32,0.17,0.2
-61.08,1.67,0.08,0.33,0.18,0.21
-60.11,1.56,0.09,0.34,0.19,0.22
-59.17,1.67,0.1,0.34,0.19,0.23
-56.75,1.57,0.12,0.35,0.2,0.23
-55.57,1.41,0.13,0.35,0.21,0.24
-53.8,1.41,0.15,0.36,0.22,0.25
-52.74,1.47,0.16,0.36,0.23,0.26
-50.91,1.47,0.17,0.37,0.23,0.26
-49.92,1.27,0.18,0.37,0.24,0.27
-48.55,1.44,0.19,0.38,0.25,0.27
-47.14,1.32,0.2,0.38,0.25,0.28
-46.19,1.29,0.21,0.38,0.26,0.29
-44.3,1.51,0.22,0.39,0.27,0.29
-43.18,1.11,0.23,0.39,0.27,0.3
-41.52,1.2,0.24,0.4,0.28,0.31
-40.43,1.26,0.25,0.4,0.29,0.31
-38.33,1.25,0.26,0.41,0.3,0.32
-36.39,1,0.27,0.41,0.3,0.33
-35.42,0.56,0.28,0.42,0.31,0.33
-33.55,1.43,0.28,0.42,0.32,0.34
-32.12,1.25,0.29,0.42,0.32,0.35
-30.1,1.03,0.3,0.42,0.33,0.35
-28.61,0.82,0.3,0.42,0.33,0.36
-27.97,0.79,0.31,0.42,0.34,0.36
-25.89,1.17,0.31,0.42,0.34,0.36
-24.23,0.86,0.32,0.42,0.34,0.37
-23.9,0.54,0.32,0.42,0.35,0.37
-21.23,1.22,0.33,0.42,0.35,0.37
-20.44,0.66,0.34,0.42,0.35,0.38
-18.32,0.58,0.34,0.42,0.35,0.38
-17.03,0.62,0.35,0.42,0.36,0.38
-15.13,0.61,0.35,0.42,0.36,0.38
-14.59,0.87,0.36,0.42,0.36,0.38
-12.46,0.8,0.36,0.42,0.36,0.39
-11.12,0.32,0.37,0.42,0.36,0.39
-9.65,0.44,0.37,0.42,0.36,0.39
-8.51,0.38,0.37,0.42,0.36,0.39
-7.21,0.37,0.38,0.42,0.36,0.39
-5.62,0.32,0.38,0.42,0.36,0.39
-5.2,0.16,0.38,0.42,0.37,0.39
-3.78,0.28,0.38,0.41,0.36,0.39
-3.06,0.26,0.38,0.41,0.37,0.39
-1.83,0.49,0.39,0.41,0.37,0.4
-1.39,0.23,0.39,0.41,0.37,0.4
-0.21,0.13,0.39,0.41,0.37,0.4
0.22,-0.02,0.39,0.41,0.37,0.39
1.08,0.16,0.39,0.41,0.37,0.4
1.07,-0.34,0.39,0.41,0.37,0.4
1.63,-0.16,0.39,0.41,0.37,0.39
1.58,-0.17,0.39,0.41,0.37,0.39
2.19,0.21,0.39,0.41,0.37,0.39
1.65,-0.1,0.39,0.41,0.37,0.4
2.08,0.02,0.39,0.41,0.37,0.39
1.78,0.2,0.39,0.41,0.37,0.4
2.91,0.06,0.39,0.41,0.36,0.39
2.46,-0.15,0.39,0.41,0.36,0.39
