110554,-234,23.25,-572.25
110589,-235.5,18.75,-579.75
110624,-237,18.75,-576.75
110659,-233.25,14.25,-576
110694,-243.75,22.5,-574.5
110729,-234,16.5,-577.5
110764,-235.5,15.75,-581.25
110799,-236.25,16.5,-577.5
110834,-237,25.5,-577.5
110870,-240.75,21.75,-580.5
110905,-232.5,21.75,-574.5
110940,-244.5,18,-579.75
110975,-235.5,18,-579.75
111010,-234.75,20.25,-577.5
111045,-233.25,17.25,-582.75
111080,-238.5,12,-577.5
111115,-239.25,18.75,-579.75
111150,-237,24,-580.5
111185,-236.25,18.75,-585
111220,-242.25,21.75,-575.25
111255,-235.5,21.75,-582
111290,-241.5,18,-576.75
111325,-242.25,14.25,-579
111360,-236.25,19.5,-582
111395,-236.25,20.25,-581.25
111430,-238.5,15,-580.5
111465,-240,18,-577.5
111500,-237,21.75,-582.75
111535,-239.25,16.5,-575.25
111571,-235.5,23.25,-577.5
111606,-242.25,22.5,-574.5
111641,-243,18,-579.75
111676,-236.25,21.75,-584.25
111711,-236.25,21.75,-569.25
111746,-238.5,23.25,-579
111781,-243,19.5,-582.75
111816,-243.75,22.5,-580.5
111851,-241.5,18.75,-574.5
111886,-237.75,20.25,-572.25
111921,-238.5,15,-578.25
111956,-240,18.75,-575.25
111991,-237,21.75,-573
112026,-238.5,24,-576.75
112061,-242.25,18.75,-576.75
112096,-240,15,-579.75
112131,-238.5,18.75,-572.25
112166,-240.75,27,-573.75
112201,-237,15,-577.5
112236,-241.5,21,-578.25
112272,-234,24,-580.5
112307,-237,13.5,-570
112342,-240,21,-575.25
112377,-236.25,15,-578.25
112412,-238.5,21.75,-574.5
112447,-246,15,-577.5
112482,-237,21.75,-581.25
112517,-238.5,17.25,-574.5
112552,-235.5,18,-572.25
112587,-245.25,23.25,-570.75
112622,-243.75,19.5,-579.75
112657,-237,20.25,-578.25
112692,-237.75,21,-578.25
112727,-237.75,21.75,-573
112762,-240.75,24.75,-577.5
112797,-237,24.75,-581.25
112832,-240,23.25,-579
112867,-237,21,-580.5
112902,-240,25.5,-573.75
112937,-237,19.5,-579
112973,-237,21,-579
113008,-236.25,18,-576.75
113043,-237,21,-578.25
113078,-242.25,20.25,-580.5
113113,-236.25,22.5,-576
113148,-236.25,18,-577.5
113183,-237,23.25,-582
113218,-231.75,23.25,-578.25
113253,-240,14.25,-577.5
113288,-241.5,18.75,-577.5
113323,-235.5,23.25,-571.5
113358,-232.5,19.5,-572.25
113393,-235.5,17.25,-580.5
113428,-241.5,22.5,-582
113463,-234,15,-580.5
113498,-242.25,20.25,-579.75
113533,-231,15,-577.5
113568,-237.75,25.5,-574.5
113603,-242.25,21.75,-581.25
113638,-234.75,19.5,-581.25
113673,-234.75,15.75,-575.25
113709,-239.25,20.25,-576.75
113744,-238.5,19.5,-573.75
113779,-236.25,23.25,-580.5
113814,-243.75,19.5,-579
113849,-242.25,9.75,-580.5
113884,-245.25,22.5,-575.25
113919,-236.25,21,-580.5
113954,-238.5,25.5,-582
113989,-235.5,15.75,-576.75
114024,-232.5,22.5,-580.5
114059,-232.5,21,-577.5
114094,-243,16.5,-573
114129,-238.5,16.5,-579.75
114164,-238.5,19.5,-578.25
114199,-237.75,18,-583.5
114234,-245.25,21,-583.5
114269,-240,13.5,-575.25
114304,-240.75,20.25,-576
114339,-236.25,15.75,-578.25
114374,-234,20.25,-576.75
114410,-236.25,20.25,-580.5
114445,-233.25,15,-576.75
114480,-237.75,19.5,-575.25
114515,-239.25,20.25,-580.5
114550,-244.5,19.5,-577.5
114585,-231.75,24,-579
114620,-241.5,21,-577.5
114655,-241.5,18.75,-581.25
114690,-240.75,16.5,-571.5
114725,-233.25,16.5,-580.5
114760,-239.25,20.25,-576.75
114795,-239.25,18,-580.5
114830,-239.25,23.25,-583.5
114865,-239.25,24,-582.75
114900,-234.75,20.25,-574.5
114935,-235.5,18.75,-579
114970,-237.75,19.5,-570.75
115005,-243.75,21,-582
115040,-239.25,17.25,-579
115076,-238.5,17.25,-580.5
115111,-240.75,16.5,-578.25
115146,-239.25,20.25,-573.75
115181,-240.75,21,-578.25
115216,-245.25,20.25,-582.75
115251,-243,18.75,-579
115286,-242.25,12.75,-579.75
115321,-239.25,20.25,-577.5
115356,-243.75,16.5,-583.5
115391,-237.75,18.75,-579
115426,-235.5,19.5,-573.75
115461,-235.5,20.25,-572.25
115496,-237,18,-570
115531,-237.75,22.5,-578.25
115566,-240,20.25,-579
115601,-241.5,19.5,-581.25
115636,-234.75,21,-574.5
115671,-237.75,21.75,-574.5
115706,-237,19.5,-575.25
115741,-241.5,19.5,-581.25
115777,-243,13.5,-578.25
115812,-237,18.75,-579.75
115847,-241.5,14.25,-574.5
115882,-237,21,-578.25
115917,-235.5,19.5,-577.5
115952,-238.5,21,-576.75
115987,-237,15.75,-579.75
116022,-238.5,18,-586.5
116057,-239.25,20.25,-575.25
116092,-237,16.5,-580.5
116127,-236.25,18.75,-581.25
116162,-240.75,26.25,-575.25
116197,-237.75,21.75,-578.25
116232,-243,21,-578.25
116267,-238.5,22.5,-576
116302,-242.25,18.75,-578.25
116337,-240.75,20.25,-579.75
116372,-239.25,21,-573.75
116407,-239.25,9.75,-578.25
116442,-234,19.5,-582
116478,-236.25,24,-577.5
116513,-237,21,-577.5
116548,-241.5,21.75,-581.25
116583,-240.75,14.25,-573
116618,-237.75,15,-581.25
116653,-234,20.25,-577.5
116688,-236.25,21.75,-576
116723,-232.5,18.75,-572.25
116758,-237.75,18,-578.25
116793,-239.25,20.25,-576.75
116828,-238.5,18,-577.5
116863,-239.25,19.5,-580.5
116898,-243.75,15.75,-577.5
116933,-234.75,30,-577.5
116968,-236.25,21,-579.75
117003,-240,20.25,-578.25
117038,-239.25,20.25,-579.75
117073,-234.75,13.5,-579
117108,-240,18.75,-574.5
117143,-233.25,17.25,-571.5
117179,-240,15.75,-579
117214,-243.75,18.75,-574.5
117249,-234.75,21.75,-577.5
117284,-237.75,19.5,-572.25
117319,-240,16.5,-578.25
117354,-234.75,21,-580.5
117389,-238.5,23.25,-574.5
117424,-236.25,19.5,-578.25
117459,-239.25,16.5,-575.25
117494,-243.75,13.5,-581.25
117529,-243,18.75,-579.75
117564,-240,12.75,-576
117599,-235.5,17.25,-576
117634,-241.5,22.5,-582.75
117669,-232.5,21.75,-574.5
117704,-239.25,20.25,-579.75
117739,-234.75,20.25,-579
117774,-240,15,-575.25
117809,-231.75,19.5,-579.75
117844,-234,18.75,-576.75
117880,-235.5,24.75,-575.25
117915,-243,21.75,-578.25
117950,-235.5,18.75,-577.5
117985,-237,24,-577.5
118020,-240,21,-576.75
118055,-238.5,23.25,-576.75
118090,-231.75,21,-578.25
118125,-233.25,18.75,-579.75
118160,-235.5,17.25,-577.5
118195,-241.5,23.25,-577.5
118230,-237.75,18.75,-576.75
118265,-243,19.5,-574.5
118300,-234,18.75,-579
118335,-238.5,17.25,-582.75
118370,-238.5,21.75,-580.5
118405,-234.75,17.25,-576
118440,-234,21,-579.75
118475,-238.5,17.25,-579.75
118510,-243,22.5,-579
118545,-238.5,21,-579
118581,-240,22.5,-572.25
118616,-236.25,15,-572.25
118651,-237,18,-582.75
118686,-243.75,16.5,-579.75
118721,-242.25,16.5,-578.25
118756,-240.75,18,-577.5
118791,-237.75,19.5,-574.5
118826,-240,13.5,-585
118861,-237.75,21,-583.5
118896,-235.5,17.25,-579
118931,-240,15.75,-573.75
118966,-240,20.25,-574.5
119001,-236.25,18,-576.75
119036,-240,21,-573.75
119071,-236.25,22.5,-575.25
119106,-231,21,-579.75
119141,-229.5,21.75,-573
119176,-240,16.5,-579.75
119211,-239.25,19.5,-577.5
119246,-246.75,19.5,-577.5
119281,-237,20.25,-579
119317,-237.75,24.75,-577.5
119352,-246.75,15.75,-578.25
119387,-231.75,16.5,-569.25
119422,-240,21.75,-570
119457,-242.25,21,-576.75
119492,-245.25,12.75,-576
119527,-237,21,-574.5
119562,-237,17.25,-571.5
119597,-235.5,21.75,-577.5
119632,-236.25,16.5,-577.5
119667,-234.75,17.25,-572.25
119702,-239.25,22.5,-574.5
119737,-240.75,19.5,-580.5
119772,-241.5,18,-575.25
119807,-235.5,18,-572.25
119842,-237,18,-578.25
119877,-233.25,22.5,-581.25
119912,-237.75,21,-582
119947,-240,23.25,-577.5
119982,-239.25,18.75,-581.25
120018,-239.25,21,-579.75
120053,-231.75,15.75,-577.5
120088,-242.25,16.5,-585
120123,-237,14.25,-574.5
120158,-233.25,27,-573
120193,-238.5,15.75,-578.25
120228,-234,15.75,-573
120263,-239.25,23.25,-576
120298,-238.5,15.75,-573.75
120333,-241.5,22.5,-573
120368,-243,19.5,-575.25
120403,-231.75,17.25,-574.5
120438,-237.75,17.25,-574.5
120473,-232.5,17.25,-576.75
120508,-239.25,20.25,-576
120543,-239.25,19.5,-578.25
120578,-234.75,19.5,-576
120613,-232.5,21.75,-578.25
120648,-232.5,18,-576
120683,-239.25,15,-578.25
120719,-237,21,-576
120754,-236.25,19.5,-579
120789,-232.5,15,-571.5
120824,-235.5,20.25,-570
120859,-241.5,23.25,-576
120894,-236.25,20.25,-576
120929,-237.75,19.5,-581.25
120964,-240.75,21,-574.5
120999,-236.25,18,-572.25
121034,-240.75,20.25,-573.75
121069,-239.25,18,-577.5
121104,-243.75,17.25,-576
121139,-235.5,16.5,-576.75
121174,-234.75,11.25,-579
121209,-240.75,16.5,-574.5
121244,-231,14.25,-584.25
121279,-237.75,18,-578.25
121314,-238.5,18,-580.5
121349,-241.5,15,-579
121384,-239.25,18,-576.75
121420,-243,15,-582
121455,-236.25,18.75,-575.25
121490,-232.5,16.5,-573.75
121525,-239.25,16.5,-576.75
121560,-235.5,23.25,-576.75
121595,-240,21.75,-577.5
121630,-239.25,18.75,-575.25
121665,-242.25,16.5,-576
121700,-240,16.5,-582
121735,-234,19.5,-576.75
121770,-240.75,19.5,-576.75
121805,-233.25,21.75,-578.25
121840,-236.25,21.75,-573
121875,-233.25,20.25,-579.75
121910,-234.75,15.75,-579.75
121945,-237.75,18,-580.5
121980,-235.5,16.5,-576
122015,-237,16.5,-579
122050,-237.75,23.25,-579.75
122085,-236.25,18.75,-576
122121,-239.25,18,-578.25
122156,-237.75,18,-579.75
122191,-237,21,-574.5
122226,-234.75,21.75,-572.25
122261,-242.25,15.75,-573.75
122296,-234.75,23.25,-580.5
122331,-240.75,15,-579.75
122366,-234,17.25,-576.75
122401,-234.75,19.5,-571.5
122436,-240,17.25,-573.75
122471,-237.75,19.5,-580.5
122506,-241.5,17.25,-579.75
122541,-246,19.5,-567.75
122576,-240.75,20.25,-579
122611,-242.25,18,-579
122646,-239.25,18,-575.25
122681,-240,22.5,-576
122716,-234.75,24,-579
122751,-234,13.5,-575.25
122786,-231.75,22.5,-573.75
122821,-240,17.25,-573.75
122857,-237.75,18.75,-573.75
122892,-234.75,20.25,-575.25
122927,-237.75,22.5,-576.75
122962,-243.75,19.5,-576
122997,-244.5,15.75,-573.75
123032,-240,20.25,-583.5
123067,-237.75,16.5,-574.5
123102,-240,15,-579.75
123137,-235.5,17.25,-576
123172,-240,16.5,-573
123207,-237.75,22.5,-579.75
123242,-243,15.75,-578.25
123277,-237.75,19.5,-577.5
123312,-237,24.75,-578.25
123347,-239.25,21.75,-576
123382,-240.75,22.5,-577.5
123417,-237,16.5,-574.5
123452,-240,21.75,-578.25
123487,-239.25,14.25,-579.75
123522,-242.25,13.5,-582.75
123558,-237,17.25,-576
123593,-235.5,22.5,-579
123628,-236.25,18,-576.75
123663,-240.75,16.5,-579.75
123698,-237.75,19.5,-576.75
123733,-240,21.75,-574.5
123768,-238.5,19.5,-585.75
123803,-231.75,16.5,-576
123838,-236.25,22.5,-577.5
123873,-232.5,15.75,-578.25
123908,-231,15.75,-578.25
123943,-239.25,15.75,-576.75
123978,-237.75,17.25,-575.25
124013,-240,18.75,-575.25
124048,-237,21.75,-575.25
124083,-235.5,13.5,-581.25
124118,-235.5,19.5,-574.5
124153,-237,15.75,-584.25
124188,-234,23.25,-575.25
124223,-240.75,26.25,-583.5
124259,-233.25,18,-577.5
124294,-241.5,23.25,-577.5
124329,-241.5,20.25,-579
124364,-242.25,24.75,-573.75
124399,-243.75,17.25,-572.25
124434,-237.75,19.5,-576.75
124469,-240,20.25,-579
124504,-236.25,22.5,-574.5
124539,-240,21.75,-576.75
124574,-234,19.5,-579
124609,-234,23.25,-576.75
124644,-235.5,17.25,-579
124679,-244.5,18,-577.5
124714,-235.5,22.5,-579.75
124749,-239.25,24,-570
124784,-232.5,20.25,-576
124819,-241.5,12,-578.25
124854,-229.5,12.75,-573.75
124889,-238.5,21,-576.75
124924,-237.75,17.25,-573.75
124960,-240.75,21,-576
124995,-240.75,18.75,-576
125030,-236.25,18.75,-578.25
125065,-244.5,21,-574.5
125100,-237,18.75,-575.25
125135,-236.25,19.5,-577.5
125170,-236.25,18,-574.5
125205,-239.25,19.5,-578.25
125240,-237.75,23.25,-583.5
125275,-240.75,9,-576
125310,-238.5,16.5,-576
125345,-239.25,14.25,-577.5
125380,-240.75,15.75,-580.5
125415,-235.5,18.75,-573.75
125450,-240,21,-582
125485,-234.75,18.75,-576.75
125520,-234.75,21,-573
125555,-235.5,15,-578.25
125590,-236.25,13.5,-576.75
125625,-240,15.75,-578.25
125661,-243.75,26.25,-576.75
125696,-242.25,19.5,-576
125731,-237.75,15,-577.5
125766,-241.5,20.25,-576.75
125801,-240,18.75,-574.5
125836,-237,20.25,-582.75
125871,-240,14.25,-577.5
125906,-240.75,19.5,-576
125941,-237.75,21.75,-581.25
125976,-240,15,-579.75
126011,-237,21,-577.5
126046,-235.5,18.75,-570.75
126081,-238.5,15.75,-575.25
126116,-237,17.25,-577.5
126151,-233.25,18,-576.75
126186,-234.75,19.5,-579
126221,-235.5,19.5,-577.5
126256,-231,17.25,-573.75
126291,-237,18.75,-576
126326,-239.25,21.75,-577.5
126361,-241.5,16.5,-580.5
126397,-238.5,18.75,-573
126432,-238.5,15,-579.75
126467,-236.25,18,-580.5
126502,-240,16.5,-578.25
126537,-240,20.25,-576
126572,-239.25,12.75,-576.75
126607,-235.5,21,-580.5
126642,-237.75,18.75,-573.75
126677,-240,20.25,-579
126712,-237,15.75,-581.25
126747,-241.5,21.75,-587.25
126782,-239.25,18,-574.5
126817,-242.25,15,-578.25
126852,-238.5,21.75,-574.5
126887,-244.5,20.25,-575.25
126922,-231,17.25,-574.5
126957,-235.5,18.75,-576.75
126992,-238.5,15.75,-573.75
127027,-240,17.25,-579.75
127062,-238.5,19.5,-574.5
127098,-237.75,19.5,-576.75
127133,-238.5,21,-576
127168,-240.75,18,-575.25
127203,-237.75,15.75,-577.5
127238,-242.25,19.5,-577.5
127273,-236.25,18.75,-577.5
127308,-235.5,17.25,-573.75
127343,-237,23.25,-575.25
127378,-238.5,17.25,-573.75
127413,-246.75,19.5,-577.5
127448,-236.25,21.75,-580.5
127483,-237,21.75,-576
127518,-237,18,-576.75
127553,-237,23.25,-574.5
127588,-235.5,17.25,-576.75
127623,-237.75,18,-582.75
127658,-240.75,19.5,-577.5
127693,-238.5,18,-576.75
127728,-242.25,16.5,-576.75
127763,-240.75,21,-586.5
127799,-239.25,20.25,-577.5
127834,-240.75,19.5,-575.25
127869,-238.5,18.75,-579
127904,-234,18,-580.5
127939,-234.75,18,-571.5
127974,-234,19.5,-579
128009,-238.5,21,-578.25
128044,-238.5,22.5,-577.5
128079,-236.25,17.25,-576
128114,-233.25,22.5,-583.5
128149,-237,23.25,-584.25
128184,-243,19.5,-576.75
128219,-238.5,22.5,-574.5
128254,-237,19.5,-579.75
128289,-233.25,16.5,-581.25
128324,-238.5,20.25,-577.5
128359,-237.75,23.25,-580.5
128394,-235.5,15,-575.25
128429,-245.25,14.25,-575.25
128464,-236.25,16.5,-579.75
128500,-236.25,18,-577.5
128535,-234,24,-577.5
128570,-234,18.75,-581.25
128605,-237.75,21.75,-575.25
128640,-239.25,21,-577.5
128675,-236.25,16.5,-574.5
128710,-238.5,21.75,-574.5
128745,-240.75,20.25,-573.75
128780,-237,19.5,-576
128815,-239.25,23.25,-577.5
128850,-241.5,21.75,-574.5
128885,-235.5,16.5,-581.25
128920,-236.25,21.75,-581.25
128955,-237.75,18,-575.25
128990,-238.5,21,-576.75
129025,-243,21,-577.5
129060,-240,25.5,-574.5
129095,-234.75,22.5,-577.5
129130,-241.5,23.25,-583.5
129165,-240.75,22.5,-575.25
129201,-240,19.5,-578.25
129236,-240.75,23.25,-573.75
129271,-233.25,21,-576
129306,-241.5,22.5,-575.25
129341,-243,14.25,-580.5
129376,-243,18.75,-572.25
129411,-234.75,21,-579
129446,-243,22.5,-575.25
129481,-237,27,-575.25
129516,-237.75,16.5,-572.25
129551,-238.5,19.5,-582
129586,-237,20.25,-576.75
129621,-238.5,25.5,-573
129656,-238.5,16.5,-578.25
129691,-238.5,19.5,-576
129726,-243.75,22.5,-578.25
129761,-241.5,19.5,-573.75
129796,-241.5,27.75,-579
129831,-236.25,13.5,-576
129866,-236.25,25.5,-579.75
129902,-239.25,15,-577.5
129937,-234.75,12,-577.5
129972,-242.25,18,-582.75
130007,-237.75,20.25,-578.25
130042,-238.5,24.75,-580.5
130077,-240.75,20.25,-575.25
130112,-238.5,21.75,-576.75
130147,-235.5,27.75,-574.5
130182,-244.5,21.75,-574.5
130217,-235.5,18,-581.25
130252,-240,23.25,-576
130287,-243,21,-579.75
130322,-239.25,17.25,-572.25
130357,-234.75,17.25,-576.75
130392,-238.5,23.25,-579.75
130427,-242.25,21.75,-577.5
130462,-239.25,21.75,-573.75
130497,-240,24,-581.25
130532,-242.25,27,-578.25
130567,-239.25,24.75,-585
130603,-240,18.75,-581.25
130638,-245.25,19.5,-582
130673,-237.75,24,-573
130708,-235.5,24.75,-582
130743,-243.75,21,-582
130778,-239.25,27,-576
130813,-238.5,20.25,-579
130848,-237,21,-580.5
130883,-238.5,25.5,-579.75
130918,-237,22.5,-575.25
130953,-238.5,20.25,-582.75
130988,-238.5,16.5,-579.75
131023,-238.5,19.5,-579
131058,-242.25,23.25,-578.25
131093,-243,20.25,-576
131128,-246,15.75,-580.5
131163,-240.75,24,-579
131198,-240.75,19.5,-579.75
131233,-243.75,20.25,-579.75
131268,-239.25,24,-580.5
131304,-237.75,19.5,-581.25
131339,-238.5,18.75,-576
131374,-237,23.25,-576
131409,-235.5,25.5,-583.5
131444,-244.5,21,-582.75
131479,-240,23.25,-573.75
131514,-239.25,21,-582
131549,-242.25,22.5,-573
131584,-233.25,17.25,-574.5
131619,-243.75,20.25,-582
131654,-234,21,-572.25
131689,-238.5,18,-579
131724,-240.75,24.75,-578.25
131759,-236.25,25.5,-582.75
131794,-233.25,19.5,-576
131829,-236.25,17.25,-576.75
131864,-238.5,23.25,-579.75
131899,-234.75,18,-579.75
131934,-240.75,18.75,-582.75
131969,-239.25,18.75,-580.5
132004,-240,24.75,-580.5
132040,-239.25,21.75,-577.5
132075,-240.75,22.5,-573.75
132110,-240.75,19.5,-576
132145,-243.75,23.25,-576
132180,-241.5,23.25,-579.75
132215,-240.75,26.25,-577.5
132250,-237,21.75,-581.25
132285,-236.25,29.25,-575.25
132320,-243,21,-576.75
132355,-237,16.5,-576
132390,-240,20.25,-576.75
132425,-246,20.25,-577.5
132460,-234.75,21.75,-579
132495,-234.75,23.25,-579.75
132530,-237.75,21,-579
132565,-237,24,-578.25
132600,-243,21.75,-580.5
132635,-237,16.5,-576.75
132670,-232.5,19.5,-577.5
132705,-243,25.5,-579.75
132741,-241.5,25.5,-576.75
132776,-240,20.25,-581.25
132811,-237.75,21.75,-573.75
132846,-240,23.25,-577.5
132881,-239.25,22.5,-579
132916,-234,21,-578.25
132951,-237.75,23.25,-579
132986,-234.75,13.5,-576
133021,-240.75,16.5,-576
133056,-238.5,16.5,-578.25
133091,-237.75,21,-581.25
133126,-240,17.25,-584.25
133161,-243,18,-577.5
133196,-243,26.25,-573.75
133231,-234.75,18,-578.25
133266,-234.75,24,-582
133301,-235.5,25.5,-580.5
133336,-241.5,21.75,-574.5
133371,-240.75,17.25,-579
133406,-237,16.5,-584.25
133441,-236.25,23.25,-578.25
133477,-240.75,22.5,-579.75
133512,-240.75,21,-582
133547,-234,15,-576
133582,-240,18.75,-576
133617,-237,22.5,-575.25
133652,-234,20.25,-576
133687,-237.75,24,-570.75
133722,-237.75,20.25,-585.75
133757,-240.75,17.25,-577.5
133792,-237,24.75,-576.75
133827,-241.5,18,-579
133862,-240,15.75,-579
133897,-234.75,18.75,-579
133932,-234.75,21,-580.5
133967,-240.75,15,-573
134002,-237,18.75,-574.5
134037,-240,19.5,-573.75
134072,-241.5,16.5,-577.5
134107,-241.5,20.25,-576.75
134142,-239.25,23.25,-574.5
134178,-237,24,-575.25
134213,-237.75,15.75,-580.5
134248,-237,12,-576
134283,-240,17.25,-577.5
134318,-237,15.75,-578.25
134353,-243.75,19.5,-576.75
134388,-235.5,20.25,-574.5
134423,-242.25,22.5,-581.25
134458,-243.75,16.5,-574.5
134493,-241.5,19.5,-579.75
134528,-242.25,24.75,-579
134563,-240,21,-574.5
134598,-243.75,19.5,-576.75
134633,-240.75,22.5,-573.75
134668,-233.25,20.25,-581.25
134703,-236.25,13.5,-573
134738,-239.25,21,-576
134773,-241.5,17.25,-582
134808,-241.5,19.5,-575.25
134843,-238.5,21,-573
134879,-236.25,21,-576
134914,-243.75,12.75,-580.5
134949,-236.25,18.75,-579
134984,-240.75,21.75,-583.5
135019,-232.5,18.75,-578.25
135054,-239.25,23.25,-579
135089,-238.5,22.5,-579.75
135124,-235.5,15,-580.5
135159,-237.75,19.5,-577.5
135194,-240,19.5,-574.5
135229,-240.75,21,-580.5
135264,-238.5,24,-577.5
135299,-241.5,19.5,-582.75
135334,-235.5,17.25,-571.5
135369,-233.25,18,-573.75
135404,-237,15,-578.25
135439,-234.75,17.25,-576
135474,-238.5,18.75,-584.25
135509,-241.5,21,-576.75
135544,-237,16.5,-576
135579,-241.5,18,-576
135615,-235.5,20.25,-573.75
135650,-243.75,18,-578.25
135685,-240,15.75,-574.5
135720,-245.25,14.25,-572.25
135755,-235.5,24,-578.25
135790,-239.25,19.5,-576.75
135825,-244.5,17.25,-578.25
135860,-236.25,18.75,-579.75
135895,-240.75,17.25,-582.75
135930,-238.5,18.75,-576
135965,-240,17.25,-572.25
136000,-236.25,18,-577.5
136035,-238.5,21,-575.25
136070,-239.25,20.25,-576
136105,-240.75,21,-577.5
136140,-240.75,22.5,-579.75
136175,-234,21,-575.25
136210,-232.5,21,-574.5
136245,-240.75,19.5,-576.75
136281,-242.25,16.5,-574.5
136316,-226.5,20.25,-579
136351,-236.25,19.5,-576
136386,-232.5,18,-579
136421,-237.75,20.25,-580.5
136456,-239.25,19.5,-574.5
136491,-236.25,18,-577.5
136526,-237,11.25,-573
136561,-237.75,15.75,-576.75
136596,-240.75,23.25,-575.25
136631,-236.25,13.5,-578.25
136666,-233.25,15,-574.5
136701,-238.5,21.75,-578.25
136736,-231.75,24,-579.75
136771,-240.75,21.75,-581.25
136806,-243,11.25,-579
136841,-242.25,22.5,-581.25
136876,-237.75,19.5,-579
136911,-238.5,18,-578.25
136946,-244.5,17.25,-576.75
136982,-236.25,21.75,-578.25
137017,-238.5,26.25,-584.25
137052,-231.75,20.25,-567
137087,-234,17.25,-576.75
137122,-237,16.5,-571.5
137157,-239.25,18.75,-573
137192,-237.75,21,-571.5
137227,-238.5,20.25,-577.5
137262,-241.5,21,-575.25
137297,-236.25,18.75,-573.75
137332,-237.75,24,-579
137367,-240.75,19.5,-574.5
137402,-236.25,21,-582.75
137437,-238.5,27,-577.5
137472,-239.25,25.5,-575.25
137507,-238.5,15.75,-576
137542,-240,17.25,-578.25
137577,-237,17.25,-573
137612,-234,20.25,-576.75
137647,-236.25,15,-579.75
137682,-237,14.25,-581.25
137718,-234.75,17.25,-577.5
137753,-236.25,16.5,-582
137788,-238.5,19.5,-574.5
137823,-235.5,20.25,-574.5
137858,-237,23.25,-579.75
137893,-243,26.25,-578.25
137928,-236.25,21,-579.75
137963,-234,21,-577.5
137998,-236.25,20.25,-575.25
138033,-240,21.75,-579.75
138068,-240,15.75,-579.75
138103,-237.75,16.5,-577.5
138138,-237,17.25,-576.75
138173,-234,22.5,-575.25
138208,-239.25,19.5,-573
138243,-240.75,20.25,-582.75
138278,-241.5,20.25,-579
138313,-238.5,21.75,-570.75
138348,-231,19.5,-577.5
138383,-233.25,17.25,-579.75
138419,-239.25,21.75,-573.75
138454,-234.75,17.25,-581.25
138489,-238.5,16.5,-577.5
138524,-237,17.25,-585.75
138559,-236.25,22.5,-576.75
138594,-237,21.75,-580.5
138629,-244.5,21.75,-573.75
138664,-240,20.25,-579.75
138699,-234,22.5,-576.75
138734,-233.25,20.25,-576.75
138769,-233.25,20.25,-576.75
138804,-237.75,17.25,-576.75
138839,-236.25,20.25,-580.5
138874,-238.5,25.5,-582
138909,-240.75,22.5,-580.5
138944,-238.5,21,-576.75
138979,-242.25,20.25,-579.75
139014,-237.75,23.25,-579.75
139049,-237.75,21.75,-575.25
139085,-241.5,17.25,-570
139120,-240.75,21.75,-574.5
139155,-243,13.5,-575.25
139190,-236.25,16.5,-579
139225,-241.5,21,-576
139260,-236.25,19.5,-577.5
139295,-233.25,16.5,-576
139330,-238.5,20.25,-575.25
139365,-236.25,15,-570
139400,-238.5,24,-575.25
139435,-237.75,17.25,-574.5
139470,-231.75,17.25,-575.25
139505,-238.5,22.5,-576.75
139540,-238.5,21,-577.5
139575,-238.5,12.75,-575.25
139610,-243,21,-579.75
139645,-239.25,15.75,-577.5
139680,-236.25,19.5,-576.75
139715,-236.25,18,-576
139750,-241.5,19.5,-577.5
139786,-240.75,19.5,-574.5
139821,-239.25,18,-577.5
139856,-233.25,18.75,-572.25
139891,-234.75,18.75,-577.5
139926,-240,19.5,-580.5
139961,-237.75,21,-576.75
139996,-234,22.5,-579
140031,-237,21,-580.5
140066,-240.75,19.5,-578.25
140101,-236.25,17.25,-573.75
140136,-236.25,21,-576
140171,-239.25,20.25,-577.5
140206,-240.75,16.5,-579
140241,-240,20.25,-574.5
140276,-236.25,20.25,-580.5
140311,-235.5,27,-572.25
140346,-234.75,21,-578.25
140381,-239.25,11.25,-577.5
140416,-236.25,15,-575.25
140451,-233.25,16.5,-576.75
140487,-231.75,16.5,-576
140522,-236.25,20.25,-581.25
140557,-233.25,21.75,-576
140592,-234,18.75,-576.75
140627,-231,22.5,-575.25
140662,-235.5,21,-577.5
140697,-238.5,16.5,-574.5
140732,-240.75,22.5,-580.5
140767,-231.75,21,-578.25
140802,-237.75,17.25,-574.5
140837,-241.5,19.5,-574.5
140872,-236.25,13.5,-573
140907,-234.75,18.75,-577.5
140942,-231.75,14.25,-575.25
140977,-242.25,22.5,-579
141012,-232.5,24.75,-577.5
141047,-234.75,15.75,-573.75
141082,-237.75,24,-571.5
141117,-230.25,16.5,-578.25
141152,-231.75,19.5,-578.25
141188,-240.75,19.5,-576.75
141223,-237,24,-577.5
141258,-238.5,18.75,-575.25
141293,-240.75,15.75,-579.75
141328,-234.75,19.5,-578.25
141363,-229.5,18.75,-576.75
141398,-235.5,17.25,-573
141433,-235.5,17.25,-577.5
141468,-237,24,-576.75
141503,-237.75,17.25,-578.25
141538,-239.25,21,-576.75
141573,-239.25,19.5,-577.5
141608,-238.5,16.5,-579.75
141643,-241.5,23.25,-576.75
141678,-237,23.25,-579
141713,-236.25,24.75,-577.5
141748,-239.25,18,-571.5
141783,-243,16.5,-572.25
141818,-234.75,18.75,-577.5
141853,-235.5,18.75,-574.5
141889,-234,15.75,-576
141924,-236.25,18,-578.25
141959,-238.5,21.75,-579
141994,-233.25,18.75,-577.5
142029,-235.5,22.5,-583.5
142064,-234.75,18,-572.25
142099,-233.25,15,-570
142134,-241.5,15.75,-576
142169,-232.5,15.75,-575.25
142204,-238.5,21.75,-577.5
142239,-234.75,17.25,-576.75
142274,-235.5,18.75,-579
142309,-237.75,20.25,-578.25
142344,-240.75,16.5,-576.75
142379,-241.5,13.5,-576
142414,-239.25,23.25,-573
142449,-235.5,18.75,-573.75
142484,-237,21,-573.75
142519,-237.75,24,-576
142554,-234,18,-573
142590,-237,26.25,-573.75
142625,-239.25,9,-579
142660,-242.25,24,-574.5
142695,-238.5,19.5,-573.75
142730,-237,17.25,-573
142765,-234.75,19.5,-575.25
142800,-242.25,12,-579.75
142835,-243.75,19.5,-577.5
142870,-235.5,17.25,-578.25
142905,-237.75,20.25,-581.25
142940,-240.75,15,-576.75
142975,-234,16.5,-576.75
143010,-237,21.75,-576
143045,-240,19.5,-579.75
143080,-236.25,14.25,-571.5
143115,-240.75,15,-579.75
143150,-239.25,18.75,-574.5
143185,-238.5,21,-580.5
143220,-236.25,15,-578.25
143255,-231.75,17.25,-573.75
143291,-239.25,15.75,-576
143326,-241.5,18,-577.5
143361,-235.5,18.75,-581.25
143396,-232.5,21,-576
143431,-234,14.25,-575.25
143466,-234,15.75,-577.5
143501,-239.25,16.5,-578.25
143536,-233.25,22.5,-576
143571,-237,21,-577.5
143606,-235.5,18.75,-577.5
143641,-243.75,20.25,-576.75
143676,-233.25,21,-579
143711,-240.75,16.5,-578.25
143746,-237.75,18.75,-579
143781,-232.5,18.75,-575.25
143816,-231,17.25,-579.75
143851,-233.25,24,-579.75
143886,-235.5,20.25,-575.25
143921,-243,18,-578.25
143956,-237,18,-573.75
143992,-240.75,20.25,-576
144027,-230.25,20.25,-580.5
144062,-237,17.25,-579
144097,-238.5,19.5,-579.75
144132,-236.25,15.75,-579.75
144167,-237,12.75,-582.75
144202,-241.5,24,-573
144237,-234,21.75,-577.5
144272,-237,18.75,-576
144307,-237.75,13.5,-579.75
144342,-234.75,15,-580.5
144377,-235.5,19.5,-579
144412,-231.75,19.5,-581.25
144447,-235.5,20.25,-579.75
144482,-232.5,24,-576.75
144517,-232.5,20.25,-569.25
144552,-240.75,21,-582.75
144587,-238.5,25.5,-576.75
144622,-243,16.5,-578.25
144657,-238.5,21.75,-577.5
144692,-240,24.75,-576
144728,-240.75,20.25,-577.5
144763,-243,21.75,-575.25
144798,-239.25,23.25,-576
144833,-237,16.5,-578.25
144868,-229.5,20.25,-582
144903,-232.5,19.5,-576
144938,-243,18,-570.75
144973,-236.25,21.75,-573.75
145008,-234.75,23.25,-581.25
145043,-239.25,21.75,-577.5
145078,-238.5,19.5,-571.5
145113,-240.75,20.25,-570
145148,-235.5,15,-574.5
145183,-240,20.25,-585.75
145218,-240,22.5,-573.75
145253,-240.75,19.5,-576
145288,-238.5,17.25,-575.25
145323,-239.25,15.75,-576.75
145358,-234,17.25,-576
145393,-234,17.25,-581.25
145429,-237.75,20.25,-582
145464,-234,24,-574.5
145499,-239.25,19.5,-581.25
145534,-234,15,-576
145569,-234,17.25,-576
145604,-239.25,18.75,-576.75
145639,-235.5,18,-573
145674,-238.5,16.5,-575.25
145709,-240,22.5,-576.75
145744,-240,21.75,-576.75
145779,-233.25,20.25,-577.5
145814,-234.75,12,-573.75
145849,-234.75,19.5,-576.75
145884,-236.25,21,-574.5
145919,-238.5,14.25,-575.25
145954,-239.25,21.75,-580.5
145989,-238.5,13.5,-574.5
146024,-240,17.25,-572.25
146059,-233.25,16.5,-574.5
146094,-240,18.75,-573
146130,-241.5,19.5,-585.75
146165,-236.25,17.25,-575.25
146200,-237.75,17.25,-575.25
146235,-234,19.5,-579
146270,-237,15.75,-573.75
146305,-241.5,18.75,-579.75
146340,-231.75,15,-573
146375,-240.75,18,-577.5
146410,-237.75,15,-572.25
146445,-234.75,15.75,-577.5
146480,-242.25,20.25,-573.75
146515,-240,15.75,-578.25
146550,-234.75,15.75,-584.25
146585,-232.5,16.5,-581.25
146620,-233.25,16.5,-577.5
146655,-242.25,12,-582
146690,-237,15,-581.25
146725,-239.25,18.75,-576.75
146760,-236.25,16.5,-579
146795,-237.75,18,-573.75
146831,-243.75,18,-577.5
146866,-240.75,20.25,-576.75
146901,-231,20.25,-573
146936,-233.25,15.75,-574.5
146971,-236.25,17.25,-580.5
147006,-242.25,13.5,-577.5
147041,-241.5,17.25,-579
147076,-238.5,22.5,-576
147111,-238.5,20.25,-573
147146,-231.75,22.5,-578.25
147181,-237,16.5,-572.25
147216,-233.25,18.75,-580.5
147251,-232.5,19.5,-572.25
147286,-234.75,18.75,-579
147321,-237.75,18,-573.75
147356,-239.25,18,-579
147391,-242.25,16.5,-573
147426,-237.75,21.75,-579.75
147461,-239.25,14.25,-573
147496,-231.75,15.75,-576.75
147532,-236.25,15,-575.25
147567,-238.5,15.75,-573
147602,-234.75,10.5,-569.25
147637,-239.25,15.75,-577.5
147672,-237,20.25,-576.75
147707,-235.5,21,-588
147742,-236.25,19.5,-579
147777,-231.75,19.5,-577.5
147812,-236.25,21,-577.5
147847,-231.75,18,-576
147882,-239.25,22.5,-576
147917,-234.75,16.5,-578.25
147952,-235.5,13.5,-576.75
147987,-237,16.5,-578.25
148022,-241.5,18.75,-573.75
148057,-235.5,18,-579.75
148092,-239.25,16.5,-579
148127,-238.5,12.75,-574.5
148162,-237,18,-573
148197,-237.75,18,-575.25
148232,-238.5,15.75,-576
148268,-237,18,-577.5
148303,-240.75,16.5,-580.5
148338,-241.5,22.5,-576.75
148373,-240,21,-573.75
148408,-239.25,11.25,-575.25
148443,-239.25,16.5,-581.25
148478,-235.5,14.25,-579.75
148513,-239.25,20.25,-578.25
148548,-234.75,18,-579.75
148583,-239.25,19.5,-575.25
148618,-235.5,17.25,-576.75
148653,-240.75,23.25,-579.75
148688,-236.25,24,-576
148723,-237,22.5,-578.25
148758,-236.25,16.5,-579
148793,-244.5,16.5,-577.5
148828,-240.75,16.5,-574.5
148863,-237,12,-586.5
148898,-237.75,24,-572.25
148933,-238.5,18,-576.75
148969,-233.25,17.25,-571.5
149004,-235.5,12.75,-580.5
149039,-236.25,15,-574.5
149074,-239.25,21,-574.5
149109,-238.5,12,-578.25
149144,-240,19.5,-580.5
149179,-245.25,19.5,-570
149214,-237,21.75,-570.75
149249,-234.75,22.5,-579
149284,-237.75,16.5,-573
149319,-237.75,21,-575.25
149354,-242.25,27.75,-579
149389,-234.75,19.5,-576
149424,-239.25,19.5,-578.25
149459,-235.5,21,-577.5
149494,-236.25,18,-574.5
149529,-231.75,19.5,-579
149564,-238.5,11.25,-576.75
149599,-238.5,15,-575.25
149634,-237.75,20.25,-577.5
149670,-242.25,17.25,-579
149705,-237.75,18.75,-578.25
149740,-234.75,18,-579
149775,-231,20.25,-574.5
149810,-236.25,21,-576
149845,-241.5,18,-581.25
149880,-234.75,20.25,-574.5
149915,-235.5,20.25,-580.5
149950,-241.5,21.75,-579.75
149985,-237,21,-576.75
150020,-237.75,19.5,-578.25
150055,-240,18,-576.75
150090,-238.5,21.75,-577.5
150125,-235.5,18,-573.75
150160,-237.75,16.5,-579
150195,-235.5,14.25,-579.75
150230,-237.75,16.5,-571.5
150265,-231,24.75,-576
150300,-231,15,-578.25
150335,-235.5,17.25,-582
150371,-236.25,19.5,-574.5
150406,-237.75,19.5,-576
150441,-238.5,24,-576
150476,-230.25,16.5,-576.75
150511,-238.5,19.5,-572.25
150546,-233.25,15,-576.75
150581,-240.75,12.75,-576.75
150616,-231.75,12,-577.5
150651,-239.25,18,-583.5
150686,-236.25,22.5,-575.25
150721,-240,24,-574.5
150756,-241.5,18.75,-572.25
150791,-237.75,21,-578.25
150826,-240.75,24.75,-578.25
150861,-236.25,19.5,-576
150896,-236.25,18.75,-578.25
150931,-237.75,13.5,-576.75
150966,-243,13.5,-577.5
151001,-235.5,21,-576
151036,-232.5,21.75,-576.75
151071,-235.5,18,-570.75
151107,-234.75,13.5,-580.5
151142,-235.5,21,-578.25
151177,-234,14.25,-569.25
151212,-239.25,18,-577.5
151247,-238.5,15,-576
151282,-243,16.5,-576.75
151317,-237.75,18.75,-574.5
151352,-235.5,18,-577.5
151387,-244.5,18.75,-572.25
151422,-237.75,24.75,-578.25
151457,-239.25,23.25,-577.5
151492,-237.75,19.5,-578.25
151527,-227.25,23.25,-579
151562,-237,20.25,-571.5
151597,-237.75,20.25,-579.75
151632,-232.5,18.75,-575.25
151667,-237.75,17.25,-582.75
151702,-237,18,-570.75
151737,-243.75,21,-574.5
151772,-233.25,21.75,-579
151808,-234.75,17.25,-580.5
151843,-231.75,20.25,-576.75
151878,-240,16.5,-575.25
151913,-237.75,20.25,-573.75
151948,-238.5,18,-581.25
151983,-239.25,18.75,-579
152018,-239.25,18.75,-577.5
152053,-234.75,17.25,-580.5
152088,-235.5,15.75,-579.75
152123,-234.75,23.25,-579
152158,-235.5,21,-574.5
152193,-246,16.5,-581.25
152228,-231.75,15.75,-574.5
152263,-234.75,21,-572.25
152298,-240,20.25,-579.75
152333,-238.5,20.25,-575.25
152368,-237.75,20.25,-576
152403,-240.75,20.25,-576.75
152438,-237,14.25,-576.75
152474,-240.75,16.5,-578.25
152509,-240,24.75,-586.5
152544,-244.5,12,-573.75
152579,-232.5,21,-575.25
152614,-237.75,17.25,-573.75
152649,-239.25,23.25,-574.5
152684,-239.25,15.75,-576
152719,-239.25,16.5,-571.5
152754,-241.5,21,-577.5
152789,-236.25,21.75,-576.75
152824,-237.75,11.25,-574.5
152859,-241.5,16.5,-577.5
152894,-237,18,-570.75
152929,-237,21,-575.25
152964,-237.75,15.75,-582.75
152999,-245.25,21,-576.75
153034,-236.25,18,-574.5
153069,-237.75,15.75,-576.75
153104,-240,18.75,-573.75
153139,-240,18,-576
153175,-235.5,21,-577.5
153210,-234.75,17.25,-575.25
153245,-240.75,20.25,-575.25
153280,-231,14.25,-576
153315,-236.25,15.75,-576
153350,-237,22.5,-579.75
153385,-239.25,22.5,-579
153420,-234,19.5,-576
153455,-239.25,15.75,-572.25
153490,-243,18,-577.5
153525,-239.25,20.25,-574.5
153560,-231.75,18.75,-579
153595,-237,14.25,-579.75
153630,-242.25,15.75,-579
153665,-234,18.75,-580.5
153700,-239.25,18,-581.25
153735,-233.25,21.75,-575.25
153770,-239.25,14.25,-579
153805,-239.25,24,-575.25
153840,-237.75,18,-587.25
153875,-234.75,17.25,-576.75
153911,-234,19.5,-579
153946,-234.75,22.5,-582.75
153981,-237.75,22.5,-583.5
154016,-238.5,16.5,-576.75
154051,-234.75,25.5,-582
154086,-237.75,18,-579.75
154121,-235.5,18,-579
154156,-235.5,15.75,-574.5
154191,-238.5,18.75,-582.75
154226,-237,19.5,-578.25
154261,-239.25,19.5,-574.5
154296,-238.5,20.25,-580.5
154331,-232.5,15.75,-581.25
154366,-240.75,20.25,-581.25
154401,-238.5,21.75,-579.75
154436,-235.5,15.75,-576
154471,-238.5,13.5,-576.75
154506,-243,23.25,-583.5
154541,-236.25,18,-570.75
154576,-238.5,24.75,-579.75
154612,-241.5,18.75,-576.75
154647,-230.25,16.5,-579.75
154682,-234,16.5,-581.25
154717,-235.5,18.75,-576.75
154752,-234.75,12.75,-579.75
154787,-238.5,19.5,-579
154822,-240,18,-582
154857,-236.25,19.5,-576
154892,-231.75,15.75,-577.5
154927,-236.25,21.75,-576
154962,-242.25,18,-577.5
154997,-236.25,21,-574.5
155032,-233.25,15.75,-577.5
155067,-235.5,23.25,-578.25
155102,-237,16.5,-576.75
155137,-239.25,12.75,-575.25
155172,-237,18.75,-582
155207,-238.5,21,-576.75
155242,-233.25,18,-580.5
155277,-237.75,23.25,-581.25
155313,-238.5,15.75,-576
155348,-235.5,20.25,-579
155383,-240,18,-571.5
155418,-240,19.5,-578.25
155453,-243,24.75,-576.75
155488,-237.75,16.5,-580.5
155523,-242.25,17.25,-577.5
155558,-237,17.25,-576.75
155593,-234.75,16.5,-579
155628,-232.5,22.5,-570
155663,-240.75,18,-579.75
155698,-240,21,-576
155733,-237,16.5,-576.75
155768,-231,17.25,-582
155803,-240,21,-574.5
155838,-237.75,20.25,-578.25
155873,-244.5,20.25,-576
155908,-240,19.5,-578.25
155943,-240.75,18,-573.75
155978,-237,18.75,-574.5
156014,-240.75,15.75,-573.75
156049,-239.25,17.25,-576.75
156084,-237.75,18,-573.75
156119,-243,18.75,-576
156154,-234.75,19.5,-578.25
156189,-236.25,26.25,-576
156224,-233.25,18.75,-572.25
156259,-235.5,21.75,-572.25
156294,-234,13.5,-576
156329,-236.25,15.75,-576
156364,-232.5,12.75,-580.5
156399,-240,18,-582
156434,-239.25,15.75,-577.5
156469,-241.5,20.25,-577.5
156504,-238.5,19.5,-570.75
156539,-237,17.25,-577.5
156574,-234.75,24,-574.5
156609,-233.25,14.25,-575.25
156644,-235.5,14.25,-576
156679,-239.25,15,-575.25
156715,-237,15.75,-577.5
156750,-236.25,16.5,-573.75
156785,-240,19.5,-573
156820,-231,15,-571.5
156855,-238.5,18,-578.25
156890,-242.25,18.75,-578.25
156925,-236.25,19.5,-579.75
156960,-239.25,19.5,-582
156995,-228,19.5,-581.25
157030,-236.25,20.25,-579
157065,-237.75,21,-578.25
157100,-237.75,16.5,-578.25
157135,-238.5,23.25,-576.75
157170,-242.25,18,-579.75
157205,-237,18.75,-582.75
157240,-246.75,20.25,-573.75
157275,-233.25,19.5,-577.5
157310,-239.25,21,-578.25
157345,-233.25,16.5,-581.25
157380,-237.75,16.5,-580.5
157416,-234,20.25,-576
157451,-243.75,22.5,-577.5
157486,-239.25,16.5,-576.75
157521,-240.75,14.25,-575.25
157556,-235.5,21.75,-577.5
157591,-231.75,24,-577.5
157626,-230.25,17.25,-572.25
157661,-239.25,21,-580.5
157696,-236.25,16.5,-577.5
157731,-240.75,21.75,-577.5
157766,-238.5,18.75,-582
157801,-243,21,-573
157836,-241.5,21.75,-579.75
157871,-240,20.25,-573
157906,-236.25,19.5,-578.25
157941,-234.75,15,-576.75
157976,-235.5,22.5,-579.75
158011,-236.25,17.25,-581.25
158046,-241.5,21.75,-582.75
158081,-232.5,20.25,-580.5
158117,-240,20.25,-577.5
158152,-233.25,14.25,-579
158187,-246,13.5,-575.25
158222,-237.75,11.25,-576.75
158257,-236.25,18,-576.75
158292,-228.75,21.75,-576.75
158327,-241.5,15.75,-575.25
158362,-237.75,15.75,-576.75
158397,-235.5,13.5,-570
158432,-240.75,21,-574.5
158467,-240,21,-573.75
158502,-236.25,19.5,-573.75
158537,-242.25,18.75,-580.5
158572,-234,18,-577.5
158607,-237.75,17.25,-574.5
158642,-237.75,11.25,-579.75
158677,-233.25,20.25,-582.75
158712,-234.75,21.75,-581.25
158747,-237,19.5,-574.5
158782,-238.5,18,-577.5
158818,-234.75,21,-576.75
158853,-240,22.5,-574.5
158888,-238.5,21,-577.5
158923,-236.25,18.75,-574.5
158958,-229.5,20.25,-576
158993,-237.75,12.75,-576.75
159028,-232.5,13.5,-576
159063,-234.75,17.25,-579
159098,-239.25,12.75,-579.75
159133,-240,20.25,-578.25
159168,-237,24,-573
159203,-240.75,18.75,-578.25
159238,-232.5,25.5,-579
159273,-238.5,18,-577.5
159308,-238.5,21.75,-577.5
159343,-235.5,21.75,-578.25
159378,-241.5,15,-575.25
159413,-234,24,-574.5
159448,-236.25,19.5,-576.75
159483,-238.5,17.25,-573.75
159518,-231.75,17.25,-576
159554,-237,23.25,-573.75
159589,-240.75,18,-579.75
159624,-239.25,15.75,-578.25
159659,-239.25,19.5,-579
159694,-233.25,20.25,-578.25
159729,-237,15,-574.5
159764,-241.5,16.5,-579.75
159799,-241.5,16.5,-573.75
159834,-236.25,17.25,-573
159869,-234,20.25,-575.25
159904,-244.5,15,-578.25
159939,-240,29.25,-575.25
159974,-234,23.25,-572.25
160009,-234,20.25,-579
160044,-235.5,18.75,-576
160079,-237,15,-578.25
160114,-234.75,18,-570.75
160149,-236.25,13.5,-575.25
160184,-238.5,21.75,-574.5
160219,-234,21,-573
160255,-241.5,22.5,-575.25
160290,-234.75,12.75,-580.5
160325,-236.25,17.25,-582.75
160360,-235.5,17.25,-579
160395,-236.25,15,-580.5
160430,-240,24,-577.5
160465,-237,12.75,-576
160500,-238.5,20.25,-575.25
160535,-240.75,14.25,-574.5
160570,-234.75,20.25,-575.25
160605,-235.5,16.5,-573.75
160640,-230.25,21,-572.25
160675,-236.25,22.5,-579.75
160710,-235.5,21.75,-579
160745,-233.25,15.75,-576.75
160780,-235.5,23.25,-567
160815,-237,19.5,-580.5
160850,-236.25,20.25,-574.5
160885,-242.25,20.25,-579.75
160920,-233.25,20.25,-575.25
160956,-239.25,22.5,-577.5
160991,-237,19.5,-577.5
161026,-239.25,21.75,-579.75
161061,-238.5,18.75,-573
161096,-238.5,20.25,-582.75
161131,-234,21,-576
161166,-237,20.25,-573.75
161201,-240.75,18.75,-573.75
161236,-240.75,21,-576.75
161271,-233.25,18,-574.5
161306,-231.75,20.25,-573.75
161341,-236.25,17.25,-576.75
161376,-237,19.5,-582
161411,-241.5,16.5,-578.25
161446,-235.5,17.25,-576
161481,-232.5,18,-576
161516,-234.75,18.75,-577.5
161551,-237,13.5,-573.75
161586,-238.5,18,-579
161621,-237,24,-582
161657,-234,16.5,-577.5
161692,-236.25,21,-579
161727,-237,21,-576.75
161762,-237.75,21,-582
161797,-233.25,18,-574.5
161832,-237.75,24,-579
161867,-238.5,23.25,-578.25
161902,-240.75,23.25,-575.25
161937,-239.25,16.5,-582
161972,-238.5,18,-576.75
162007,-234.75,20.25,-576.75
162042,-238.5,18,-576.75
162077,-240,22.5,-578.25
162112,-238.5,16.5,-573
162147,-238.5,12,-579
162182,-237.75,23.25,-579.75
162217,-237,16.5,-579.75
162252,-237,18.75,-573
162287,-240,21.75,-577.5
162322,-240,19.5,-573.75
162358,-234,19.5,-571.5
162393,-235.5,16.5,-574.5
162428,-236.25,15,-573.75
162463,-234.75,16.5,-573.75
162498,-229.5,18.75,-573.75
162533,-232.5,21.75,-576
162568,-234,19.5,-573.75
162603,-237.75,22.5,-573.75
162638,-241.5,21,-579.75
162673,-239.25,17.25,-573.75
162708,-234,17.25,-582.75
162743,-234.75,15,-570
162778,-236.25,15,-576
162813,-241.5,22.5,-579
162848,-234.75,17.25,-573.75
162883,-237,16.5,-579
162918,-237,18.75,-580.5
162953,-240,16.5,-575.25
162988,-234,22.5,-576
163023,-238.5,14.25,-579.75
163058,-237,21,-584.25
163094,-237,18,-576
163129,-234,15.75,-577.5
163164,-231.75,16.5,-583.5
163199,-233.25,17.25,-575.25
163234,-237,18,-581.25
163269,-239.25,17.25,-572.25
163304,-236.25,20.25,-579.75
163339,-238.5,17.25,-579.75
163374,-232.5,17.25,-578.25
163409,-237,14.25,-575.25
163444,-231,20.25,-576
163479,-239.25,18.75,-574.5
163514,-237,19.5,-578.25
163549,-236.25,15.75,-575.25
163584,-240,15,-576.75
163619,-235.5,22.5,-582
163654,-234,27.75,-576
163689,-235.5,21,-569.25
163724,-234.75,21,-576
163759,-235.5,23.25,-576.75
163795,-238.5,18,-575.25
163830,-235.5,14.25,-573
163865,-240.75,12.75,-580.5
163900,-239.25,15.75,-576
163935,-237,21,-574.5
163970,-236.25,22.5,-573.75
164005,-236.25,16.5,-576.75
164040,-235.5,21.75,-576
164075,-235.5,15,-574.5
164110,-239.25,16.5,-579.75
164145,-239.25,18,-576
164180,-234,15.75,-570.75
164215,-237.75,24,-574.5
164250,-231.75,16.5,-574.5
164285,-240.75,14.25,-579.75
164320,-237.75,13.5,-576
164355,-236.25,19.5,-576.75
164390,-240.75,15.75,-583.5
164425,-234,16.5,-579.75
164460,-233.25,17.25,-579
164496,-241.5,16.5,-574.5
164531,-235.5,16.5,-575.25
164566,-232.5,22.5,-579
164601,-237,20.25,-575.25
164636,-235.5,12.75,-576
164671,-239.25,19.5,-575.25
164706,-235.5,19.5,-579
164741,-234.75,20.25,-573
164776,-237,17.25,-574.5
164811,-231.75,12.75,-569.25
164846,-240.75,21,-580.5
164881,-240,21,-576.75
164916,-234.75,21,-577.5
164951,-242.25,24,-577.5
164986,-237.75,14.25,-576
165021,-234.75,13.5,-574.5
165056,-240.75,21.75,-579.75
165091,-240,14.25,-574.5
165126,-236.25,16.5,-576.75
165161,-241.5,17.25,-576
165197,-237.75,24.75,-575.25
165232,-240,11.25,-578.25
165267,-232.5,17.25,-573.75
165302,-240.75,18,-570.75
165337,-236.25,17.25,-576.75
165372,-239.25,15.75,-574.5
165407,-234.75,18,-580.5
165442,-240.75,11.25,-574.5
165477,-234.75,22.5,-576.75
165512,-237,23.25,-575.25
165547,-239.25,11.25,-576.75
165582,-239.25,18,-574.5
165617,-228.75,20.25,-570.75
165652,-236.25,17.25,-578.25
165687,-240,16.5,-572.25
165722,-235.5,15,-574.5
165757,-239.25,15.75,-574.5
165792,-237.75,12.75,-580.5
165827,-237,15.75,-573
165862,-230.25,17.25,-576
165898,-237,20.25,-576.75
165933,-243.75,22.5,-576
165968,-238.5,17.25,-574.5
166003,-239.25,21,-576
166038,-237,20.25,-576.75
166073,-235.5,18.75,-579
166108,-238.5,15.75,-573.75
166143,-233.25,16.5,-574.5
166178,-245.25,17.25,-572.25
166213,-237,21,-577.5
166248,-238.5,15,-578.25
166283,-237,21.75,-575.25
166318,-238.5,19.5,-574.5
166353,-231.75,18,-576.75
166388,-240,19.5,-576
166423,-243.75,16.5,-576.75
166458,-235.5,10.5,-577.5
166493,-234.75,22.5,-578.25
166528,-232.5,14.25,-574.5
166563,-234.75,16.5,-579
166599,-237,18.75,-582
166634,-240,22.5,-579.75
166669,-234,17.25,-576.75
166704,-241.5,21.75,-575.25
166739,-234,18.75,-573
166774,-236.25,17.25,-579
166809,-235.5,18.75,-573.75
166844,-239.25,19.5,-573.75
166879,-239.25,19.5,-571.5
166914,-235.5,15,-576
166949,-237.75,17.25,-571.5
166984,-233.25,17.25,-578.25
167019,-240.75,18,-579
167054,-234.75,12,-577.5
167089,-243,12,-579
167124,-241.5,18.75,-579
167159,-234,23.25,-576
167194,-240.75,14.25,-581.25
167229,-238.5,22.5,-575.25
167264,-240,20.25,-582
167300,-237.75,19.5,-583.5
167335,-243,18,-576
167370,-234.75,21.75,-575.25
167405,-231,11.25,-576.75
167440,-239.25,19.5,-578.25
167475,-238.5,17.25,-573.75
167510,-234,20.25,-576.75
167545,-234,18,-578.25
167580,-231,12.75,-572.25
167615,-239.25,16.5,-579.75
167650,-236.25,22.5,-574.5
167685,-237,18.75,-576.75
167720,-237,21,-577.5
167755,-238.5,21,-570.75
167790,-237.75,18,-578.25
167825,-237,15.75,-578.25
167860,-233.25,18,-576
167895,-240,20.25,-576
167930,-240,22.5,-579.75
167965,-230.25,23.25,-573.75
168001,-237.75,21,-574.5
168036,-237,21,-577.5
168071,-243,12,-574.5
168106,-237.75,20.25,-569.25
168141,-231.75,19.5,-576
168176,-234,16.5,-576.75
168211,-239.25,18,-570
168246,-241.5,20.25,-579
168281,-234.75,23.25,-577.5
168316,-240,20.25,-577.5
168351,-240,21,-573
168386,-231,20.25,-576
168421,-236.25,15.75,-578.25
168456,-235.5,17.25,-580.5
168491,-237.75,18,-576
168526,-237.75,14.25,-576
168561,-236.25,11.25,-573.75
168596,-234.75,18,-573
168631,-237.75,15.75,-580.5
168666,-237.75,12.75,-575.25
168702,-241.5,20.25,-579
168737,-237.75,21.75,-577.5
168772,-238.5,21.75,-576.75
168807,-236.25,25.5,-579
168842,-240,14.25,-573.75
168877,-234,22.5,-575.25
168912,-235.5,20.25,-575.25
168947,-237,12,-571.5
168982,-234,18.75,-578.25
169017,-240.75,21.75,-575.25
169052,-237,19.5,-571.5
169087,-236.25,12.75,-570.75
169122,-241.5,18,-572.25
169157,-235.5,14.25,-578.25
169192,-236.25,14.25,-570
169227,-228.75,21.75,-576.75
169262,-240.75,20.25,-570
169297,-239.25,19.5,-578.25
169332,-235.5,19.5,-573
169367,-233.25,20.25,-571.5
169403,-236.25,13.5,-576.75
169438,-233.25,18,-573
169473,-237,21,-580.5
169508,-238.5,15.75,-577.5
169543,-236.25,19.5,-575.25
169578,-238.5,15,-576
169613,-240,20.25,-576
169648,-237.75,21,-578.25
169683,-246.75,16.5,-574.5
169718,-237,14.25,-576
169753,-240,13.5,-580.5
169788,-229.5,21,-576.75
169823,-235.5,16.5,-575.25
169858,-237,20.25,-576
169893,-243,18,-576
169928,-234.75,18.75,-568.5
169963,-234.75,23.25,-578.25
169998,-233.25,16.5,-577.5
170033,-240.75,18,-577.5
170068,-237.75,18.75,-576
170103,-236.25,19.5,-579.75
170139,-234,17.25,-579
170174,-235.5,12.75,-579
170209,-238.5,21.75,-571.5
170244,-231.75,16.5,-576.75
170279,-236.25,18,-573.75
170314,-236.25,20.25,-576.75
170349,-232.5,20.25,-579.75
170384,-234,20.25,-573
170419,-231.75,18,-581.25
170454,-234,22.5,-576.75
170489,-234,18.75,-576.75
170524,-237,15,-577.5
170559,-241.5,12.75,-579
170594,-239.25,16.5,-579
170629,-235.5,18.75,-578.25
170664,-239.25,18.75,-576.75
170699,-237.75,18,-581.25
170734,-237,12.75,-573.75
170769,-237.75,20.25,-572.25
170805,-235.5,15.75,-574.5
170840,-237.75,14.25,-575.25
170875,-237,21,-578.25
170910,-237.75,17.25,-581.25
170945,-237,20.25,-576.75
170980,-238.5,16.5,-579
171015,-242.25,18.75,-575.25
171050,-238.5,20.25,-579.75
171085,-237,21,-570.75
171120,-234.75,13.5,-576.75
171155,-231.75,18,-575.25
171190,-240.75,24.75,-576.75
171225,-239.25,19.5,-576.75
171260,-237.75,20.25,-577.5
171295,-232.5,18.75,-574.5
171330,-237,15.75,-572.25
171365,-234.75,13.5,-579
171400,-232.5,24,-576.75
171435,-234.75,22.5,-577.5
171470,-236.25,21,-578.25
171506,-237,15,-577.5
171541,-233.25,16.5,-580.5
171576,-235.5,21,-572.25
171611,-239.25,13.5,-578.25
171646,-240,15.75,-578.25
171681,-240.75,15.75,-582.75
171716,-235.5,13.5,-579.75
171751,-240,18,-574.5
171786,-230.25,16.5,-578.25
171821,-233.25,24.75,-575.25
171856,-237,15,-576.75
171891,-236.25,18,-580.5
171926,-241.5,18.75,-577.5
171961,-240.75,19.5,-573
171996,-245.25,21,-573.75
172031,-236.25,18,-575.25
172066,-240,18,-579.75
172101,-234.75,18,-573.75
172136,-237.75,18,-576
172171,-235.5,12,-576.75
172206,-238.5,15,-573.75
172242,-236.25,17.25,-578.25
172277,-237,18.75,-576.75
172312,-236.25,21,-579.75
172347,-239.25,21,-579
172382,-237.75,16.5,-576.75
172417,-240.75,14.25,-578.25
172452,-240.75,18,-575.25
172487,-237.75,21,-576.75
172522,-234,15,-576.75
172557,-236.25,26.25,-573.75
172592,-244.5,12,-573.75
172627,-237.75,15,-571.5
172662,-239.25,15,-576
172697,-237,19.5,-578.25
172732,-239.25,18,-579.75
172767,-241.5,18,-573
172802,-232.5,24.75,-573
172837,-238.5,22.5,-574.5
172872,-238.5,19.5,-577.5
172907,-240,15,-576.75
172943,-239.25,22.5,-579
172978,-237,15,-577.5
173013,-242.25,17.25,-578.25
173048,-239.25,23.25,-576.75
173083,-237,16.5,-576.75
173118,-240,20.25,-577.5
173153,-235.5,19.5,-573.75
173188,-242.25,18,-575.25
173223,-239.25,15.75,-576.75
173258,-241.5,18,-580.5
173293,-232.5,18,-578.25
173328,-239.25,18.75,-576
173363,-235.5,20.25,-577.5
173398,-240,21.75,-576.75
173433,-236.25,18.75,-575.25
173468,-237.75,18.75,-575.25
173503,-237,21.75,-576
173538,-241.5,12.75,-573.75
173573,-235.5,18,-578.25
173608,-238.5,20.25,-577.5
173644,-241.5,17.25,-582.75
173679,-234,19.5,-572.25
173714,-235.5,15,-576
173749,-237,18,-575.25
173784,-240,15,-573
173819,-237.75,19.5,-579.75
173854,-237.75,21,-574.5
173889,-228,21.75,-576
173924,-234,17.25,-576
173959,-237,24,-577.5
173994,-236.25,19.5,-579
174029,-239.25,15.75,-574.5
174064,-236.25,21,-576.75
174099,-236.25,21.75,-575.25
174134,-240.75,18.75,-576.75
174169,-239.25,18,-575.25
174204,-241.5,21.75,-575.25
174239,-236.25,18.75,-582
174274,-234,18,-578.25
174309,-240,14.25,-582
174344,-241.5,13.5,-576.75
174380,-238.5,21.75,-579
174415,-236.25,17.25,-578.25
174450,-240,18,-576.75
174485,-237.75,21,-578.25
174520,-238.5,19.5,-579
174555,-234,18.75,-573
174590,-237,17.25,-579
174625,-237,16.5,-575.25
174660,-243.75,18.75,-574.5
174695,-239.25,19.5,-580.5
174730,-229.5,16.5,-572.25
174765,-235.5,21,-579
174800,-237.75,15.75,-574.5
174835,-237.75,16.5,-573.75
174870,-236.25,15,-573
174905,-233.25,18,-577.5
174940,-231.75,15.75,-574.5
174975,-235.5,10.5,-582.75
175010,-239.25,15.75,-574.5
175045,-232.5,12.75,-580.5
175081,-239.25,24,-576.75
175116,-238.5,15,-573
175151,-239.25,20.25,-573.75
175186,-240,17.25,-572.25
175221,-240.75,24.75,-577.5
175256,-243,12.75,-573.75
175291,-243,17.25,-575.25
175326,-235.5,21,-573
175361,-234,12.75,-573.75
175396,-235.5,18,-573
175431,-235.5,22.5,-581.25
175466,-243.75,23.25,-579.75
175501,-234,18.75,-579.75
175536,-237,18.75,-578.25
175571,-239.25,15,-582
175606,-237.75,21,-576
175641,-236.25,22.5,-579
175676,-235.5,8.25,-574.5
175711,-240,18.75,-578.25
175746,-232.5,24.75,-576
175782,-233.25,18,-572.25
175817,-235.5,23.25,-576
175852,-238.5,16.5,-576
175887,-236.25,14.25,-579.75
175922,-231.75,15,-576.75
175957,-236.25,15.75,-576
175992,-237,22.5,-573.75
176027,-236.25,16.5,-576
176062,-240.75,16.5,-584.25
176097,-236.25,19.5,-580.5
176132,-234.75,17.25,-570
176167,-239.25,24.75,-577.5
176202,-234,21.75,-572.25
176237,-235.5,21.75,-581.25
176272,-236.25,16.5,-577.5
176307,-234.75,15.75,-579
176342,-238.5,18.75,-576.75
176377,-235.5,21,-579.75
176412,-240.75,18.75,-580.5
176447,-241.5,18,-576
176483,-237.75,21,-577.5
176518,-245.25,18,-576.75
176553,-238.5,18.75,-573.75
176588,-240,15.75,-576
176623,-237.75,15.75,-580.5
176658,-233.25,17.25,-573
176693,-235.5,19.5,-573
176728,-240.75,22.5,-577.5
176763,-234.75,13.5,-579.75
176798,-238.5,16.5,-576
176833,-234,15.75,-578.25
176868,-243,16.5,-573.75
176903,-237.75,15.75,-574.5
176938,-234,17.25,-575.25
176973,-237.75,15.75,-575.25
177008,-237.75,16.5,-575.25
177043,-240.75,20.25,-577.5
177078,-238.5,18,-575.25
177113,-238.5,21.75,-579.75
177148,-234.75,18,-579
177184,-239.25,14.25,-575.25
177219,-235.5,13.5,-581.25
177254,-236.25,16.5,-577.5
177289,-237.75,18.75,-575.25
177324,-234.75,15.75,-573
177359,-234,16.5,-582
177394,-238.5,20.25,-577.5
177429,-238.5,15.75,-579
177464,-237.75,22.5,-582
177499,-235.5,21,-575.25
177534,-242.25,21,-573.75
177569,-240.75,15.75,-577.5
177604,-233.25,18.75,-574.5
177639,-235.5,15,-576
177674,-240,16.5,-570
177709,-234.75,17.25,-579.75
177744,-240.75,21,-573.75
177779,-239.25,17.25,-573
177814,-237.75,18.75,-578.25
177849,-238.5,17.25,-582.75
177885,-240.75,13.5,-572.25
177920,-240.75,21,-576.75
177955,-236.25,21,-581.25
177990,-240.75,15.75,-576
178025,-240.75,21.75,-574.5
178060,-240,18.75,-565.5
178095,-244.5,20.25,-579.75
178130,-234,25.5,-576.75
178165,-242.25,21.75,-579.75
178200,-240.75,15,-580.5
178235,-240,18,-574.5
178270,-237.75,15.75,-581.25
178305,-245.25,19.5,-576.75
178340,-237,16.5,-573.75
178375,-238.5,16.5,-573.75
178410,-241.5,14.25,-575.25
178445,-239.25,21.75,-582
178480,-240.75,21,-579
178515,-241.5,18,-576.75
178550,-236.25,21,-582
178586,-237.75,18,-574.5
178621,-239.25,17.25,-579.75
178656,-238.5,19.5,-579.75
178691,-240,23.25,-577.5
178726,-234.75,20.25,-576.75
178761,-242.25,16.5,-573
178796,-237,17.25,-576.75
178831,-238.5,16.5,-572.25
178866,-238.5,24.75,-577.5
178901,-234,19.5,-575.25
178936,-234.75,19.5,-571.5
178971,-234.75,19.5,-579.75
179006,-234,14.25,-576
179041,-232.5,21,-579
179076,-239.25,13.5,-573
179111,-237.75,20.25,-578.25
179146,-240.75,17.25,-574.5
179181,-234.75,19.5,-574.5
179216,-240.75,21,-578.25
179251,-237,15,-576
179287,-239.25,15,-579
179322,-242.25,15.75,-578.25
179357,-235.5,15,-572.25
179392,-235.5,12,-576.75
179427,-240.75,23.25,-576
179462,-242.25,18,-569.25
179497,-237.75,17.25,-574.5
179532,-236.25,20.25,-576
179567,-234.75,21,-580.5
179602,-237.75,18,-579.75
179637,-237,12,-582.75
179672,-237,17.25,-577.5
179707,-247.5,24,-579.75
179742,-236.25,18,-579
179777,-239.25,21.75,-572.25
179812,-235.5,21,-573
179847,-243,22.5,-571.5
179882,-236.25,19.5,-582
179917,-235.5,15.75,-573
179952,-240.75,17.25,-577.5
179987,-239.25,22.5,-577.5
180023,-233.25,17.25,-576.75
180058,-237,18.75,-576.75
180093,-237,18.75,-579
180128,-240.75,22.5,-572.25
180163,-240,20.25,-575.25
180198,-237.75,20.25,-577.5
180233,-236.25,16.5,-576
180268,-238.5,19.5,-580.5
180303,-239.25,14.25,-573
180338,-236.25,18.75,-579.75
180373,-234.75,21.75,-585
180408,-240,21,-575.25
180443,-240,19.5,-578.25
180478,-235.5,17.25,-576.75
180513,-237.75,18,-576
180548,-235.5,13.5,-573
180583,-237,14.25,-577.5
180618,-237.75,22.5,-580.5