10629,-54.75,234,-551.25
10664,-53.25,242.25,-550.5
10699,-52.5,237,-551.25
10734,-55.5,238.5,-550.5
10769,-51.75,230.25,-550.5
10805,-52.5,237.75,-546.75
10840,-59.25,234,-551.25
10875,-57,240,-551.25
10910,-54,243,-546
10945,-50.25,237,-549
10980,-56.25,236.25,-547.5
11015,-54,238.5,-544.5
11050,-48.75,237.75,-552.75
11085,-51.75,237.75,-549
11120,-54,231.75,-556.5
11155,-51.75,235.5,-547.5
11190,-54,237,-553.5
11225,-56.25,233.25,-554.25
11260,-54,240.75,-560.25
11295,-52.5,232.5,-545.25
11330,-54.75,234,-554.25
11365,-51,235.5,-549
11400,-48,236.25,-552
11435,-49.5,236.25,-551.25
11470,-48.75,235.5,-549
11506,-53.25,236.25,-549
11541,-48.75,231.75,-558
11576,-54,238.5,-539.25
11611,-54.75,239.25,-554.25
11646,-51.75,238.5,-551.25
11681,-54.75,241.5,-553.5
11716,-52.5,234.75,-552
11751,-48.75,235.5,-549.75
11786,-51,236.25,-547.5
11821,-54.75,237,-550.5
11856,-57.75,233.25,-551.25
11891,-54.75,237,-553.5
11926,-55.5,240,-555.75
11961,-54,233.25,-546
11996,-48,237.75,-552
12031,-48,240,-547.5
12066,-55.5,237.75,-547.5
12101,-51.75,236.25,-551.25
12136,-51.75,234.75,-556.5
12172,-51,234.75,-546.75
12207,-56.25,231.75,-550.5
12242,-52.5,238.5,-552.75
12277,-51,232.5,-555
12312,-51.75,237,-552
12347,-48.75,233.25,-551.25
12382,-54,237,-552.75
12417,-48,242.25,-545.25
12452,-53.25,238.5,-550.5
12487,-48.75,231,-548.25
12522,-51,235.5,-548.25
12557,-49.5,234,-544.5
12592,-51.75,236.25,-552.75
12627,-52.5,243,-546.75
12662,-50.25,236.25,-548.25
12697,-48.75,238.5,-549
12732,-54,232.5,-555
12767,-48.75,232.5,-556.5
12802,-51,238.5,-555
12837,-49.5,228,-547.5
12873,-50.25,229.5,-546
12908,-52.5,236.25,-553.5
12943,-53.25,234,-549.75
12978,-50.25,235.5,-548.25
13013,-55.5,242.25,-550.5
13048,-51.75,236.25,-550.5
13083,-50.25,231,-552
13118,-53.25,236.25,-548.25
13153,-54,235.5,-547.5
13188,-51.75,234.75,-550.5
13223,-50.25,234,-548.25
13258,-52.5,233.25,-552.75
13293,-52.5,233.25,-548.25
13328,-51,238.5,-553.5
13363,-51,240,-549.75
13398,-55.5,236.25,-551.25
13433,-48,237,-554.25
13468,-51.75,237,-545.25
13503,-53.25,237.75,-552.75
13539,-53.25,240,-545.25
13574,-56.25,237,-546
13609,-51.75,236.25,-551.25
13644,-51,237,-550.5
13679,-49.5,235.5,-553.5
13714,-52.5,240,-552.75
13749,-50.25,234,-546.75
13784,-51.75,234,-555
13819,-56.25,236.25,-550.5
13854,-52.5,238.5,-552.75
13889,-51,238.5,-550.5
13924,-48.75,237.75,-547.5
13959,-48,237,-552.75
13994,-55.5,237,-550.5
14029,-51.75,235.5,-549.75
14064,-51.75,234.75,-548.25
14099,-53.25,236.25,-549
14134,-45.75,243.75,-549.75
14169,-54,231,-545.25
14205,-52.5,234.75,-545.25
14240,-47.25,238.5,-547.5
14275,-48.75,238.5,-547.5
14310,-55.5,232.5,-542.25
14345,-54.75,231.75,-547.5
14380,-53.25,236.25,-552.75
14415,-52.5,234.75,-555.75
14450,-53.25,238.5,-543.75
14485,-54,237,-552
14520,-54,234,-556.5
14555,-47.25,237.75,-545.25
14590,-52.5,234,-556.5
14625,-54.75,234,-548.25
14660,-46.5,240.75,-552.75
14695,-48,238.5,-550.5
14730,-49.5,231.75,-552
14765,-50.25,233.25,-550.5
14800,-55.5,235.5,-550.5
14835,-49.5,228.75,-554.25
14870,-53.25,231.75,-550.5
14906,-54.75,233.25,-555
14941,-50.25,237.75,-549
14976,-53.25,232.5,-551.25
15011,-54,234,-552.75
15046,-49.5,235.5,-546.75
15081,-52.5,237,-552
15116,-51,239.25,-555
15151,-49.5,236.25,-546.75
15186,-53.25,243,-553.5
15221,-47.25,237,-548.25
15256,-48.75,236.25,-553.5
15291,-57,234.75,-555.75
15326,-51,235.5,-546
15361,-49.5,235.5,-551.25
15396,-57,237.75,-549.75
15431,-49.5,236.25,-555.75
15466,-58.5,234,-545.25
15501,-56.25,239.25,-550.5
15536,-48,242.25,-552
15572,-48,231.75,-552
15607,-46.5,237.75,-549.75
15642,-45,237.75,-550.5
15677,-51,234,-551.25
15712,-52.5,237.75,-552.75
15747,-53.25,233.25,-550.5
15782,-50.25,237.75,-551.25
15817,-55.5,240,-552
15852,-50.25,232.5,-547.5
15887,-53.25,242.25,-551.25
15922,-48.75,236.25,-553.5
15957,-46.5,237,-549.75
15992,-54.75,236.25,-549
16027,-49.5,240,-551.25
16062,-55.5,235.5,-547.5
16097,-51,234,-554.25
16132,-51,237,-544.5
16167,-51.75,235.5,-547.5
16202,-53.25,230.25,-549.75
16237,-52.5,240,-556.5
16273,-54,235.5,-554.25
16308,-54.75,237,-551.25
16343,-55.5,235.5,-550.5
16378,-53.25,235.5,-549
16413,-55.5,237.75,-556.5
16448,-51,233.25,-547.5
16483,-52.5,234.75,-547.5
16518,-52.5,234.75,-550.5
16553,-51,238.5,-551.25
16588,-48.75,237.75,-551.25
16623,-51,237,-552
16658,-54.75,240,-546
16693,-50.25,234,-549.75
16728,-51.75,240.75,-543
16763,-52.5,240,-549.75
16798,-51,232.5,-554.25
16833,-54.75,237,-551.25
16868,-53.25,235.5,-550.5
16903,-56.25,237,-548.25
16939,-54.75,233.25,-552
16974,-52.5,237,-549.75
17009,-52.5,237.75,-553.5
17044,-53.25,231.75,-546.75
17079,-51.75,234,-550.5
17114,-53.25,237,-556.5
17149,-54.75,237,-549.75
17184,-53.25,235.5,-549.75
17219,-51.75,238.5,-546
17254,-55.5,237.75,-554.25
17289,-57,238.5,-552.75
17324,-46.5,236.25,-551.25
17359,-51,234.75,-553.5
17394,-57.75,234,-549.75
17429,-50.25,235.5,-546
17464,-54.75,237.75,-548.25
17499,-53.25,242.25,-549
17534,-47.25,237,-548.25
17569,-46.5,234.75,-547.5
17605,-45.75,229.5,-546.75
17640,-49.5,232.5,-547.5
17675,-56.25,232.5,-549.75
17710,-55.5,233.25,-550.5
17745,-57,231.75,-552.75
17780,-50.25,236.25,-553.5
17815,-48.75,237.75,-548.25
17850,-52.5,235.5,-543
17885,-51,234,-549.75
17920,-54.75,243.75,-548.25
17955,-55.5,235.5,-556.5
17990,-55.5,234,-549
18025,-60,235.5,-551.25
18060,-58.5,234,-552
18095,-51,237,-546.75
18130,-48,234,-549
18165,-51.75,237,-546
18200,-51.75,238.5,-546
18235,-54,234,-549
18270,-54,240.75,-555
18306,-60.75,229.5,-556.5
18341,-58.5,236.25,-546
18376,-69.75,235.5,-545.25
18411,-69.75,229.5,-545.25
18446,-84.75,233.25,-546.75
18481,-110.25,225.75,-534
18516,-142.5,215.25,-524.25
18551,-156.75,214.5,-516.75
18586,-171.75,208.5,-517.5
18621,-183.75,191.25,-507
18656,-186.75,181.5,-511.5
18691,-188.25,173.25,-511.5
18726,-184.5,154.5,-520.5
18761,-195,147.75,-516.75
18796,-198,127.5,-513
18831,-196.5,112.5,-525
18866,-198,103.5,-524.25
18901,-193.5,99.75,-530.25
18936,-174,98.25,-538.5
18972,-166.5,111.75,-540.75
19007,-166.5,124.5,-531.75
19042,-159.75,140.25,-537.75
19077,-138,145.5,-549.75
19112,-138.75,146.25,-548.25
19147,-144,152.25,-543
19182,-127.5,149.25,-554.25
19217,-105.75,142.5,-566.25
19252,-80.25,136.5,-573
19287,-61.5,125.25,-587.25
19322,-52.5,117,-581.25
19357,-56.25,110.25,-586.5
19392,-55.5,111,-587.25
19427,-48,102.75,-586.5
19462,-41.25,102,-586.5
19497,-39,99.75,-594
19532,-35.25,102,-581.25
19567,-36,104.25,-581.25
19602,-32.25,93,-584.25
19638,-28.5,95.25,-586.5
19673,-28.5,87,-588.75
19708,-58.5,75,-583.5
19743,-87.75,66.75,-578.25
19778,-91.5,67.5,-572.25
19813,-84.75,69.75,-574.5
19848,-90.75,67.5,-577.5
19883,-82.5,60.75,-576
19918,-76.5,60,-579
19953,-72,63.75,-580.5
19988,-81.75,60,-577.5
20023,-81.75,68.25,-580.5
20058,-84,74.25,-572.25
20093,-90,84.75,-578.25
20128,-81,81.75,-576
20163,-81,80.25,-579
20198,-59.25,77.25,-580.5
20233,-49.5,74.25,-585.75
20268,-51.75,52.5,-584.25
20303,-41.25,15.75,-587.25
20339,-72,-6,-574.5
20374,-67.5,-6.75,-582
20409,-81.75,-5.25,-568.5
20444,-84,-9.75,-570.75
20479,-88.5,-14.25,-570
20514,-100.5,-24.75,-559.5
20549,-89.25,-39,-558.75
20584,-96,-46.5,-555.75
20619,-83.25,-49.5,-558.75
20654,-91.5,-51.75,-558.75
20689,-93.75,-60.75,-550.5
20724,-96.75,-70.5,-547.5
20759,-98.25,-82.5,-546.75
20794,-118.5,-93.75,-529.5
20829,-128.25,-97.5,-523.5
20864,-135.75,-108.75,-514.5
20899,-132.75,-112.5,-512.25
20934,-111.75,-117,-515.25
20969,-91.5,-117.75,-525.75
21005,-84.75,-117.75,-538.5
21040,-78.75,-122.25,-532.5
21075,-59.25,-114.75,-543
21110,-31.5,-114,-551.25
21145,-21.75,-96.75,-559.5
21180,-41.25,-88.5,-565.5
21215,-60,-67.5,-568.5
21250,-68.25,-39,-568.5
21285,-73.5,-30,-563.25
21320,-69,-5.25,-572.25
21355,-88.5,16.5,-569.25
21390,-108.75,46.5,-567.75
21425,-114.75,79.5,-567
21460,-116.25,93.75,-565.5
21495,-123.75,113.25,-561
21530,-129,122.25,-560.25
21565,-128.25,143.25,-552
21600,-131.25,177,-551.25
21635,-128.25,204.75,-539.25
21671,-117,211.5,-543
21706,-115.5,207.75,-542.25
21741,-116.25,204.75,-544.5
21776,-108.75,210.75,-550.5
21811,-111,219,-549
21846,-105.75,226.5,-541.5
21881,-114,243.75,-532.5
21916,-120,256.5,-529.5
21951,-118.5,256.5,-528
21986,-113.25,259.5,-529.5
22021,-111.75,263.25,-528
22056,-113.25,266.25,-524.25
22091,-108,276,-518.25
22126,-106.5,272.25,-522
22161,-102.75,269.25,-531
22196,-92.25,269.25,-533.25
22231,-84.75,262.5,-536.25
22266,-78.75,270.75,-538.5
22301,-75.75,261,-545.25
22337,-64.5,252,-549.75
22372,-66,251.25,-557.25
22407,-55.5,240.75,-558
22442,-57,249,-553.5
22477,-47.25,258,-560.25
22512,-41.25,261,-549
22547,-32.25,259.5,-556.5
22582,-30.75,260.25,-560.25
22617,-21,260.25,-557.25
22652,-18,267,-559.5
22687,-28.5,268.5,-553.5
22722,-18.75,282,-540
22757,-14.25,297,-539.25
22792,-24.75,295.5,-543
22827,-23.25,292.5,-541.5
22862,-21,287.25,-545.25
22897,-28.5,286.5,-549.75
22932,-31.5,279.75,-546.75
22967,-36,277.5,-545.25
23003,-37.5,281.25,-542.25
23038,-36,273.75,-549.75
23073,-42.75,267,-549
23108,-38.25,265.5,-552.75
23143,-55.5,258.75,-547.5
23178,-52.5,270.75,-539.25
23213,-53.25,278.25,-540.75
23248,-53.25,268.5,-547.5
23283,-60,258.75,-546.75
23318,-63,255.75,-546
23353,-60.75,242.25,-553.5
23388,-52.5,239.25,-559.5
23423,-53.25,234.75,-556.5
23458,-49.5,240.75,-558.75
23493,-48,258,-549
23528,-54.75,264,-548.25
23563,-62.25,268.5,-544.5
23598,-49.5,263.25,-543.75
23633,-56.25,261.75,-550.5
23668,-50.25,252,-552.75
23704,-54,252,-555.75
23739,-47.25,246.75,-557.25
23774,-52.5,243.75,-557.25
23809,-57.75,242.25,-555
23844,-56.25,236.25,-566.25
23879,-41.25,228.75,-564
23914,-54,226.5,-566.25
23949,-60,229.5,-564.75
23984,-50.25,229.5,-558.75
24019,-48.75,233.25,-563.25
24054,-48.75,228,-563.25
24089,-46.5,219,-562.5
24124,-51.75,210,-566.25
24159,-51,214.5,-570
24194,-52.5,209.25,-570.75
24229,-52.5,214.5,-567
24264,-54.75,220.5,-565.5
24299,-63,215.25,-570
24334,-60.75,214.5,-566.25
24370,-72,201.75,-567.75
24405,-71.25,202.5,-557.25
24440,-75,216,-562.5
24475,-74.25,213.75,-561.75
24510,-74.25,222.75,-555.75
24545,-72.75,219,-554.25
24580,-76.5,219,-553.5
24615,-69,225,-557.25
24650,-69,210,-560.25
24685,-75,214.5,-564.75
24720,-70.5,211.5,-561
24755,-70.5,205.5,-564
24790,-70.5,198,-564.75
24825,-66.75,192.75,-569.25
24860,-64.5,188.25,-572.25
24895,-66,186,-566.25
24930,-70.5,186,-570.75
24965,-69.75,181.5,-569.25
25000,-66.75,186.75,-569.25
25036,-67.5,174,-570.75
25071,-60.75,179.25,-577.5
25106,-63,173.25,-573
25141,-57.75,183.75,-574.5
25176,-56.25,183.75,-570.75
25211,-54,193.5,-566.25
25246,-52.5,193.5,-575.25
25281,-48,189,-569.25
25316,-50.25,191.25,-573.75
25351,-47.25,192,-575.25
25386,-48,194.25,-567.75
25421,-47.25,213,-566.25
25456,-41.25,222.75,-561.75
25491,-46.5,231.75,-562.5
25526,-38.25,233.25,-558.75
25561,-41.25,236.25,-556.5
25596,-43.5,245.25,-551.25
25631,-36.75,243,-552
25666,-33,246.75,-551.25
25702,-36.75,261.75,-555
25737,-33.75,257.25,-552
25772,-34.5,257.25,-545.25
25807,-35.25,262.5,-549
25842,-35.25,272.25,-542.25
25877,-37.5,281.25,-544.5
25912,-40.5,281.25,-536.25
25947,-39.75,287.25,-539.25
25982,-44.25,296.25,-532.5
26017,-39,303,-528.75
26052,-36.75,312,-523.5
26087,-31.5,318,-517.5
26122,-27,321.75,-512.25
26157,-36,339,-504.75
26192,-30,337.5,-496.5
26227,-30.75,350.25,-492
26262,-36,354.75,-486.75
26297,-36,364.5,-483
26332,-36.75,367.5,-475.5
26368,-36,372.75,-477.75
26403,-29.25,384.75,-468
26438,-27,390,-459.75
26473,-24,393.75,-454.5
26508,-18,405.75,-444
26543,-8.25,409.5,-435
26578,-13.5,420,-435
26613,-17.25,426.75,-426
26648,-14.25,426,-419.25
26683,-10.5,445.5,-406.5
26718,-21.75,448.5,-401.25
26753,-9.75,447.75,-389.25
26788,-15,450,-389.25
26823,-16.5,455.25,-390
26858,-14.25,458.25,-382.5
26893,-21.75,465,-371.25
26928,-20.25,465,-367.5
26963,-18.75,470.25,-359.25
26998,-19.5,480,-348
27033,-15,481.5,-334.5
27069,-16.5,489.75,-326.25
27104,-17.25,495.75,-302.25
27139,-21,503.25,-297
27174,-27,510,-289.5
27209,-22.5,503.25,-288.75
27244,-27.75,501,-281.25
27279,-31.5,508.5,-277.5
27314,-33,507,-274.5
27349,-33,503.25,-264
27384,-33,512.25,-258
27419,-30.75,513,-255.75
27454,-30,513,-246
27489,-33,516.75,-245.25
27524,-24,522.75,-232.5
27559,-31.5,521.25,-219
27594,-26.25,524.25,-218.25
27629,-32.25,527.25,-213
27664,-27.75,526.5,-204.75
27699,-32.25,522.75,-201.75
27735,-28.5,529.5,-198
27770,-36,531.75,-192
27805,-32.25,528,-177
27840,-42.75,531,-177
27875,-42.75,529.5,-171
27910,-49.5,534,-156.75
27945,-41.25,528,-155.25
27980,-49.5,528,-138.75
28015,-49.5,531.75,-138.75
28050,-55.5,529.5,-123
28085,-67.5,530.25,-115.5
28120,-66,529.5,-98.25
28155,-60.75,522.75,-96.75
28190,-67.5,528.75,-85.5
28225,-66.75,522.75,-73.5
28260,-72.75,519,-63.75
28295,-75.75,521.25,-55.5
28330,-79.5,525.75,-48.75
28365,-81.75,517.5,-43.5
28400,-79.5,516.75,-41.25
28436,-84,521.25,-41.25
28471,-81.75,516,-33.75
28506,-85.5,507.75,-23.25
28541,-86.25,513,-18.75
28576,-89.25,502.5,-3.75
28611,-90,511.5,-2.25
28646,-96,504.75,12
28681,-101.25,501.75,16.5
28716,-96.75,494.25,26.25
28751,-102,495.75,28.5
28786,-101.25,489.75,27.75
28821,-103.5,488.25,36
28856,-102.75,486,45
28891,-99,480,46.5
28926,-109.5,478.5,56.25
28961,-106.5,474.75,62.25
28996,-106.5,473.25,67.5
29031,-108,467.25,75.75
29066,-105.75,464.25,88.5
29102,-107.25,459,93.75
29137,-104.25,459,103.5
29172,-105,447.75,119.25
29207,-105,444.75,118.5
29242,-100.5,444,126
29277,-96,441.75,133.5
29312,-97.5,437.25,136.5
29347,-99.75,430.5,147
29382,-96,426.75,144.75
29417,-89.25,426,152.25
29452,-84,422.25,163.5
29487,-75,419.25,168.75
29522,-70.5,414,171
29557,-56.25,411.75,177
29592,-60.75,405,182.25
29627,-51.75,411.75,185.25
29662,-53.25,408,191.25
29697,-35.25,401.25,198
29732,-33,390,207
29767,-33.75,382.5,215.25
29803,-33,373.5,224.25
29838,-33.75,367.5,235.5
29873,-33.75,364.5,228.75
29908,-39,360,229.5
29943,-41.25,360,240.75
29978,-38.25,352.5,249
30013,-42.75,346.5,249
30048,-44.25,342,249
30083,-39,339,257.25
30118,-42,328.5,261
30153,-36.75,321.75,264.75
30188,-48.75,324,266.25
30223,-46.5,312.75,261.75
30258,-52.5,305.25,267.75
30293,-59.25,306.75,268.5
30328,-63.75,294.75,278.25
30363,-60,282.75,285.75
30398,-62.25,273.75,292.5
30433,-63.75,257.25,293.25
30469,-68.25,246,294
30504,-73.5,238.5,297.75
30539,-63.75,232.5,309
30574,-68.25,219.75,305.25
30609,-66.75,214.5,313.5
30644,-81,209.25,309.75
30679,-85.5,198,313.5
30714,-92.25,188.25,303
30749,-108.75,182.25,306.75
30784,-108.75,168.75,310.5
30819,-111,157.5,309.75
30854,-120,147,311.25
30889,-117,134.25,306.75
30924,-122.25,117.75,312.75
30959,-133.5,108.75,306.75
30994,-130.5,97.5,304.5
31029,-141.75,79.5,301.5
31064,-147,70.5,308.25
31099,-142.5,48,297.75
31135,-142.5,39.75,306.75
31170,-147,25.5,300
31205,-155.25,9.75,296.25
31240,-161.25,-4.5,283.5
31275,-161.25,-24.75,286.5
31310,-164.25,-39,277.5
31345,-169.5,-48.75,270
31380,-173.25,-62.25,264
31415,-180.75,-73.5,256.5
31450,-180.75,-74.25,256.5
31485,-183,-82.5,254.25
31520,-188.25,-90.75,246
31555,-180.75,-105,244.5
31590,-180.75,-107.25,230.25
31625,-177,-120,237
31660,-174.75,-126,230.25
31695,-179.25,-135,227.25
31730,-174.75,-148.5,221.25
31765,-186,-151.5,210.75
31801,-185.25,-163.5,204
31836,-185.25,-168,198
31871,-185.25,-172.5,192
31906,-183,-182.25,185.25
31941,-173.25,-189,182.25
31976,-183.75,-195.75,171.75
32011,-190.5,-205.5,165
32046,-198,-215.25,155.25
32081,-194.25,-220.5,141
32116,-196.5,-227.25,136.5
32151,-195,-231.75,128.25
32186,-201,-243.75,117.75
32221,-195.75,-253.5,102.75
32256,-198.75,-256.5,96
32291,-199.5,-262.5,90.75
32326,-199.5,-265.5,75.75
32361,-207,-276.75,59.25
32396,-215.25,-279.75,26.25
32431,-222,-285.75,-7.5
32466,-231,-283.5,-34.5
32502,-237.75,-282,-54.75
32537,-243,-285,-70.5
32572,-246,-281.25,-73.5
32607,-239.25,-288.75,-75
32642,-240.75,-293.25,-74.25
32677,-239.25,-288,-81
32712,-237,-291.75,-78
32747,-236.25,-291.75,-84.75
32782,-236.25,-299.25,-97.5
32817,-228,-296.25,-98.25
32852,-231.75,-300.75,-119.25
32887,-233.25,-298.5,-113.25
32922,-228,-297,-124.5
32957,-229.5,-303.75,-140.25
32992,-226.5,-298.5,-147
33027,-237.75,-291.75,-160.5
33062,-232.5,-288.75,-174.75
33097,-243.75,-283.5,-187.5
33132,-244.5,-283.5,-201.75
33168,-245.25,-273.75,-210
33203,-246.75,-277.5,-222.75
33238,-242.25,-271.5,-232.5
33273,-240.75,-275.25,-233.25
33308,-236.25,-277.5,-243.75
33343,-239.25,-273,-253.5
33378,-238.5,-263.25,-262.5
33413,-242.25,-264,-276.75
33448,-239.25,-256.5,-290.25
33483,-243.75,-245.25,-306
33518,-239.25,-245.25,-307.5
33553,-240.75,-239.25,-324.75
33588,-240,-228.75,-340.5
33623,-241.5,-216.75,-356.25
33658,-235.5,-216,-366
33693,-231.75,-210,-369.75
33728,-229.5,-213.75,-377.25
33763,-222.75,-210,-387.75
33798,-221.25,-201.75,-396
33834,-213,-199.5,-405
33869,-215.25,-196.5,-411
33904,-209.25,-198.75,-412.5
33939,-198.75,-193.5,-426
33974,-189.75,-184.5,-431.25
34009,-181.5,-176.25,-448.5
34044,-190.5,-162.75,-462
34079,-189,-149.25,-475.5
34114,-183,-139.5,-483
34149,-188.25,-129.75,-492
34184,-188.25,-116.25,-489.75
34219,-187.5,-111.75,-500.25
34254,-181.5,-101.25,-504.75
34289,-173.25,-87,-510
34324,-172.5,-78.75,-518.25
34359,-174,-67.5,-527.25
34394,-165.75,-63.75,-533.25
34429,-163.5,-54.75,-536.25
34464,-162.75,-41.25,-537
34500,-158.25,-27,-546.75
34535,-159,-25.5,-541.5
34570,-150.75,-32.25,-542.25
34605,-151.5,-28.5,-545.25
34640,-153,-24,-552
34675,-153,-14.25,-552
34710,-154.5,-12.75,-552
34745,-150,1.5,-555.75
34780,-150.75,9.75,-560.25
34815,-148.5,19.5,-558.75
34850,-131.25,15,-563.25
34885,-129.75,29.25,-568.5
34920,-123,39.75,-572.25
34955,-124.5,39.75,-569.25
34990,-124.5,48.75,-573
35025,-108,61.5,-573.75
35060,-97.5,72.75,-579
35095,-89.25,82.5,-587.25
35130,-83.25,90,-582.75
35166,-67.5,86.25,-594.75
35201,-60.75,87.75,-594.75
35236,-57,87.75,-595.5
35271,-63,81.75,-587.25
35306,-71.25,81.75,-586.5
35341,-74.25,90,-591
35376,-79.5,92.25,-585.75
35411,-76.5,96,-587.25
35446,-69,99,-587.25
35481,-73.5,109.5,-583.5
35516,-68.25,116.25,-583.5
35551,-60,119.25,-588.75
35586,-60.75,129,-584.25
35621,-48,147,-587.25
35656,-35.25,157.5,-591.75
35691,-33.75,167.25,-590.25
35726,-26.25,168,-585
35761,-22.5,174,-586.5
35796,-35.25,177,-581.25
35831,-29.25,188.25,-585
35867,-30,191.25,-579.75
35902,-24.75,192,-583.5
35937,-28.5,198,-579
35972,-24.75,207.75,-577.5
36007,-9,214.5,-570
36042,-21.75,225,-569.25
36077,-14.25,226.5,-574.5
36112,-12.75,229.5,-567.75
36147,-5.25,238.5,-566.25
36182,-15,252,-563.25
36217,-25.5,249,-561
36252,-19.5,258.75,-558.75
36287,-15,266.25,-560.25
36322,-12,267.75,-558.75
36357,-9,260.25,-562.5
36392,-6.75,257.25,-558
36427,-10.5,257.25,-558
36462,-15.75,262.5,-558
36497,-7.5,269.25,-556.5
36533,-5.25,267,-557.25
36568,-14.25,271.5,-551.25
36603,-7.5,278.25,-549.75
36638,-3.75,273,-553.5
36673,-13.5,273.75,-552.75
36708,-22.5,264.75,-552.75
36743,-30,256.5,-557.25
36778,-40.5,258,-555
36813,-45,247.5,-556.5
36848,-45.75,261,-558
36883,-35.25,255.75,-551.25
36918,-45,268.5,-552
36953,-38.25,274.5,-544.5
36988,-31.5,290.25,-546
37023,-30,297.75,-540
37058,-20.25,306.75,-534
37093,-29.25,300.75,-531
37128,-35.25,298.5,-533.25
37163,-45,294,-534.75
37198,-60,295.5,-535.5
37234,-56.25,302.25,-525
37269,-62.25,297.75,-528.75
37304,-69.75,296.25,-528
37339,-71.25,295.5,-527.25
37374,-81.75,287.25,-525.75
37409,-82.5,289.5,-532.5
37444,-85.5,286.5,-527.25
37479,-84,279,-532.5
37514,-94.5,282,-523.5
37549,-98.25,283.5,-525
37584,-103.5,288.75,-524.25
37619,-102,285,-517.5
37654,-111,290.25,-519.75
37689,-110.25,287.25,-516.75
37724,-114.75,285.75,-516
37759,-122.25,298.5,-499.5
37794,-129.75,301.5,-501
37829,-130.5,302.25,-500.25
37864,-133.5,305.25,-499.5
37900,-130.5,303.75,-491.25
37935,-143.25,303.75,-489.75
37970,-155.25,302.25,-486
38005,-159,298.5,-483
38040,-166.5,296.25,-485.25
38075,-171.75,298.5,-475.5
38110,-172.5,314.25,-466.5
38145,-183,310.5,-455.25
38180,-187.5,304.5,-462
38215,-205.5,303,-452.25
38250,-209.25,300.75,-448.5
38285,-208.5,293.25,-445.5
38320,-214.5,293.25,-443.25
38355,-219,285,-438.75
38390,-221.25,296.25,-437.25
38425,-226.5,304.5,-438.75
38460,-225,304.5,-435
38495,-220.5,312,-428.25
38530,-228.75,307.5,-423.75
38566,-228.75,299.25,-427.5
38601,-231.75,296.25,-425.25
38636,-229.5,297,-424.5
38671,-238.5,305.25,-415.5
38706,-240,315.75,-409.5
38741,-246,318.75,-385.5
38776,-258,325.5,-371.25
38811,-264,327,-366.75
38846,-270,327.75,-350.25
38881,-277.5,324.75,-341.25
38916,-287.25,330,-324.75
38951,-294,321.75,-318
38986,-301.5,316.5,-307.5
39021,-303.75,318.75,-297.75
39056,-307.5,321,-291.75
39091,-311.25,315.75,-279.75
39126,-314.25,321,-279.75
39161,-321,312.75,-262.5
39196,-321.75,320.25,-253.5
39231,-333,318,-240
39267,-337.5,316.5,-215.25
39302,-345.75,315,-186
39337,-349.5,315.75,-155.25
39372,-352.5,324.75,-109.5
39407,-353.25,306.75,-84.75
39442,-346.5,312,-60.75
39477,-342.75,310.5,-41.25
39512,-341.25,305.25,-21.75
39547,-336,309.75,-3
39582,-331.5,314.25,5.25
39617,-333,312,19.5
39652,-327.75,312.75,28.5
39687,-318.75,317.25,47.25
39722,-309.75,313.5,61.5
39757,-294.75,313.5,77.25
39792,-291.75,315,89.25
39827,-279,318,103.5
39862,-273,320.25,115.5
39897,-263.25,322.5,123
39933,-249,317.25,138.75
39968,-243,312.75,149.25
40003,-233.25,320.25,156.75
40038,-228.75,316.5,170.25
40073,-214.5,318.75,174.75
40108,-204,321,181.5
40143,-189.75,318.75,193.5
40178,-191.25,317.25,198.75
40213,-177,327.75,201.75
40248,-169.5,316.5,213
40283,-164.25,326.25,210.75
40318,-144,319.5,217.5
40353,-135.75,321.75,222.75
40388,-126.75,327,233.25
40423,-122.25,324.75,239.25
40458,-122.25,318.75,234.75
40493,-105,321.75,239.25
40528,-105.75,318.75,243.75
40563,-98.25,315,250.5
40599,-86.25,315.75,251.25
40634,-76.5,315.75,255.75
40669,-75.75,321,258
40704,-74.25,315.75,255.75
40739,-68.25,320.25,252
40774,-69,321,253.5
40809,-53.25,322.5,259.5
40844,-52.5,320.25,259.5
40879,-36.75,319.5,264
40914,-32.25,326.25,264
40949,-29.25,328.5,262.5
40984,-19.5,330,266.25
41019,-16.5,335.25,264
41054,-8.25,326.25,264
41089,-6,325.5,258.75
41124,7.5,319.5,267.75
41159,8.25,323.25,267
41194,17.25,315.75,279.75
41229,30.75,307.5,283.5
41265,26.25,310.5,282.75
41300,35.25,310.5,279.75
41335,36,305.25,281.25
41370,35.25,306,282.75
41405,33,309,281.25
41440,45,303.75,286.5
41475,50.25,303,281.25
41510,51,308.25,282.75
41545,55.5,309.75,280.5
41580,60.75,312.75,280.5
41615,67.5,312.75,276.75
41650,57,315,283.5
41685,65.25,315.75,274.5
41720,66,311.25,283.5
41755,78,302.25,286.5
41790,72.75,293.25,286.5
41825,75,297.75,287.25
41860,79.5,306,283.5
41895,75,303.75,282.75
41931,81,311.25,273
41966,87.75,320.25,274.5
42001,85.5,318,272.25
42036,93.75,324,270
42071,92.25,321,277.5
42106,98.25,323.25,265.5
42141,99,329.25,269.25
42176,96,327.75,264
42211,97.5,333,262.5
42246,96.75,328.5,261.75
42281,98.25,328.5,259.5
42316,97.5,339.75,263.25
42351,96.75,331.5,258.75
42386,95.25,336.75,264.75
42421,97.5,335.25,261.75
42456,96.75,332.25,264
42491,96.75,336,264
42526,97.5,334.5,256.5
42561,103.5,339.75,260.25
42596,103.5,341.25,254.25
42632,105.75,339,255.75
42667,120.75,339.75,251.25
42702,128.25,339.75,251.25
42737,135,348.75,251.25
42772,147.75,346.5,243
42807,165.75,351.75,233.25
42842,178.5,348,231.75
42877,191.25,351.75,228.75
42912,198.75,353.25,222.75
42947,207,354,214.5
42982,228.75,354.75,204.75
43017,239.25,353.25,196.5
43052,249.75,357.75,186.75
43087,256.5,354,180.75
43122,264.75,365.25,177.75
43157,273,351.75,179.25
43192,274.5,351,168.75
43227,285,351.75,165
43262,285,354,158.25
43298,294.75,353.25,156
43333,306,354.75,149.25
43368,311.25,361.5,144.75
43403,321,353.25,131.25
43438,323.25,354,118.5
43473,328.5,362.25,108
43508,341.25,362.25,88.5
43543,356.25,361.5,73.5
43578,367.5,354.75,64.5
43613,371.25,354.75,54.75
43648,378,353.25,41.25
43683,383.25,359.25,33.75
43718,382.5,360,24
43753,383.25,359.25,17.25
43788,386.25,366.75,7.5
43823,390,357,11.25
43858,390.75,364.5,-12.75
43893,393,368.25,-23.25
43928,404.25,360,-46.5
43964,402,363.75,-64.5
43999,405.75,366.75,-108
44034,403.5,370.5,-144
44069,402,373.5,-170.25
44104,399.75,366.75,-184.5
44139,396.75,370.5,-202.5
44174,387.75,370.5,-219.75
44209,384,375.75,-229.5
44244,384.75,372,-244.5
44279,386.25,375,-254.25
44314,381.75,368.25,-265.5
44349,377.25,365.25,-272.25
44384,373.5,363,-297.75
44419,366,354,-313.5
44454,359.25,348,-327.75
44489,353.25,339.75,-341.25
44524,353.25,343.5,-357
44559,351,334.5,-360
44594,342.75,336,-375.75
44630,333.75,333,-393.75
44665,318,334.5,-402
44700,300.75,336,-420.75
44735,290.25,327.75,-435.75
44770,283.5,331.5,-437.25
44805,272.25,327,-450.75
44840,272.25,320.25,-460.5
44875,257.25,318.75,-468.75
44910,249,307.5,-480
44945,243.75,307.5,-483.75
44980,231,309.75,-492.75
45015,212.25,306.75,-505.5
45050,195,306.75,-507
45085,185.25,305.25,-517.5
45120,171,310.5,-516.75
45155,150,300,-528.75
45190,135.75,303,-525.75
45225,132.75,301.5,-526.5
45260,124.5,297.75,-532.5
45296,116.25,299.25,-536.25
45331,104.25,297.75,-543
45366,95.25,288,-546.75
45401,85.5,281.25,-551.25
45436,71.25,271.5,-554.25
45471,60.75,269.25,-560.25
45506,44.25,252.75,-561.75
45541,46.5,244.5,-568.5
45576,43.5,243.75,-570.75
45611,25.5,246.75,-567.75
45646,19.5,237.75,-566.25
45681,1.5,243,-568.5
45716,-12,236.25,-572.25
45751,-18.75,234.75,-568.5
45786,-33.75,243,-564.75
45821,-39.75,249,-560.25
45856,-39,248.25,-564
45891,-45,249.75,-559.5
45926,-48,249,-555
45962,-61.5,252,-549.75
45997,-78,245.25,-550.5
46032,-98.25,243.75,-546.75
46067,-90.75,252,-546.75
46102,-106.5,250.5,-534.75
46137,-105,250.5,-534
46172,-117.75,255,-529.5
46207,-128.25,256.5,-529.5
46242,-126.75,255,-529.5
46277,-126.75,258,-523.5
46312,-133.5,261,-522
46347,-135,263.25,-519
46382,-150.75,268.5,-505.5
46417,-167.25,275.25,-491.25
46452,-189.75,269.25,-483.75
46487,-192,273.75,-476.25
46522,-207.75,270,-462
46557,-217.5,274.5,-456.75
46592,-225.75,277.5,-450
46627,-238.5,273,-441
46663,-248.25,285,-423
46698,-250.5,286.5,-415.5
46733,-258,280.5,-408.75
46768,-271.5,278.25,-397.5
46803,-285,274.5,-382.5
46838,-299.25,272.25,-369
46873,-304.5,264,-368.25
46908,-317.25,260.25,-356.25
46943,-323.25,252.75,-340.5
46978,-327,249,-332.25
47013,-336,245.25,-318.75
47048,-350.25,232.5,-313.5
47083,-355.5,224.25,-293.25
47118,-369,227.25,-268.5
47153,-374.25,226.5,-243
47188,-381.75,236.25,-231
47223,-380.25,243.75,-205.5
47258,-381.75,237.75,-185.25
47293,-380.25,240.75,-171
47329,-377.25,245.25,-165.75
47364,-380.25,253.5,-132.75
47399,-379.5,254.25,-102
47434,-378.75,255.75,-90.75
47469,-381.75,250.5,-79.5
47504,-378.75,249.75,-33.75
47539,-372,242.25,-13.5
47574,-368.25,239.25,7.5
47609,-363.75,232.5,36
47644,-355.5,234,51
47679,-356.25,233.25,62.25
47714,-348.75,231.75,65.25
47749,-348.75,235.5,74.25
47784,-348.75,224.25,79.5
47819,-334.5,219.75,98.25
47854,-333,221.25,101.25
47889,-334.5,220.5,111
47924,-325.5,210,120.75
47959,-306,213.75,138.75
47995,-299.25,207.75,156.75
48030,-287.25,195,177.75
48065,-273.75,188.25,192.75
48100,-254.25,172.5,211.5
48135,-246,171,228.75
48170,-231.75,167.25,240.75
48205,-219.75,162.75,254.25
48240,-197.25,144.75,269.25
48275,-169.5,136.5,285.75
48310,-157.5,126.75,291.75
48345,-129.75,117,309
48380,-100.5,118.5,318.75
48415,-74.25,117,330
48450,-45,111.75,333.75
48485,-15,108.75,340.5
48520,15.75,99.75,345
48555,69,96.75,345
48590,97.5,93,346.5
48625,114.75,86.25,341.25
48661,137.25,86.25,344.25
48696,155.25,88.5,337.5
48731,162,84.75,336.75
48766,182.25,95.25,330
48801,192.75,93.75,325.5
48836,200.25,104.25,324
48871,219.75,97.5,323.25
48906,230.25,102.75,314.25
48941,248.25,108.75,296.25
48976,259.5,113.25,296.25
49011,265.5,114.75,291.75
49046,267.75,124.5,284.25
49081,267.75,123.75,291.75
49116,264.75,128.25,293.25
49151,255,129.75,296.25
49186,232.5,135.75,303.75
49221,206.25,132.75,319.5
49256,182.25,132.75,327
49292,152.25,132.75,327.75
49327,134.25,141,340.5
49362,108.75,143.25,343.5
49397,98.25,141.75,341.25
49432,73.5,141.75,344.25
49467,52.5,152.25,340.5
49502,38.25,154.5,342.75
49537,10.5,155.25,336.75
49572,-12,157.5,332.25
49607,-31.5,156.75,331.5
49642,-60.75,164.25,327
49677,-76.5,165.75,318.75
49712,-89.25,166.5,311.25
49747,-99.75,165,309
49782,-108,171.75,310.5
49817,-111.75,174,307.5
49852,-130.5,175.5,301.5
49887,-138.75,178.5,294
49922,-150.75,179.25,288
49958,-159.75,180,285
49993,-169.5,183,276.75
50028,-194.25,185.25,257.25
50063,-201.75,184.5,251.25
50098,-213,189.75,245.25
50133,-224.25,196.5,229.5
50168,-243,195.75,219.75
50203,-258,201,210.75
50238,-264,198.75,199.5
50273,-276,199.5,185.25
50308,-288.75,201.75,175.5
50343,-291.75,194.25,164.25
50378,-299.25,202.5,160.5
50413,-304.5,207.75,142.5
50448,-312.75,206.25,147.75
50483,-310.5,201.75,138
50518,-327.75,204,116.25
50553,-334.5,216,93.75
50588,-349.5,216.75,81.75
50624,-356.25,213,70.5
50659,-359.25,204,48
50694,-369,205.5,34.5
50729,-377.25,208.5,18.75
50764,-374.25,213,12
50799,-377.25,214.5,-1.5
50834,-378,220.5,-17.25
50869,-381.75,223.5,-29.25
50904,-386.25,228,-57.75
50939,-390.75,223.5,-93
50974,-390.75,231.75,-126.75
51009,-387.75,235.5,-160.5
51044,-384.75,234.75,-178.5
51079,-383.25,231,-188.25
51114,-377.25,237,-208.5
51149,-380.25,234,-234.75
51184,-375.75,234.75,-248.25
51219,-364.5,235.5,-264.75
51254,-365.25,231,-281.25
51290,-354,238.5,-299.25
51325,-356.25,236.25,-304.5
51360,-344.25,226.5,-317.25
51395,-344.25,229.5,-328.5
51430,-342,229.5,-333.75
51465,-336,220.5,-340.5
51500,-335.25,224.25,-348.75
51535,-328.5,213,-360.75
51570,-324.75,218.25,-363
51605,-322.5,216.75,-378
51640,-318,213.75,-384.75
51675,-305.25,218.25,-395.25
51710,-303,216.75,-403.5
51745,-299.25,207.75,-405.75
51780,-296.25,219.75,-412.5
51815,-288,211.5,-417.75
51850,-282,219,-426.75
51885,-275.25,223.5,-439.5
51920,-245.25,227.25,-459.75
51956,-233.25,229.5,-471.75
51991,-213,242.25,-480.75
52026,-195,249,-498
52061,-188.25,243,-505.5
52096,-173.25,236.25,-508.5
52131,-172.5,228.75,-515.25
52166,-165,234.75,-518.25
52201,-160.5,233.25,-526.5
52236,-159,235.5,-522
52271,-151.5,223.5,-525
52306,-145.5,219,-534.75
52341,-131.25,216,-538.5
52376,-122.25,223.5,-545.25
52411,-102.75,222,-552.75
52446,-80.25,228,-555.75
52481,-66,236.25,-562.5
52516,-50.25,234.75,-563.25
52551,-33,244.5,-566.25
52586,-30,242.25,-567
52621,-18,243,-564.75
52657,-6,239.25,-570
52692,-2.25,246,-571.5
52727,15,237,-571.5
52762,18,242.25,-573
52797,22.5,242.25,-567
52832,32.25,241.5,-568.5
52867,32.25,240.75,-573
52902,40.5,237,-570.75
52937,44.25,247.5,-572.25
52972,61.5,249.75,-570.75
53007,75,260.25,-564
53042,85.5,269.25,-552.75
53077,99,283.5,-555
53112,99.75,288,-549
53147,105,291.75,-544.5
53182,112.5,287.25,-546
53217,115.5,291.75,-546.75
53252,117,283.5,-549.75
53287,119.25,281.25,-541.5
53323,113.25,282,-544.5
53358,117,282,-549
53393,126,279,-547.5
53428,129,277.5,-547.5
53463,130.5,281.25,-546
53498,138.75,276,-545.25
53533,135.75,268.5,-546.75
53568,149.25,263.25,-549.75
53603,160.5,270,-546.75
53638,162,263.25,-548.25
53673,168.75,258,-551.25
53708,171,256.5,-549
53743,181.5,255.75,-551.25
53778,188.25,255,-543.75
53813,190.5,257.25,-548.25
53848,187.5,255.75,-541.5
53883,198.75,251.25,-540.75
53918,202.5,249.75,-540.75
53953,214.5,258,-531
53988,215.25,260.25,-530.25
54024,224.25,260.25,-525
54059,228.75,263.25,-523.5
54094,240.75,269.25,-511.5
54129,261.75,270.75,-507
54164,273.75,268.5,-492
54199,285,267.75,-481.5
54234,284.25,267,-485.25
54269,296.25,265.5,-486
54304,299.25,262.5,-486
54339,301.5,261.75,-476.25
54374,309.75,268.5,-474
54409,312.75,266.25,-468.75
54444,315.75,265.5,-464.25
54479,323.25,261,-453
54514,333.75,264,-448.5
54549,343.5,283.5,-440.25
54584,344.25,270,-425.25
54619,350.25,277.5,-423
54655,362.25,269.25,-417
54690,366,275.25,-409.5
54725,368.25,270.75,-405.75
54760,374.25,269.25,-392.25
54795,387.75,266.25,-387
54830,384.75,264,-386.25
54865,393.75,261,-376.5
54900,396.75,266.25,-371.25
54935,403.5,257.25,-367.5
54970,405.75,259.5,-358.5
55005,411,258.75,-352.5
55040,407.25,267,-355.5
55075,421.5,260.25,-335.25
55110,428.25,265.5,-331.5
55145,427.5,257.25,-321
55180,437.25,251.25,-318.75
55215,435.75,250.5,-318
55250,441.75,249.75,-303
55285,450.75,250.5,-288.75
55320,456.75,246,-277.5
55356,455.25,246.75,-270.75
55391,465.75,247.5,-252.75
55426,471,235.5,-241.5
55461,475.5,244.5,-211.5
55496,480.75,234,-195
55531,483,236.25,-184.5
55566,492,234.75,-161.25
55601,490.5,234,-123.75
55636,488.25,238.5,-102.75
55671,484.5,240.75,-71.25
55706,476.25,244.5,-53.25
55741,474.75,244.5,-32.25
55776,477,244.5,-24
55811,468.75,240,-9.75
55846,468.75,246,10.5
55881,467.25,234,26.25
55916,463.5,229.5,38.25
55951,461.25,230.25,48
55986,460.5,223.5,57
56022,454.5,219.75,66
56057,445.5,219.75,78
56092,444.75,227.25,77.25
56127,439.5,228,83.25
56162,437.25,227.25,87
56197,442.5,228,84
56232,432.75,234,75.75
56267,429.75,246.75,89.25
56302,429,258,88.5
56337,437.25,244.5,81
56372,443.25,228,87
56407,439.5,216.75,95.25
56442,426,225.75,99.75
56477,415.5,240,108
56512,402,252.75,121.5
56547,392.25,268.5,128.25
56582,382.5,279.75,132
56617,382.5,283.5,129
56652,380.25,292.5,122.25
56688,373.5,318,99
56723,368.25,330.75,92.25
56758,372,333,93.75
56793,365.25,323.25,106.5
56828,365.25,311.25,122.25
56863,360,305.25,128.25
56898,359.25,308.25,131.25
56933,351.75,320.25,126
56968,349.5,319.5,134.25
57003,352.5,329.25,132
57038,345.75,332.25,138.75
57073,334.5,331.5,141
57108,330.75,330,148.5
57143,324.75,335.25,153
57178,316.5,333.75,156.75
57213,299.25,323.25,183
57248,293.25,318,193.5
57283,285.75,315.75,199.5
57318,271.5,319.5,196.5
57353,272.25,321.75,204.75
57389,264,326.25,201.75
57424,260.25,321,214.5
57459,251.25,300.75,231.75
57494,250.5,295.5,236.25
57529,252.75,276,243
57564,258,273.75,250.5
57599,256.5,268.5,245.25
57634,255.75,271.5,249
57669,249.75,261.75,253.5
57704,244.5,253.5,264.75
57739,250.5,243,263.25
57774,253.5,242.25,270.75
57809,248.25,234,269.25
57844,241.5,234,272.25
57879,235.5,226.5,272.25
57914,234,225,282
57949,217.5,220.5,292.5
57984,201.75,212.25,297.75
58019,192.75,211.5,304.5
58055,181.5,208.5,310.5
58090,181.5,209.25,309
58125,169.5,195,312.75
58160,160.5,192,316.5
58195,157.5,190.5,320.25
58230,144.75,186,322.5
58265,140.25,189,324.75
58300,138.75,189.75,323.25
58335,129.75,189.75,323.25
58370,118.5,194.25,330.75
58405,103.5,195,330
58440,105,206.25,329.25
58475,91.5,195,327.75
58510,87.75,198,327.75
58545,83.25,193.5,329.25
58580,70.5,198,332.25
58615,53.25,195.75,334.5
58650,46.5,198,327
58685,30.75,199.5,330.75
58721,18.75,197.25,325.5
58756,2.25,195.75,318.75
58791,-18.75,199.5,322.5
58826,-31.5,202.5,315.75
58861,-66,198,312
58896,-82.5,193.5,308.25
58931,-96.75,192,306
58966,-122.25,192.75,297.75
59001,-136.5,192.75,291.75
59036,-168,204.75,273
59071,-195.75,195.75,262.5
59106,-204.75,177.75,249
59141,-214.5,177.75,249
59176,-239.25,166.5,234
59211,-259.5,174.75,204.75
59246,-284.25,177.75,187.5
59281,-294,178.5,171
59316,-309.75,173.25,150.75
59351,-325.5,173.25,135.75
59386,-330.75,177.75,120
59422,-352.5,181.5,99
59457,-356.25,183,75
59492,-368.25,180,57.75
59527,-368.25,180.75,49.5
59562,-373.5,182.25,25.5
59597,-384.75,181.5,7.5
59632,-387.75,188.25,-7.5
59667,-387,192,-30.75
59702,-393.75,191.25,-62.25
59737,-396,199.5,-96
59772,-402,207.75,-137.25
59807,-393.75,207,-176.25
59842,-393,210.75,-212.25
59877,-389.25,202.5,-236.25
59912,-375.75,207.75,-252.75
59947,-372,198,-282
59982,-358.5,199.5,-308.25
60017,-358.5,201.75,-327
60052,-344.25,198,-345.75
60088,-339,201,-360
60123,-333,195.75,-367.5
60158,-322.5,197.25,-371.25
60193,-312.75,201.75,-392.25
60228,-303.75,208.5,-406.5
60263,-294,210,-406.5
60298,-285.75,208.5,-430.5
60333,-288,198,-429.75
60368,-282,195.75,-434.25
60403,-264,192.75,-448.5
60438,-255.75,195,-465
60473,-243.75,200.25,-471.75
60508,-240.75,201.75,-476.25
60543,-234,198,-480
60578,-228,204,-478.5
60613,-222.75,206.25,-486
60648,-224.25,213.75,-491.25
60683,-220.5,216,-488.25
60718,-208.5,219.75,-499.5
60754,-204,222.75,-498
60789,-201.75,222,-498.75
60824,-194.25,225,-499.5
60859,-183,229.5,-504.75
60894,-187.5,228.75,-503.25
60929,-181.5,225,-503.25
60964,-179.25,229.5,-510.75
60999,-174,222.75,-517.5
61034,-171.75,222,-516
61069,-169.5,223.5,-523.5
61104,-164.25,228,-522
61139,-165,227.25,-524.25
61174,-159.75,232.5,-523.5
61209,-140.25,234.75,-528
61244,-132,235.5,-528
61279,-122.25,251.25,-538.5
61314,-111,258.75,-537
61349,-108.75,254.25,-534.75
61384,-96,257.25,-546.75
61419,-93,260.25,-539.25
61455,-84,255,-539.25
61490,-78,263.25,-542.25
61525,-66,265.5,-547.5
61560,-56.25,276,-544.5
61595,-41.25,280.5,-542.25
61630,-33.75,281.25,-539.25
61665,-20.25,288,-543
61700,-12.75,293.25,-545.25
61735,-5.25,288.75,-539.25
61770,3.75,298.5,-540.75
61805,11.25,303.75,-538.5
61840,22.5,300.75,-540
61875,24,309,-535.5
61910,40.5,315,-535.5
61945,44.25,333.75,-522
61980,54.75,336,-526.5
62015,57,336.75,-517.5
62050,54.75,336.75,-514.5
62085,65.25,336.75,-516
62121,66.75,334.5,-518.25
62156,72,336,-518.25
62191,74.25,321,-524.25
62226,82.5,322.5,-527.25
62261,83.25,314.25,-531
62296,90,314.25,-532.5
62331,86.25,302.25,-537.75
62366,82.5,304.5,-543.75
62401,73.5,301.5,-544.5
62436,70.5,302.25,-531
62471,63,303,-538.5
62506,57,306,-540
62541,61.5,294,-546
62576,63.75,279.75,-551.25
62611,62.25,273.75,-561.75
62646,70.5,270.75,-556.5
62681,73.5,264.75,-556.5
62716,78,264,-555.75
62751,84.75,261,-561.75
62787,90.75,267,-564.75
62822,96,273,-558.75
62857,99.75,266.25,-552.75
62892,98.25,260.25,-561.75
62927,102.75,257.25,-564
62962,109.5,250.5,-565.5
62997,114.75,249,-563.25
63032,112.5,240,-567.75
63067,117.75,252,-568.5
63102,105.75,252.75,-567
63137,99,242.25,-567.75
63172,102.75,241.5,-564.75
63207,99.75,247.5,-570.75
63242,108,241.5,-567
63277,96.75,240,-570.75
63312,98.25,235.5,-579
63347,84,234,-577.5
63382,90,230.25,-570.75
63417,79.5,225,-577.5
63452,72,225,-578.25
63488,72.75,217.5,-585
63523,78.75,207.75,-588
63558,70.5,211.5,-586.5
63593,72,204.75,-585
63628,69.75,200.25,-584.25
63663,68.25,192,-593.25
63698,76.5,184.5,-588
63733,86.25,186,-594.75
63768,100.5,174,-588.75
63803,103.5,155.25,-599.25
63838,111,147,-600
63873,130.5,145.5,-590.25
63908,152.25,135,-586.5
63943,160.5,124.5,-592.5
63978,189,111,-588
64013,210.75,111,-573
64048,239.25,104.25,-570.75
64083,255,111.75,-556.5
64118,281.25,108.75,-542.25
64154,299.25,107.25,-536.25
64189,317.25,114,-522.75
64224,330.75,112.5,-504
64259,348,116.25,-498.75
64294,357.75,117,-484.5
64329,369.75,116.25,-476.25
64364,372,120,-471.75
64399,386.25,124.5,-458.25
64434,399.75,135,-436.5
64469,420.75,129,-417
64504,422.25,131.25,-402
64539,440.25,129,-389.25
64574,451.5,127.5,-378
64609,453.75,125.25,-362.25
64644,465.75,109.5,-357.75
64679,463.5,117.75,-342
64714,475.5,114.75,-311.25
64749,487.5,119.25,-296.25
64784,490.5,120,-283.5
64820,497.25,120.75,-279
64855,503.25,117,-259.5
64890,504,111,-243
64925,510.75,112.5,-226.5
64960,511.5,114,-206.25
64995,513,115.5,-192.75
65030,516.75,117,-182.25
65065,516.75,112.5,-172.5
65100,515.25,110.25,-165.75
65135,522.75,111.75,-140.25
65170,520.5,114.75,-129.75
65205,516.75,112.5,-115.5
65240,519.75,124.5,-105.75
65275,514.5,117,-93.75
65310,523.5,108.75,-87
65345,510,112.5,-78.75
65380,513.75,105.75,-70.5
65415,516.75,111,-65.25
65450,515.25,110.25,-69
65485,520.5,110.25,-81
65521,516,117,-99
65556,515.25,113.25,-120.75
65591,521.25,114.75,-142.5
65626,514.5,120.75,-156.75
65661,516.75,118.5,-168
65696,513,114.75,-171.75
65731,516,114,-175.5
65766,511.5,117.75,-210.75
65801,506.25,119.25,-255
65836,495,114,-292.5
65871,479.25,112.5,-328.5
65906,458.25,112.5,-372.75
65941,426.75,117,-413.25
65976,414,126,-423
66011,403.5,129,-441.75
66046,377.25,130.5,-468
66081,353.25,139.5,-489
66116,330,144,-508.5
66151,309.75,150,-514.5
66187,282.75,166.5,-528.75
66222,274.5,189.75,-528
66257,262.5,213.75,-531
66292,246.75,245.25,-521.25
66327,234,260.25,-516.75
66362,229.5,279,-516
66397,217.5,294.75,-509.25
66432,201,304.5,-513.75
66467,203.25,318.75,-505.5
66502,204.75,327.75,-491.25
66537,195,336.75,-483.75
66572,199.5,346.5,-484.5
66607,199.5,357.75,-474
66642,194.25,366.75,-454.5
66677,198.75,375,-449.25
66712,195.75,377.25,-448.5
66747,187.5,381.75,-453
66782,172.5,387,-456.75
66817,174,379.5,-452.25
66853,179.25,383.25,-454.5
66888,178.5,393.75,-445.5
66923,191.25,399.75,-431.25
66958,188.25,405.75,-433.5
66993,192,409.5,-426
67028,198.75,411.75,-410.25
67063,210,418.5,-404.25
67098,208.5,423.75,-398.25
67133,204.75,418.5,-398.25
67168,210,414.75,-396
67203,200.25,420,-400.5
67238,202.5,407.25,-405.75
67273,191.25,420,-405
67308,185.25,420.75,-410.25
67343,194.25,421.5,-403.5
67378,183,423,-412.5
67413,168.75,419.25,-423
67448,152.25,413.25,-440.25
67483,135,391.5,-453.75
67519,109.5,375.75,-480
67554,90,357,-506.25
67589,69.75,331.5,-530.25
67624,56.25,308.25,-537.75
67659,39.75,288,-553.5
67694,1.5,265.5,-557.25
67729,-18.75,245.25,-561.75
67764,-46.5,239.25,-562.5
67799,-63,234.75,-557.25
67834,-92.25,222.75,-560.25
67869,-105.75,208.5,-554.25
67904,-118.5,203.25,-556.5
67939,-121.5,198.75,-555.75
67974,-124.5,195,-548.25
68009,-135,198.75,-549
68044,-137.25,197.25,-545.25
68079,-140.25,204.75,-543
68114,-143.25,205.5,-542.25
68149,-143.25,214.5,-545.25
68185,-143.25,217.5,-541.5
68220,-142.5,223.5,-540
68255,-148.5,232.5,-529.5
68290,-150.75,240.75,-524.25
68325,-158.25,240.75,-522.75
68360,-175.5,241.5,-510
68395,-189.75,246.75,-495
68430,-213.75,252,-474.75
68465,-221.25,262.5,-465.75
68500,-222.75,273,-462
68535,-231,279.75,-447
68570,-247.5,286.5,-421.5
68605,-258,294,-407.25
68640,-291,305.25,-351.75
68675,-310.5,323.25,-304.5
68710,-312.75,323.25,-277.5
68745,-326.25,334.5,-232.5
68780,-327,345.75,-192
68815,-321,354.75,-148.5
68851,-319.5,369,-117
68886,-320.25,372,-68.25
68921,-306,371.25,-45
68956,-298.5,373.5,-2.25
68991,-284.25,373.5,27.75
69026,-276,367.5,56.25
69061,-268.5,374.25,56.25
69096,-269.25,364.5,64.5
69131,-258.75,369.75,86.25
69166,-247.5,370.5,78.75
69201,-241.5,375.75,94.5
69236,-225,379.5,107.25
69271,-216.75,381.75,117
69306,-203.25,385.5,130.5
69341,-192,382.5,137.25
69376,-180,382.5,141.75
69411,-174,383.25,153.75
69446,-160.5,385.5,164.25
69481,-129.75,383.25,177
69517,-114.75,390,187.5
69552,-94.5,393.75,189.75
69587,-67.5,400.5,196.5
69622,-43.5,399.75,204
69657,-31.5,396.75,206.25
69692,-7.5,396.75,209.25
69727,15,401.25,209.25
69762,21,409.5,209.25
69797,35.25,404.25,204
69832,39.75,408.75,204
69867,48.75,411,195
69902,37.5,416.25,186.75
69937,39,431.25,186
69972,34.5,434.25,180
70007,46.5,425.25,190.5
70042,36.75,430.5,184.5
70077,17.25,426,183.75
70112,7.5,426,185.25
70147,7.5,420.75,180.75
70182,-3,424.5,183
70218,-15.75,421.5,186
70253,-19.5,408,192.75
70288,-30,414,198
70323,-36,408,200.25
70358,-42.75,399.75,207.75
70393,-49.5,381.75,221.25
70428,-52.5,366.75,237.75
70463,-52.5,351,243
70498,-51.75,346.5,252
70533,-48,339,255
70568,-49.5,342,261
70603,-57,344.25,250.5
70638,-55.5,348,252.75
70673,-63.75,350.25,243
70708,-61.5,349.5,246
70743,-60,350.25,243.75
70778,-50.25,344.25,248.25
70813,-54.75,339,250.5
70848,-60.75,333.75,247.5
70884,-61.5,343.5,248.25
70919,-60,361.5,244.5
70954,-63.75,372.75,223.5
70989,-70.5,387.75,211.5
71024,-63,402.75,198.75
71059,-68.25,416.25,186.75
71094,-69,416.25,175.5
71129,-63.75,438.75,158.25
71164,-59.25,448.5,144
71199,-57,456,135.75
71234,-48.75,460.5,131.25
71269,-47.25,461.25,122.25
71304,-36,480.75,111.75
71339,-36.75,486.75,97.5
71374,-34.5,499.5,72.75
71409,-29.25,492,63.75
71444,-37.5,503.25,62.25
71479,-33.75,500.25,51.75
71514,-42,511.5,39.75
71549,-40.5,519,33
71585,-33,522,23.25
71620,-40.5,507,24.75
71655,-23.25,516.75,29.25
71690,-19.5,516,18
71725,-12,529.5,-11.25
71760,-3,531.75,-42
71795,9.75,538.5,-58.5
71830,18.75,541.5,-80.25
71865,21,546.75,-99
71900,17.25,538.5,-123.75
71935,18.75,549,-147.75
71970,14.25,541.5,-181.5
72005,15.75,534.75,-216
72040,18.75,527.25,-237.75
72075,12,521.25,-260.25
72110,14.25,512.25,-270.75
72145,18,516.75,-267.75
72180,13.5,513.75,-267.75
72215,9.75,516.75,-264.75
72251,3.75,516.75,-268.5
72286,-3.75,510.75,-284.25
72321,-9.75,499.5,-306.75
72356,-13.5,503.25,-321.75
72391,-15,490.5,-341.25
72426,-14.25,480,-361.5
72461,-10.5,462.75,-378.75
72496,-18,449.25,-402
72531,-24.75,438,-417
72566,-31.5,424.5,-429
72601,-42.75,400.5,-448.5
72636,-50.25,390,-469.5
72671,-54.75,375.75,-474.75
72706,-63.75,358.5,-482.25
72741,-74.25,336.75,-495.75
72776,-90,322.5,-499.5
72811,-109.5,297,-510.75
72846,-116.25,258,-530.25
72881,-122.25,231,-535.5
72917,-136.5,198,-545.25
72952,-147,165.75,-545.25
72987,-162,150.75,-546.75
73022,-171.75,138.75,-541.5
73057,-174,129,-540.75
73092,-169.5,118.5,-541.5
73127,-170.25,96.75,-546
73162,-174.75,78,-544.5
73197,-180.75,59.25,-538.5
73232,-191.25,51.75,-538.5
73267,-185.25,37.5,-534
73302,-189,41.25,-535.5
73337,-190.5,40.5,-533.25
73372,-194.25,31.5,-534
73407,-192.75,31.5,-535.5
73442,-199.5,30,-528
73477,-198,27,-528.75
73512,-195,24.75,-516.75
73547,-203.25,25.5,-522
73582,-201.75,31.5,-522
73618,-208.5,20.25,-522
73653,-203.25,12.75,-516
73688,-207.75,18.75,-515.25
73723,-209.25,7.5,-509.25
73758,-213.75,3.75,-513.75
73793,-211.5,4.5,-513.75
73828,-217.5,1.5,-511.5
73863,-223.5,-9.75,-504.75
73898,-225.75,-13.5,-496.5
73933,-225,-15.75,-498
73968,-222.75,-33,-488.25
74003,-233.25,-42,-487.5
74038,-227.25,-51,-486
74073,-228.75,-57.75,-478.5
74108,-226.5,-66.75,-478.5
74143,-234.75,-81.75,-467.25
74178,-234.75,-91.5,-458.25
74213,-236.25,-92.25,-463.5
74248,-240.75,-95.25,-458.25
74284,-240.75,-100.5,-458.25
74319,-241.5,-107.25,-449.25
74354,-244.5,-114,-441
74389,-244.5,-112.5,-436.5
74424,-248.25,-121.5,-436.5
74459,-253.5,-126,-426
74494,-251.25,-122.25,-423
74529,-261.75,-126.75,-420.75
74564,-252.75,-130.5,-410.25
74599,-256.5,-135,-401.25
74634,-264.75,-145.5,-396
74669,-263.25,-146.25,-396
74704,-261.75,-152.25,-391.5
74739,-262.5,-150.75,-395.25
74774,-257.25,-154.5,-386.25
74809,-256.5,-163.5,-379.5
74844,-258,-153.75,-387.75
74879,-253.5,-160.5,-390
74914,-252,-168,-393
74950,-247.5,-168,-399
74985,-241.5,-171.75,-396
75020,-240,-177,-398.25
75055,-233.25,-182.25,-393.75
75090,-239.25,-184.5,-387
75125,-233.25,-192.75,-384.75
75160,-231.75,-194.25,-381
75195,-229.5,-198,-378.75
75230,-231.75,-189.75,-381.75
75265,-231,-189,-387.75
75300,-233.25,-197.25,-380.25
75335,-237.75,-201,-372
75370,-237.75,-202.5,-364.5
75405,-246.75,-202.5,-354.75
75440,-243.75,-210,-342.75
75475,-249,-216,-339.75
75510,-255.75,-219.75,-324.75
75545,-247.5,-221.25,-324.75
75580,-249.75,-219,-329.25
75616,-244.5,-225,-324
75651,-249,-230.25,-318
75686,-247.5,-233.25,-312
75721,-244.5,-239.25,-297
75756,-249.75,-241.5,-282.75
75791,-258.75,-243,-264
75826,-268.5,-249,-243
75861,-271.5,-248.25,-222.75
75896,-268.5,-248.25,-204.75
75931,-279,-256.5,-182.25
75966,-279,-255,-164.25
76001,-276,-252,-160.5
76036,-279.75,-249.75,-150.75
76071,-274.5,-244.5,-132
76106,-282.75,-249,-128.25
76141,-277.5,-250.5,-123.75
76176,-281.25,-248.25,-103.5
76211,-278.25,-249,-90.75
76246,-285,-246.75,-74.25
76282,-282.75,-243.75,-70.5
76317,-278.25,-245.25,-61.5
76352,-274.5,-245.25,-43.5
76387,-271.5,-243.75,-20.25
76422,-267.75,-240.75,5.25
76457,-269.25,-228,24.75
76492,-265.5,-225.75,32.25
76527,-258,-221.25,53.25
76562,-252,-219,69.75
76597,-255.75,-216,80.25
76632,-243,-212.25,102.75
76667,-231.75,-207,113.25
76702,-233.25,-195.75,126.75
76737,-225,-194.25,137.25
76772,-218.25,-188.25,156
76807,-206.25,-181.5,168.75
76842,-205.5,-166.5,184.5
76877,-202.5,-161.25,185.25
76912,-199.5,-154.5,201.75
76948,-187.5,-144,215.25
76983,-184.5,-133.5,219
77018,-177,-129,232.5
77053,-175.5,-118.5,237.75
77088,-166.5,-106.5,252.75
77123,-162.75,-93,258.75
77158,-153.75,-75.75,271.5
77193,-144,-63,279
77228,-140.25,-37.5,293.25
77263,-127.5,-12,300.75
77298,-126,20.25,311.25
77333,-120,36.75,306.75
77368,-117.75,53.25,315.75
77403,-113.25,79.5,315
77438,-116.25,96,321
77473,-117,117.75,315
77508,-111,141,311.25
77543,-108.75,162.75,309
77578,-107.25,171.75,307.5
77614,-101.25,192,302.25
77649,-99.75,198.75,305.25
77684,-104.25,213,302.25
77719,-107.25,220.5,293.25
77754,-104.25,231.75,288
77789,-106.5,250.5,285
77824,-111.75,279.75,270
77859,-108,296.25,258
77894,-117,312.75,252
77929,-114,336,240
77964,-120,354.75,228
77999,-115.5,362.25,211.5
78034,-115.5,360,212.25
78069,-107.25,363,211.5
78104,-105.75,366.75,215.25
78139,-108.75,370.5,207
78174,-111,378.75,204.75
78209,-115.5,380.25,198.75
78244,-114,380.25,197.25
78280,-110.25,381.75,193.5
78315,-111,388.5,185.25
78350,-115.5,404.25,178.5
78385,-104.25,419.25,160.5
78420,-108.75,420.75,161.25
78455,-104.25,429,144.75
78490,-99.75,435.75,127.5
78525,-93,460.5,106.5
78560,-93.75,468.75,102
78595,-94.5,476.25,84
78630,-84,483,66.75
78665,-78,491.25,53.25
78700,-75,504.75,42.75
78735,-66.75,510,17.25
78770,-57.75,516,0.75
78805,-57.75,513.75,0.75
78840,-55.5,521.25,-13.5
78875,-42,528.75,-35.25
78910,-34.5,533.25,-66.75
78946,-26.25,533.25,-79.5
78981,-17.25,537,-93
79016,-5.25,537.75,-103.5
79051,-3.75,539.25,-129
79086,-7.5,537,-144
79121,-10.5,531.75,-162.75
79156,-18,534.75,-184.5
79191,-16.5,529.5,-207
79226,-12.75,527.25,-204
79261,-18,528.75,-217.5
79296,-21,525,-236.25
79331,-28.5,519.75,-259.5
79366,-22.5,513.75,-264.75
79401,-24.75,516.75,-264.75
79436,-30,513,-273
79471,-27.75,505.5,-287.25
79506,-36.75,499.5,-312
79541,-36.75,489.75,-326.25
79576,-36,483.75,-335.25
79611,-32.25,477.75,-356.25
79647,-29.25,457.5,-374.25
79682,-31.5,453.75,-385.5
79717,-36,449.25,-396.75
79752,-29.25,435,-413.25
79787,-28.5,432.75,-428.25
79822,-33.75,416.25,-433.5
79857,-27,416.25,-438
79892,-21,412.5,-439.5
79927,-22.5,407.25,-450.75
79962,-19.5,406.5,-450
79997,-10.5,398.25,-459
80032,-19.5,399.75,-456.75
80067,-18.75,387,-465.75
80102,-26.25,379.5,-470.25
80137,-39,381,-467.25
80172,-45,376.5,-474
80207,-38.25,378,-480
80242,-39.75,372,-483
80277,-36.75,369.75,-486
80313,-47.25,371.25,-483.75
80348,-44.25,363.75,-481.5
80383,-51.75,360,-486
80418,-64.5,360.75,-482.25
80453,-72,360.75,-480
80488,-80.25,353.25,-481.5
80523,-90,354,-479.25
80558,-101.25,346.5,-470.25
80593,-111.75,357,-465
80628,-120,360.75,-465.75
80663,-108,358.5,-460.5
80698,-117,358.5,-462
80733,-113.25,360,-462
80768,-117.75,351,-459.75
80803,-114,353.25,-473.25
80838,-113.25,339,-474
80873,-115.5,336.75,-480
80908,-103.5,323.25,-487.5
80943,-108.75,319.5,-500.25
80979,-115.5,317.25,-501
81014,-116.25,312,-495.75
81049,-117.75,321.75,-494.25
81084,-108.75,319.5,-494.25
81119,-117,322.5,-486
81154,-105.75,326.25,-489
81189,-108,336,-483.75
81224,-112.5,334.5,-477
81259,-107.25,334.5,-483
81294,-112.5,336,-484.5
81329,-113.25,336,-486
81364,-112.5,335.25,-486.75
81399,-96,336.75,-493.5
81434,-93.75,333.75,-492
81469,-91.5,329.25,-492.75
81504,-93.75,324.75,-504
81539,-86.25,315,-506.25
81574,-87,306,-510.75
81609,-89.25,304.5,-516.75
81645,-87,293.25,-516.75
81680,-83.25,279,-531.75
81715,-78,272.25,-535.5
81750,-87,255.75,-538.5
81785,-83.25,248.25,-547.5
81820,-79.5,237,-548.25
81855,-75.75,232.5,-554.25
81890,-74.25,209.25,-562.5
81925,-78.75,185.25,-570
81960,-81,161.25,-574.5
81995,-87,132,-578.25
82030,-96.75,114.75,-577.5
82065,-102.75,78.75,-577.5
82100,-105,61.5,-573.75
82135,-114,44.25,-570
82170,-111,33.75,-571.5
82205,-121.5,22.5,-575.25
82240,-126.75,10.5,-562.5
82275,-127.5,-9,-560.25
82310,-132.75,-15.75,-557.25
82346,-135,-20.25,-556.5
82381,-141,-30.75,-559.5
82416,-141.75,-36.75,-545.25
82451,-149.25,-41.25,-542.25
82486,-165.75,-39,-534
82521,-177.75,-39.75,-521.25
82556,-191.25,-38.25,-517.5
82591,-196.5,-46.5,-501.75
82626,-213.75,-51,-497.25
82661,-217.5,-61.5,-483
82696,-223.5,-61.5,-483.75
82731,-225,-70.5,-483.75
82766,-226.5,-76.5,-477.75
82801,-221.25,-89.25,-474.75
82836,-236.25,-96.75,-462
82871,-228,-103.5,-456.75
82906,-228.75,-114.75,-456
82941,-220.5,-111.75,-466.5
82977,-223.5,-108,-465.75
83012,-222.75,-118.5,-462.75
83047,-220.5,-115.5,-458.25
83082,-224.25,-123.75,-452.25
83117,-229.5,-129,-445.5
83152,-230.25,-133.5,-438.75
83187,-228,-142.5,-433.5
83222,-234.75,-147,-423
83257,-240.75,-141,-425.25
83292,-242.25,-152.25,-409.5
83327,-246,-163.5,-401.25
83362,-237.75,-176.25,-396.75
83397,-240,-174.75,-395.25
83432,-240.75,-183.75,-387
83467,-240.75,-186.75,-373.5
83502,-240.75,-193.5,-363.75
83537,-248.25,-204,-361.5
83572,-250.5,-203.25,-354
83607,-252,-209.25,-339.75
83643,-257.25,-220.5,-323.25
83678,-258,-219.75,-313.5
83713,-265.5,-225.75,-294
83748,-271.5,-228.75,-276.75
83783,-275.25,-225,-251.25
83818,-285,-234.75,-207.75
83853,-281.25,-242.25,-169.5
83888,-291,-234.75,-143.25
83923,-297,-225.75,-109.5
83958,-304.5,-215.25,-78.75
83993,-303,-213,-57.75
84028,-306,-210.75,-36.75
84063,-294,-210,-12.75
84098,-300.75,-203.25,1.5
84133,-295.5,-201.75,13.5
84168,-288.75,-192.75,42
84203,-282.75,-181.5,60.75
84238,-279,-180.75,90
84273,-271.5,-174,105
84309,-257.25,-156.75,135.75
84344,-252.75,-144,151.5
84379,-244.5,-122.25,174
84414,-228.75,-107.25,197.25
84449,-223.5,-83.25,218.25
84484,-216,-64.5,242.25
84519,-201.75,-47.25,252
84554,-191.25,-31.5,263.25
84589,-175.5,-6,278.25
84624,-163.5,12.75,287.25
84659,-148.5,24.75,294
84694,-136.5,48,306.75
84729,-135.75,69.75,313.5
84764,-132,80.25,312
84799,-121.5,96,312
84834,-117,108.75,313.5
84869,-107.25,113.25,315
84904,-111,129.75,316.5
84939,-109.5,135,318.75
84975,-105,140.25,320.25
85010,-101.25,149.25,309
85045,-96,168,315.75
85080,-90,170.25,312
85115,-96,168.75,315
85150,-87,180,312.75
85185,-93,193.5,303.75
85220,-113.25,207.75,294
85255,-114.75,225,292.5
85290,-114.75,224.25,285.75
85325,-117,242.25,279
85360,-120.75,255,270.75
85395,-128.25,281.25,261.75
85430,-135.75,295.5,246
85465,-130.5,309,236.25
85500,-134.25,319.5,224.25
85535,-135,336.75,217.5
85570,-123,351,213.75
85605,-128.25,366,198
85640,-133.5,373.5,186.75
85676,-144.75,393.75,173.25
85711,-130.5,393.75,164.25
85746,-131.25,398.25,165.75
85781,-131.25,398.25,172.5
85816,-128.25,390.75,185.25
85851,-122.25,379.5,192
85886,-125.25,386.25,192.75
85921,-123.75,382.5,196.5
85956,-117,386.25,198
85991,-116.25,379.5,192
86026,-119.25,385.5,192
86061,-109.5,385.5,191.25
86096,-109.5,382.5,195.75
86131,-104.25,380.25,195
86166,-105.75,382.5,198.75
86201,-105,382.5,196.5
86236,-104.25,381.75,203.25
86271,-108.75,378,195.75
86307,-117.75,395.25,186.75
86342,-110.25,396,181.5
86377,-102.75,388.5,192
86412,-96,393.75,190.5
86447,-93.75,398.25,185.25
86482,-81,400.5,193.5
86517,-81.75,397.5,192.75
86552,-69,408.75,197.25
86587,-65.25,407.25,192
86622,-75,402.75,192.75
86657,-73.5,409.5,189
86692,-80.25,415.5,172.5
86727,-89.25,425.25,162
86762,-85.5,427.5,158.25
86797,-90,426.75,154.5
86832,-90,432.75,156.75
86867,-94.5,434.25,153
86902,-96,433.5,148.5
86937,-98.25,435.75,137.25
86972,-98.25,442.5,132
87008,-93,443.25,129
87043,-96.75,448.5,123.75
87078,-99.75,456.75,113.25
87113,-94.5,468.75,100.5
87148,-102,469.5,90.75
87183,-96.75,480,69
87218,-95.25,481.5,56.25
87253,-91.5,492,39
87288,-103.5,495,23.25
87323,-96,501.75,11.25
87358,-96,505.5,-5.25
87393,-92.25,506.25,-6
87428,-93.75,511.5,-19.5
87463,-99.75,515.25,-20.25
87498,-98.25,518.25,-46.5
87533,-108,525,-74.25
87568,-101.25,523.5,-105
87603,-102,519,-142.5
87638,-104.25,517.5,-172.5
87674,-105,514.5,-212.25
87709,-113.25,504.75,-243
87744,-113.25,499.5,-279
87779,-125.25,485.25,-300
87814,-130.5,456.75,-325.5
87849,-135.75,450,-349.5
87884,-135,429,-372
87919,-144,409.5,-384
87954,-142.5,406.5,-399
87989,-142.5,396.75,-414
88024,-144,384,-419.25
88059,-150,376.5,-426.75
88094,-146.25,361.5,-436.5
88129,-145.5,348.75,-450.75
88164,-152.25,340.5,-459
88199,-144,347.25,-461.25
88234,-137.25,338.25,-462.75
88269,-134.25,327.75,-477
88304,-136.5,318,-483.75
88340,-135.75,303.75,-497.25
88375,-132,281.25,-509.25
88410,-129.75,268.5,-513.75
88445,-120.75,258,-529.5
88480,-112.5,260.25,-526.5
88515,-114.75,256.5,-534
88550,-96,249.75,-541.5
88585,-84,248.25,-548.25
88620,-74.25,232.5,-558.75
88655,-70.5,234.75,-560.25
88690,-60,217.5,-564
88725,-54,193.5,-576.75
88760,-53.25,163.5,-585
88795,-58.5,156.75,-588
88830,-54,153.75,-591.75
88865,-51,147.75,-585
88900,-41.25,156.75,-596.25
88935,-21.75,173.25,-588.75
88970,-7.5,180.75,-588
89006,13.5,185.25,-593.25
89041,21,197.25,-588.75
89076,30.75,208.5,-584.25
89111,54.75,226.5,-574.5
89146,63.75,243,-572.25
89181,89.25,255,-563.25
89216,91.5,272.25,-552
89251,102.75,293.25,-548.25
89286,116.25,305.25,-530.25
89321,130.5,323.25,-523.5
89356,147,336.75,-511.5
89391,156,338.25,-504
89426,177.75,340.5,-495.75
89461,192.75,339.75,-487.5
89496,209.25,345,-481.5
89531,217.5,358.5,-461.25
89566,230.25,366.75,-440.25
89601,243,378.75,-428.25
89636,250.5,387.75,-402
89672,263.25,386.25,-396.75
89707,279.75,392.25,-377.25
89742,296.25,390.75,-366
89777,314.25,381,-344.25
89812,335.25,396,-318
89847,358.5,382.5,-288
89882,374.25,372,-258.75
89917,390.75,363.75,-232.5
89952,412.5,358.5,-211.5
89987,420.75,348.75,-195
90022,418.5,346.5,-165.75
90057,426.75,341.25,-150.75
90092,429,342,-121.5
90127,429.75,339.75,-94.5
90162,434.25,336.75,-86.25
90197,432,336.75,-61.5
90232,434.25,324.75,-36
90267,429.75,316.5,-15.75
90302,425.25,312.75,6.75
90337,422.25,317.25,18.75
90373,419.25,310.5,42
90408,412.5,310.5,49.5
90443,411,312.75,57.75
90478,395.25,312.75,75.75
90513,385.5,309,97.5
90548,378,312,114
90583,364.5,310.5,128.25
90618,339.75,314.25,156
90653,326.25,314.25,171
90688,308.25,306.75,197.25
90723,284.25,300.75,217.5
90758,261,281.25,240
90793,232.5,267,267
90828,202.5,243,284.25
90863,176.25,213,306
90898,140.25,180,327.75
90933,118.5,157.5,333
90968,110.25,137.25,345
91003,88.5,124.5,346.5
91039,67.5,93,349.5
91074,56.25,73.5,348
91109,50.25,62.25,351
91144,47.25,46.5,353.25
91179,38.25,38.25,345.75
91214,27,21,348
91249,17.25,12.75,347.25
91284,6,-3.75,344.25
91319,-9.75,-26.25,328.5
91354,-23.25,-48.75,326.25
91389,-45.75,-72,311.25
91424,-66,-87,300
91459,-87.75,-106.5,279
91494,-102,-128.25,266.25
91529,-116.25,-137.25,258.75
91564,-129.75,-150,248.25
91599,-126.75,-148.5,237.75
91634,-131.25,-150.75,245.25
91669,-141,-159.75,237
91705,-144.75,-166.5,225
91740,-144.75,-169.5,215.25
91775,-153,-172.5,220.5
91810,-154.5,-177.75,216
91845,-156.75,-179.25,213
91880,-159.75,-182.25,207
91915,-156.75,-189.75,196.5
91950,-160.5,-190.5,198.75
91985,-168,-189.75,198.75
92020,-161.25,-196.5,196.5
92055,-167.25,-190.5,195
92090,-163.5,-185.25,204
92125,-155.25,-177,210.75
92160,-163.5,-166.5,219.75
92195,-168,-162.75,223.5
92230,-154.5,-150,228.75
92265,-157.5,-141,234.75
92300,-154.5,-133.5,242.25
92335,-152.25,-135.75,243.75
92371,-144,-137.25,246
92406,-134.25,-139.5,250.5
92441,-126,-144,254.25
92476,-123.75,-154.5,247.5
92511,-120,-159,246
92546,-119.25,-159.75,246
92581,-117,-164.25,240
92616,-109.5,-181.5,234.75
92651,-99,-204.75,227.25
92686,-78.75,-225,209.25
92721,-52.5,-246.75,192.75
92756,-31.5,-273.75,183.75
92791,-14.25,-285,166.5
92826,8.25,-312.75,150
92861,-7.5,-324.75,122.25
92896,-3.75,-332.25,102
92931,-6,-342,87.75
92966,7.5,-354.75,63.75
93001,11.25,-368.25,40.5
93036,12,-380.25,8.25
93072,9.75,-387,-27
93107,6.75,-392.25,-54.75
93142,8.25,-396.75,-88.5
93177,18.75,-396,-140.25
93212,22.5,-396.75,-182.25
93247,15.75,-396,-209.25
93282,7.5,-390.75,-222.75
93317,1.5,-378,-248.25
93352,3,-377.25,-279.75
93387,-0.75,-363,-309.75
93422,1.5,-354.75,-332.25
93457,4.5,-340.5,-352.5
93492,4.5,-340.5,-358.5
93527,10.5,-331.5,-369
93562,9,-327.75,-382.5
93597,14.25,-317.25,-396
93632,23.25,-305.25,-417.75
93667,26.25,-301.5,-427.5
93702,28.5,-291.75,-432.75
93738,39,-286.5,-444
93773,48.75,-283.5,-451.5
93808,44.25,-259.5,-466.5
93843,46.5,-258.75,-468.75
93878,48,-261,-470.25
93913,45.75,-249.75,-481.5
93948,49.5,-243,-493.5
93983,48,-231,-498.75
94018,48,-224.25,-512.25
94053,47.25,-207.75,-518.25
94088,54.75,-187.5,-531.75
94123,57,-163.5,-546.75
94158,55.5,-132,-562.5
94193,59.25,-94.5,-577.5
94228,48,-75.75,-586.5
94263,36.75,-72,-589.5
94298,57,-60,-591.75
94333,59.25,-52.5,-585
94368,61.5,-33,-595.5
94404,57.75,-32.25,-594
94439,57,-24,-600
94474,52.5,-26.25,-594.75
94509,39.75,-5.25,-596.25
94544,30,2.25,-600.75
94579,30,13.5,-604.5
94614,22.5,27.75,-602.25
94649,15.75,43.5,-606.75
94684,15.75,69,-601.5
94719,12,80.25,-606
94754,12,101.25,-600
94789,8.25,117,-599.25
94824,5.25,126,-597.75
94859,5.25,125.25,-605.25
94894,3.75,126,-606
94929,-3,138.75,-598.5
94964,-12.75,138.75,-596.25
94999,-12,144.75,-592.5
95034,-24.75,136.5,-592.5
95070,-29.25,135.75,-589.5
95105,-27.75,141.75,-597
95140,-32.25,150,-588.75
95175,-24.75,160.5,-586.5
95210,-20.25,172.5,-585
95245,-32.25,198,-573.75
95280,-27.75,205.5,-573.75
95315,-30.75,219.75,-568.5
95350,-42,226.5,-560.25
95385,-48.75,241.5,-553.5
95420,-50.25,244.5,-552.75
95455,-60.75,249,-555.75
95490,-68.25,252.75,-553.5
95525,-71.25,259.5,-546
95560,-61.5,263.25,-540.75
95595,-64.5,260.25,-546.75
95630,-60.75,264,-542.25
95665,-60.75,264.75,-552.75
95700,-56.25,259.5,-546
95736,-48.75,272.25,-546.75
95771,-44.25,272.25,-544.5
95806,-39,267,-543.75
95841,-11.25,276,-546.75
95876,-0.75,288.75,-540
95911,9.75,299.25,-535.5
95946,19.5,306.75,-539.25
95981,33.75,312.75,-534
96016,39,313.5,-536.25
96051,34.5,309.75,-535.5
96086,33.75,303,-540.75
96121,30.75,292.5,-548.25
96156,15,290.25,-540.75
96191,-1.5,285,-542.25
96226,2.25,274.5,-546.75
96261,-8.25,285,-544.5
96296,-13.5,293.25,-541.5
96331,-12,300,-541.5
96366,-8.25,303,-538.5
96402,-10.5,301.5,-537
96437,-14.25,298.5,-537
96472,-12.75,303.75,-539.25
96507,-15.75,300.75,-536.25
96542,-32.25,300.75,-530.25
96577,-35.25,290.25,-534.75
96612,-39.75,285.75,-541.5
96647,-41.25,294,-537
96682,-32.25,295.5,-534
96717,-26.25,297.75,-542.25
96752,-13.5,290.25,-537
96787,-12.75,292.5,-538.5
96822,-6.75,287.25,-539.25
96857,-12,288,-544.5
96892,-18,291.75,-543
96927,-12,287.25,-542.25
96962,6,291,-552.75
96997,12,295.5,-543
97032,22.5,299.25,-545.25
97067,35.25,301.5,-547.5
97103,45,290.25,-549.75
97138,48.75,282.75,-556.5
97173,46.5,279,-554.25
97208,48.75,286.5,-555
97243,53.25,300,-552
97278,59.25,297.75,-542.25
97313,57.75,306.75,-546
97348,69,306.75,-538.5
97383,75.75,306,-544.5
97418,90,300.75,-548.25
97453,99,307.5,-538.5
97488,117.75,303,-534.75
97523,120,312,-526.5
97558,135,315.75,-526.5
97593,140.25,308.25,-524.25
97628,151.5,287.25,-538.5
97663,162.75,263.25,-546.75
97698,172.5,245.25,-549
97733,177.75,246.75,-547.5
97769,189,236.25,-553.5
97804,189,231.75,-555.75
97839,187.5,225,-560.25
97874,200.25,225,-555.75
97909,200.25,210.75,-557.25
97944,209.25,202.5,-562.5
97979,219.75,191.25,-561.75
98014,217.5,188.25,-564
98049,223.5,175.5,-563.25
98084,220.5,171,-558.75
98119,219,164.25,-565.5
98154,225,164.25,-568.5
98189,219.75,161.25,-567
98224,219,151.5,-567
98259,223.5,153.75,-561.75
98294,229.5,152.25,-564.75
98329,222,143.25,-568.5
98364,237,135.75,-566.25
98399,237,129,-570
98435,242.25,129.75,-562.5
98470,233.25,135.75,-566.25
98505,234,132.75,-564.75
98540,237,140.25,-560.25
98575,243,137.25,-565.5
98610,254.25,124.5,-559.5
98645,246.75,126,-562.5
98680,244.5,125.25,-564
98715,252.75,123.75,-558
98750,253.5,126.75,-552
98785,252,130.5,-565.5
98820,252,129.75,-560.25
98855,249,125.25,-554.25
98890,246.75,114.75,-560.25
98925,237.75,115.5,-569.25
98960,231,117,-568.5
98995,218.25,113.25,-578.25
99030,220.5,118.5,-579.75
99065,213.75,114,-573.75
99101,211.5,114.75,-583.5
99136,184.5,111.75,-588
99171,167.25,105.75,-594
99206,162,107.25,-592.5
99241,169.5,96.75,-594.75
99276,177,87.75,-593.25
99311,171.75,90.75,-591.75
99346,176.25,96,-592.5
99381,168.75,102.75,-600.75
99416,162.75,124.5,-591
99451,142.5,127.5,-597.75
99486,136.5,131.25,-594.75
99521,141.75,124.5,-594
99556,150,120,-599.25
99591,138.75,123,-590.25
99626,140.25,132,-592.5
99661,150.75,136.5,-590.25
99696,156.75,132,-595.5
99731,158.25,142.5,-590.25
99767,155.25,141.75,-591.75
99802,163.5,143.25,-587.25
99837,156,142.5,-597
99872,156.75,149.25,-587.25
99907,156.75,147,-588.75
99942,162.75,150,-585.75
99977,174.75,144,-590.25
100012,180,148.5,-584.25
100047,180,147,-583.5
100082,182.25,140.25,-579.75
100117,185.25,135.75,-586.5
100152,192,138,-578.25
100187,195.75,130.5,-582.75
100222,191.25,135.75,-586.5
100257,181.5,134.25,-585.75
100292,180,126.75,-587.25
100327,180.75,123.75,-590.25
100362,180,123.75,-589.5
100397,177.75,123,-591
100433,189,128.25,-590.25
100468,188.25,118.5,-588
100503,192,123.75,-578.25
100538,198.75,114.75,-581.25
100573,190.5,120.75,-583.5
100608,190.5,116.25,-582
100643,195,113.25,-585
100678,191.25,109.5,-580.5
100713,192.75,114.75,-584.25
100748,189,117.75,-582.75
100783,176.25,114.75,-591.75
100818,170.25,114,-588
100853,165.75,104.25,-591
100888,164.25,103.5,-594
100923,160.5,104.25,-596.25
100958,154.5,99.75,-605.25
100993,147,94.5,-598.5
101028,151.5,90.75,-593.25
101063,143.25,90.75,-600.75
101099,150.75,90.75,-600
101134,142.5,84,-596.25
101169,133.5,87,-602.25
101204,124.5,82.5,-602.25
101239,125.25,70.5,-608.25
101274,123.75,71.25,-603.75
101309,103.5,67.5,-610.5
101344,99.75,57.75,-609
101379,105,55.5,-603
101414,96,48,-609
101449,87.75,40.5,-611.25
101484,67.5,35.25,-609
101519,64.5,32.25,-604.5
101554,70.5,35.25,-607.5
101589,69.75,42,-606
101624,68.25,39,-610.5
101659,65.25,34.5,-603.75
101694,54,31.5,-605.25
101729,39,14.25,-608.25
101765,24.75,0,-598.5
101800,9,-4.5,-604.5
101835,-15.75,-17.25,-597.75
101870,-41.25,-31.5,-581.25
101905,-68.25,-46.5,-574.5
101940,-98.25,-47.25,-567
101975,-132,-45.75,-549
102010,-173.25,-42,-534.75
102045,-202.5,-36,-514.5
102080,-219.75,-24,-501.75
102115,-240,-22.5,-485.25
102150,-257.25,-6,-474.75
102185,-276.75,3,-451.5
102220,-285,14.25,-451.5
102255,-283.5,16.5,-451.5
102290,-288,29.25,-447.75
102325,-282,35.25,-447
102360,-282.75,33.75,-451.5
102395,-288,44.25,-444
102431,-293.25,47.25,-442.5
102466,-287.25,62.25,-449.25
102501,-289.5,71.25,-447.75
102536,-291,88.5,-444
102571,-285,100.5,-444.75
102606,-284.25,117.75,-453.75
102641,-271.5,114,-455.25
102676,-271.5,116.25,-465
102711,-272.25,117.75,-462.75
102746,-268.5,114,-466.5
102781,-273.75,118.5,-465
102816,-277.5,129,-462.75
102851,-259.5,135,-471
102886,-249,144,-480
102921,-245.25,148.5,-484.5
102956,-238.5,165,-487.5
102991,-222,176.25,-492
103026,-215.25,177.75,-501
103061,-229.5,180.75,-493.5
103096,-236.25,195.75,-475.5
103132,-221.25,213,-477.75
103167,-210.75,225.75,-485.25
103202,-205.5,237.75,-488.25
103237,-202.5,237.75,-494.25
103272,-192.75,238.5,-493.5
103307,-183.75,241.5,-496.5
103342,-186,252.75,-492.75
103377,-177,264.75,-492.75
103412,-178.5,271.5,-485.25
103447,-170.25,279.75,-490.5
103482,-159.75,279,-498
103517,-150,282,-504
103552,-139.5,280.5,-506.25
103587,-126.75,276,-509.25
103622,-125.25,289.5,-513
103657,-109.5,283.5,-516.75
103692,-101.25,279,-516.75
103727,-88.5,276.75,-525
103763,-73.5,280.5,-525
103798,-57,279.75,-531
103833,-53.25,282.75,-542.25
103868,-40.5,286.5,-541.5
103903,-38.25,281.25,-540.75
103938,-23.25,285,-543
103973,-23.25,283.5,-544.5
104008,-18,284.25,-542.25
104043,-15.75,287.25,-544.5
104078,-22.5,289.5,-533.25
104113,-9,282.75,-543
104148,3,275.25,-548.25
104183,18,266.25,-558
104218,9.75,260.25,-553.5
104253,15,263.25,-557.25
104288,4.5,273.75,-551.25
104323,13.5,282,-555.75
104358,13.5,278.25,-546.75
104393,12.75,282.75,-549
104428,15.75,287.25,-540.75
104464,13.5,297,-541.5
104499,18,298.5,-537.75
104534,24.75,302.25,-540
104569,14.25,296.25,-546
104604,-11.25,286.5,-546
104639,-6.75,297,-540
104674,5.25,296.25,-545.25
104709,27.75,283.5,-552.75
104744,35.25,271.5,-549
104779,36.75,260.25,-563.25
104814,32.25,255.75,-569.25
104849,19.5,230.25,-567.75
104884,-2.25,226.5,-576.75
104919,-21,218.25,-577.5
104954,-11.25,225.75,-574.5
104989,-15,243,-568.5
105024,3,259.5,-557.25
105059,-1.5,267,-555
105094,9,261,-565.5
105130,9,243,-570.75
105165,0.75,224.25,-575.25
105200,25.5,211.5,-582.75
105235,32.25,212.25,-580.5
105270,40.5,212.25,-584.25
105305,34.5,218.25,-574.5
105340,38.25,226.5,-574.5
105375,57.75,229.5,-578.25
105410,72.75,232.5,-578.25
105445,114.75,244.5,-570.75
105480,129,240.75,-559.5
105515,112.5,247.5,-561.75
105550,96.75,249,-558.75
105585,89.25,256.5,-562.5
105620,91.5,258,-566.25
105655,84,243.75,-568.5
105690,72,236.25,-575.25
105725,78.75,220.5,-573
105760,81.75,201,-585
105796,89.25,190.5,-592.5
105831,90,180,-588.75
105866,93,183,-589.5
105901,91.5,179.25,-594.75
105936,94.5,191.25,-585.75
105971,96,202.5,-582
106006,90,200.25,-586.5
106041,110.25,199.5,-582
106076,122.25,189.75,-580.5
106111,135.75,183,-579.75
106146,144.75,166.5,-586.5
106181,154.5,150,-588
106216,172.5,127.5,-586.5
106251,192,123,-584.25
106286,197.25,99,-584.25
106321,207.75,89.25,-583.5
106356,214.5,81.75,-580.5
106391,218.25,78.75,-576
106426,215.25,80.25,-580.5
106462,223.5,75.75,-573.75
106497,234,78,-579
106532,234.75,66.75,-573.75
106567,231,60,-572.25
106602,222,55.5,-575.25
106637,224.25,44.25,-577.5
106672,220.5,36.75,-578.25
106707,247.5,22.5,-566.25
106742,253.5,15.75,-560.25
106777,252.75,13.5,-559.5
106812,246,9,-564.75
106847,250.5,3,-562.5
106882,256.5,3.75,-567.75
106917,270.75,-9.75,-552.75
106952,279,-9.75,-546.75
106987,277.5,-8.25,-547.5
107022,278.25,-12,-545.25
107057,275.25,-17.25,-552.75
107092,264,-17.25,-552.75
107128,252,-21,-556.5
107163,252,-30.75,-561
107198,247.5,-41.25,-558
107233,243,-48,-550.5
107268,228,-49.5,-564.75
107303,218.25,-39.75,-567.75
107338,215.25,-27.75,-573.75
107373,211.5,-19.5,-570.75
107408,206.25,-15.75,-575.25
107443,206.25,-18.75,-576
107478,194.25,-44.25,-576
107513,191.25,-63,-573
107548,182.25,-78,-576
107583,165.75,-95.25,-569.25
107618,135.75,-96,-574.5
107653,105,-95.25,-573.75
107688,109.5,-87.75,-579.75
107723,114.75,-87.75,-585
107758,126.75,-87,-581.25
107794,135,-79.5,-575.25
107829,139.5,-74.25,-578.25
107864,147.75,-75,-577.5
107899,151.5,-69.75,-581.25
107934,144,-65.25,-582
107969,136.5,-57,-588.75
108004,135.75,-57.75,-586.5
108039,137.25,-60,-588.75
108074,145.5,-41.25,-594
108109,150,-25.5,-593.25
108144,165,-12.75,-589.5
108179,171.75,-13.5,-588
108214,164.25,-2.25,-592.5
108249,154.5,10.5,-591
108284,161.25,16.5,-591
108319,167.25,12.75,-594
108354,163.5,6.75,-594.75
108389,161.25,0.75,-591.75
108424,182.25,1.5,-588.75
108459,194.25,0,-579
108495,192.75,-2.25,-584.25
108530,177.75,-14.25,-588
108565,189.75,-14.25,-577.5
108600,181.5,-15.75,-581.25
108635,179.25,-16.5,-582
108670,169.5,-17.25,-593.25
108705,165,-7.5,-591.75
108740,159,-2.25,-597
108775,150.75,6.75,-598.5
108810,135.75,20.25,-599.25
108845,132,26.25,-607.5
108880,120.75,37.5,-600.75
108915,109.5,42,-607.5
108950,97.5,66.75,-609
108985,96,78.75,-614.25
109020,80.25,81.75,-613.5
109055,73.5,90.75,-613.5
109090,58.5,90,-612
109125,51.75,101.25,-608.25
109161,39.75,106.5,-602.25
109196,33,111,-608.25
109231,31.5,113.25,-605.25
109266,27,121.5,-603
109301,19.5,116.25,-602.25
109336,17.25,129,-596.25
109371,12.75,129.75,-603.75
109406,8.25,140.25,-594.75
109441,2.25,138,-597.75
109476,1.5,147,-593.25
109511,-5.25,157.5,-591
109546,-3.75,159.75,-594
109581,-3,159,-591.75
109616,3,153.75,-591.75
109651,3,150.75,-599.25
109686,-19.5,157.5,-587.25
109721,-15.75,169.5,-590.25
109756,-12,177.75,-586.5
109791,-27,174.75,-581.25
109827,-41.25,180.75,-580.5
109862,-45.75,175.5,-585.75
109897,-22.5,174.75,-585
109932,-8.25,182.25,-580.5
109967,-9,192.75,-582.75
110002,-21.75,210,-577.5
110037,-31.5,216.75,-572.25
110072,-40.5,222.75,-562.5
110107,-38.25,218.25,-562.5
110142,-25.5,215.25,-568.5
110177,-33,221.25,-562.5
110212,-27.75,214.5,-571.5
110247,-27.75,218.25,-577.5
110282,-30,205.5,-570
110317,-49.5,201,-570
110352,-48.75,194.25,-573
110387,-56.25,198,-570.75
110422,-52.5,192.75,-568.5
110458,-51.75,198,-570.75
110493,-55.5,207.75,-563.25
110528,-59.25,210.75,-567.75
110563,-48,216,-561.75
110598,-45.75,216,-566.25
110633,-41.25,215.25,-565.5
110668,-40.5,204,-577.5
110703,-33,198,-575.25
110738,-30,192,-584.25
110773,-28.5,189,-582
110808,-25.5,183,-584.25
110843,-25.5,183,-585
110878,-24,184.5,-575.25
110913,-26.25,183.75,-576.75
110948,-30,192,-579.75
110983,-36,199.5,-574.5
111018,-36,206.25,-576
111053,-31.5,212.25,-575.25
111088,-33,226.5,-571.5
111123,-33.75,225,-566.25
111159,-21.75,222.75,-572.25
111194,-20.25,222.75,-570
111229,-23.25,225.75,-567.75
111264,-17.25,229.5,-573
111299,-22.5,227.25,-561.75
111334,-19.5,222,-570.75
111369,-14.25,225.75,-567.75
111404,-6,232.5,-573
111439,-3.75,221.25,-572.25
111474,-11.25,218.25,-575.25
111509,-11.25,205.5,-580.5
111544,-15.75,204,-576.75
111579,-15.75,208.5,-578.25
111614,-22.5,214.5,-575.25
111649,-16.5,229.5,-570
111684,-21,242.25,-564.75
111719,-24.75,258,-555
111754,-27,267,-546.75
111789,-28.5,284.25,-549.75
111825,-17.25,294.75,-540
111860,-15,294.75,-536.25
111895,-12,291,-537.75
111930,-6.75,293.25,-540.75
111965,-7.5,297,-534.75
112000,-4.5,297.75,-536.25
112035,-3.75,304.5,-532.5
112070,-14.25,306,-531
112105,-17.25,313.5,-528.75
112140,-16.5,318,-525
112175,-25.5,321.75,-525.75
112210,-29.25,318,-522
112245,-16.5,314.25,-522.75
112280,-18,315.75,-528
112315,-8.25,315.75,-529.5
112350,-9,311.25,-527.25
112385,-6,316.5,-530.25
112420,-11.25,306.75,-533.25
112455,-4.5,311.25,-534.75
112491,-3,311.25,-531.75
112526,-0.75,311.25,-534.75
112561,-3,307.5,-537
112596,5.25,302.25,-539.25
112631,12.75,295.5,-534
112666,15,297,-543
112701,24,300,-539.25
112736,25.5,293.25,-540.75
112771,18.75,291,-535.5
112806,19.5,291,-543
112841,15,292.5,-543
112876,15.75,286.5,-551.25
112911,27.75,288.75,-545.25
112946,21,282.75,-546.75
112981,27.75,284.25,-549.75
113016,21.75,279.75,-558
113051,22.5,273.75,-551.25
113086,27,274.5,-555
113121,32.25,275.25,-557.25
113157,42.75,273,-558.75
113192,27,280.5,-549
113227,19.5,279,-553.5
113262,21.75,273,-553.5
113297,30,262.5,-567.75
113332,41.25,245.25,-567
113367,43.5,233.25,-573.75
113402,53.25,219,-573.75
113437,72.75,229.5,-574.5
113472,68.25,238.5,-573
113507,60.75,247.5,-567.75
113542,51,248.25,-571.5
113577,59.25,249.75,-567.75
113612,57,267,-550.5
113647,49.5,270,-558
113682,56.25,270,-564
113717,67.5,256.5,-562.5
113752,73.5,249.75,-569.25
113787,84,240.75,-568.5
113822,80.25,247.5,-567
113858,76.5,253.5,-561
113893,73.5,247.5,-570
113928,68.25,249.75,-566.25
113963,63.75,249.75,-565.5
113998,70.5,253.5,-568.5
114033,89.25,245.25,-572.25
114068,96.75,237,-571.5
114103,102.75,233.25,-577.5
114138,114,233.25,-571.5
114173,125.25,231.75,-568.5
114208,131.25,229.5,-570
114243,127.5,231.75,-564
114278,132.75,235.5,-564.75
114313,139.5,245.25,-563.25
114348,149.25,241.5,-558
114383,151.5,250.5,-554.25
114418,154.5,245.25,-559.5
114453,167.25,243,-556.5
114488,177.75,239.25,-549.75
114524,182.25,243.75,-549.75
114559,187.5,237.75,-550.5
114594,198,237,-546.75
114629,194.25,239.25,-546
114664,202.5,238.5,-549
114699,213.75,230.25,-543
114734,213,228.75,-547.5
114769,219,223.5,-544.5
114804,222.75,215.25,-547.5
114839,237.75,202.5,-555
114874,242.25,198.75,-549
114909,240.75,192.75,-544.5
114944,246.75,174.75,-554.25
114979,252.75,165,-552.75
115014,254.25,145.5,-552.75
115049,255,135.75,-557.25
115084,261,127.5,-556.5
115119,256.5,120,-558.75
115154,258.75,117.75,-563.25
115190,264,113.25,-556.5
115225,269.25,107.25,-560.25
115260,267,96.75,-556.5
115295,279,84.75,-549.75
115330,279,80.25,-550.5
115365,285,69.75,-547.5
115400,284.25,63,-552.75
115435,281.25,63,-546
115470,297,57,-549
115505,297,42,-546
115540,288,45,-549
115575,283.5,45.75,-555
115610,281.25,38.25,-551.25
115645,279.75,39.75,-549.75
115680,267,24.75,-551.25
115715,261.75,14.25,-559.5
115750,258.75,0.75,-557.25
115785,253.5,9.75,-562.5
115820,247.5,0,-565.5
115855,241.5,-5.25,-563.25
115891,246.75,1.5,-574.5
115926,238.5,-1.5,-569.25
115961,242.25,11.25,-573
115996,240,18,-570.75
116031,229.5,21,-574.5
116066,229.5,23.25,-572.25
116101,216.75,22.5,-575.25
116136,215.25,21,-588
116171,203.25,37.5,-586.5
116206,196.5,42,-584.25
116241,190.5,39.75,-588.75
116276,188.25,34.5,-595.5
116311,192,20.25,-582.75
116346,204,7.5,-588
116381,204,4.5,-582.75
116416,203.25,2.25,-585
116451,199.5,9.75,-585.75
116486,198,7.5,-585
116521,198.75,3,-585
116557,187.5,4.5,-587.25
116592,188.25,0,-589.5
116627,180,0.75,-591.75
116662,174,-4.5,-593.25
116697,174,-9.75,-592.5
116732,162,-9.75,-597
116767,153,-10.5,-597
116802,141,-11.25,-600.75
116837,135.75,-2.25,-605.25
116872,125.25,-10.5,-597.75
116907,124.5,-5.25,-601.5
116942,119.25,2.25,-610.5
116977,108.75,3,-604.5
117012,105,1.5,-606
117047,99,4.5,-605.25
117082,94.5,6,-607.5
117117,84.75,9.75,-610.5
117152,93,12,-606.75
117187,92.25,5.25,-601.5
117222,102.75,8.25,-603.75
117258,93,14.25,-606
117293,84.75,21,-604.5
117328,92.25,17.25,-603.75
117363,93.75,27,-609.75
117398,81.75,31.5,-614.25
117433,80.25,45.75,-612.75
117468,78,45,-611.25
117503,72.75,54,-611.25
117538,72.75,55.5,-612.75
117573,81,47.25,-609
117608,86.25,44.25,-606
117643,77.25,45,-608.25
117678,79.5,49.5,-608.25
117713,88.5,42.75,-610.5
117748,87,48,-609.75
117783,99,45,-609
117818,114,34.5,-610.5
117853,128.25,25.5,-600.75
117888,138.75,24,-600.75
117924,147,9.75,-592.5
117959,153,11.25,-597
117994,162.75,9.75,-591.75
118029,169.5,6,-590.25
118064,184.5,-1.5,-585.75
118099,188.25,-9.75,-587.25
118134,198,-6,-585
118169,201,-9,-577.5
118204,207,-12.75,-579
118239,214.5,-16.5,-576
118274,216.75,-19.5,-574.5
118309,222.75,-21,-573.75
118344,224.25,-30,-570
118379,226.5,-26.25,-569.25
118414,243.75,-16.5,-561.75
118449,255,-31.5,-561
118484,254.25,-32.25,-560.25
118519,253.5,-25.5,-558.75
118554,255,-17.25,-557.25
118589,256.5,-17.25,-557.25
118625,259.5,-5.25,-557.25
118660,264,-6,-556.5
118695,274.5,1.5,-549
118730,270,1.5,-557.25
118765,267.75,12,-558.75
118800,258.75,12.75,-562.5
118835,252,15.75,-561.75
118870,245.25,21.75,-570.75
118905,224.25,24,-580.5
118940,209.25,36,-582.75
118975,219,43.5,-583.5
119010,228,47.25,-573
119045,230.25,37.5,-577.5
119080,239.25,53.25,-570.75
119115,244.5,52.5,-571.5
119150,249,55.5,-564.75
119185,253.5,51,-564.75
119220,258,57.75,-566.25
119255,253.5,48,-559.5
119291,263.25,54,-567
119326,276.75,44.25,-563.25
119361,267,38.25,-555.75
119396,271.5,54,-560.25
119431,270,49.5,-564.75
119466,270.75,52.5,-564
119501,264.75,55.5,-560.25
119536,254.25,56.25,-567
119571,253.5,65.25,-567
119606,257.25,80.25,-564
119641,255,94.5,-570
119676,251.25,109.5,-564
119711,254.25,120.75,-563.25
119746,250.5,129.75,-561
119781,248.25,129.75,-559.5
119816,239.25,147.75,-558
119851,239.25,152.25,-564
119886,234,152.25,-564
119921,238.5,160.5,-563.25
119957,228,168,-564
119992,233.25,168.75,-564
120027,227.25,177.75,-553.5
120062,224.25,184.5,-564.75
120097,214.5,202.5,-561.75
120132,214.5,203.25,-561
120167,203.25,217.5,-557.25
120202,198,223.5,-553.5
120237,190.5,223.5,-559.5
120272,191.25,225,-557.25
120307,182.25,227.25,-560.25
120342,180,231.75,-562.5
120377,171,222.75,-561
120412,182.25,228,-564
120447,171,231.75,-556.5
120482,164.25,234,-558.75
120517,164.25,241.5,-554.25
120552,162,249,-563.25
120587,160.5,245.25,-555.75
120623,159,255.75,-558.75
120658,158.25,261.75,-551.25
120693,150,263.25,-550.5
120728,144,273,-550.5
120763,144,273,-558
120798,139.5,267.75,-550.5
120833,138.75,270,-552.75
120868,139.5,264.75,-552
120903,142.5,256.5,-555.75
120938,144,261.75,-560.25
120973,143.25,260.25,-562.5
121008,141,261.75,-550.5
121043,135.75,270,-553.5
121078,144.75,273,-547.5
121113,146.25,267,-553.5
121148,146.25,269.25,-551.25
121183,141.75,273.75,-546.75
121218,140.25,262.5,-559.5
121253,130.5,267.75,-553.5
121289,129,270,-554.25
121324,123.75,273.75,-548.25
121359,111,268.5,-551.25
121394,117,277.5,-552
121429,118.5,276,-550.5
121464,117,278.25,-555
121499,116.25,279.75,-552
121534,105.75,268.5,-559.5
121569,98.25,263.25,-555
121604,116.25,273,-553.5
121639,134.25,285,-549
121674,138,294,-544.5
121709,134.25,282.75,-548.25
121744,127.5,277.5,-547.5
121779,131.25,278.25,-545.25
121814,130.5,279,-543
121849,139.5,276.75,-543.75
121884,131.25,293.25,-537
121919,138.75,293.25,-540
121954,137.25,291,-538.5
121990,140.25,294.75,-537.75
122025,120.75,273.75,-551.25
122060,102.75,279.75,-550.5
122095,112.5,289.5,-545.25
122130,120,285.75,-545.25
122165,123,288,-548.25
122200,126,288,-544.5
122235,132,285,-544.5
122270,129.75,291,-545.25
122305,136.5,289.5,-534
122340,139.5,293.25,-539.25
122375,142.5,294.75,-538.5
122410,144,297.75,-540
122445,140.25,295.5,-535.5
122480,139.5,294,-536.25
122515,138,288.75,-545.25
122550,134.25,291,-544.5
122585,139.5,276.75,-537
122620,135.75,285,-543.75
122656,132.75,276.75,-549
122691,131.25,282,-545.25
122726,130.5,282.75,-547.5
122761,129.75,279.75,-540.75
122796,135,283.5,-539.25
122831,137.25,277.5,-547.5
122866,129,279,-543.75
122901,131.25,279,-546.75
122936,130.5,285,-543
122971,129.75,279.75,-547.5
123006,135,278.25,-550.5
123041,132,282,-548.25
123076,133.5,277.5,-550.5
123111,129,273,-553.5
123146,128.25,276,-552
123181,126,270.75,-553.5
123216,132,273.75,-551.25
123251,132,273,-543.75
123286,126.75,280.5,-550.5
123322,126,277.5,-546
123357,128.25,278.25,-546.75
123392,126,276,-549
123427,126,275.25,-552.75
123462,127.5,278.25,-549.75
123497,121.5,273.75,-552.75
123532,114.75,276.75,-553.5
123567,112.5,277.5,-552
123602,117.75,273,-549
123637,120,277.5,-550.5
123672,114.75,276,-555.75
123707,110.25,280.5,-552.75
123742,108.75,285.75,-549
123777,105.75,277.5,-543.75
123812,103.5,288.75,-547.5
123847,100.5,289.5,-543.75
123882,95.25,294,-545.25
123917,100.5,289.5,-547.5
123952,98.25,288.75,-547.5
123988,93,290.25,-549
124023,89.25,282,-545.25
124058,84.75,279,-545.25
124093,81.75,286.5,-552.75
124128,86.25,275.25,-555
124163,78,277.5,-552.75
124198,75.75,277.5,-551.25
124233,71.25,278.25,-558
124268,79.5,273,-559.5
124303,72.75,271.5,-556.5
124338,69.75,277.5,-549
124373,62.25,272.25,-561
124408,55.5,267,-555.75
124443,47.25,269.25,-556.5
124478,48.75,275.25,-555
124513,45.75,269.25,-557.25
124548,35.25,267.75,-562.5
124583,33.75,264.75,-561
124618,30,263.25,-559.5
124654,33.75,263.25,-561
124689,32.25,261,-559.5
124724,21.75,257.25,-566.25
124759,26.25,262.5,-561
124794,27,258.75,-558.75
124829,21.75,254.25,-566.25
124864,15.75,259.5,-568.5
124899,12,252.75,-564.75
124934,6.75,246.75,-565.5
124969,8.25,249,-564
125004,9.75,243,-569.25
125039,2.25,237.75,-566.25
125074,-15,243,-565.5
125109,-24,234.75,-566.25
125144,-26.25,233.25,-567.75
125179,-45.75,230.25,-565.5
125214,-55.5,223.5,-559.5
125249,-58.5,222,-567.75
125284,-58.5,221.25,-564.75
125320,-54.75,216.75,-566.25
125355,-49.5,210,-572.25
125390,-51,194.25,-573
125425,-54.75,193.5,-571.5
125460,-51,201,-572.25
125495,-47.25,209.25,-565.5
125530,-52.5,207,-567
125565,-51,206.25,-568.5
125600,-51.75,203.25,-570
125635,-52.5,200.25,-570.75
125670,-55.5,201,-576
125705,-55.5,193.5,-570.75
125740,-51.75,198.75,-573.75
125775,-42.75,198,-579
125810,-42.75,183,-582
125845,-44.25,181.5,-582.75
125880,-39.75,186,-581.25
125915,-27.75,183.75,-580.5
125950,-28.5,184.5,-579
125986,-30.75,195,-581.25
126021,-19.5,201.75,-576.75
126056,-30,223.5,-566.25
126091,-31.5,243,-564
126126,-29.25,262.5,-549.75
126161,-36,279,-547.5
126196,-33,288.75,-537
126231,-31.5,297,-542.25
126266,-39.75,274.5,-541.5
126301,-30.75,271.5,-550.5
126336,-34.5,264,-558
126371,-26.25,256.5,-560.25
126406,-24,255,-559.5
126441,-22.5,255.75,-556.5
126476,-16.5,246.75,-560.25
126511,-17.25,236.25,-568.5
126546,-6,231.75,-564.75
126581,-11.25,231,-569.25
126616,-6,234,-570
126651,1.5,237,-573.75
126687,-6,228.75,-573
126722,1.5,222,-573
126757,18.75,208.5,-584.25
126792,15.75,196.5,-579.75
126827,17.25,180.75,-588.75
126862,17.25,154.5,-590.25
126897,8.25,129.75,-596.25
126932,8.25,114.75,-604.5
126967,1.5,102.75,-599.25
127002,-2.25,99.75,-606
127037,-4.5,102,-606
127072,-9.75,99,-595.5
127107,-18.75,90.75,-602.25
127142,-15.75,78,-600
127177,-18,63.75,-603
127212,-12.75,63.75,-600
127247,-14.25,66.75,-605.25
127282,-23.25,68.25,-603
127317,-22.5,68.25,-598.5
127353,-34.5,69.75,-600
127388,-49.5,69,-597
127423,-57.75,58.5,-589.5
127458,-55.5,51,-596.25
127493,-60,41.25,-588.75
127528,-67.5,42,-590.25
127563,-58.5,43.5,-588.75
127598,-49.5,47.25,-594
127633,-47.25,49.5,-595.5
127668,-38.25,48,-597
127703,-27.75,43.5,-603.75
127738,-28.5,44.25,-603.75
127773,-22.5,25.5,-604.5
127808,-10.5,22.5,-597.75
127843,-8.25,15.75,-600.75
127878,0.75,18.75,-597.75
127913,11.25,15.75,-603.75
127948,22.5,10.5,-608.25
127983,33.75,5.25,-604.5
128019,47.25,-4.5,-609.75
128054,59.25,-1.5,-600.75
128089,66.75,-15,-605.25
128124,71.25,-11.25,-604.5
128159,78,-13.5,-605.25
128194,83.25,-18.75,-602.25
128229,87,-16.5,-605.25
128264,94.5,-26.25,-600
128299,95.25,-25.5,-603
128334,96.75,-30.75,-597
128369,99,-31.5,-598.5
128404,120,-39,-600.75
128439,127.5,-30,-593.25
128474,135,-32.25,-597.75
128509,130.5,-27.75,-594
128544,138,-31.5,-594
128579,144.75,-22.5,-588.75
128614,146.25,-22.5,-594.75
128649,142.5,-30,-591.75
128685,157.5,-36,-591.75
128720,150.75,-37.5,-585.75
128755,162.75,-39,-588.75
128790,156.75,-38.25,-583.5
128825,162,-33.75,-591.75
128860,161.25,-38.25,-585.75
128895,160.5,-41.25,-583.5
128930,162.75,-30,-591
128965,162,-33,-586.5
129000,156.75,-32.25,-582.75
129035,154.5,-30.75,-589.5
129070,144.75,-33,-598.5
129105,143.25,-38.25,-588
129140,144,-30.75,-594
129175,139.5,-37.5,-590.25
129210,143.25,-36.75,-591
129245,150.75,-30.75,-585
129280,155.25,-27.75,-594.75
129315,160.5,-19.5,-591
129351,168.75,-17.25,-591
129386,176.25,-20.25,-588.75
129421,172.5,-18.75,-589.5
129456,177.75,-21,-591
129491,175.5,-12.75,-584.25
129526,170.25,-16.5,-583.5
129561,174.75,-21.75,-589.5
129596,181.5,-23.25,-583.5
129631,204,-28.5,-573
129666,223.5,-32.25,-566.25
129701,233.25,-41.25,-567.75
129736,255,-51.75,-552.75
129771,279,-48,-540
129806,288.75,-30.75,-531.75
129841,300.75,-17.25,-529.5
129876,296.25,1.5,-540
129911,300,24,-532.5
129946,313.5,27.75,-531
129981,315.75,34.5,-528.75
130017,318,37.5,-528.75
130052,327.75,27,-520.5
130087,325.5,20.25,-525
130122,325.5,28.5,-516.75
130157,330,30,-517.5
130192,333,30.75,-516.75
130227,336.75,30,-517.5
130262,326.25,37.5,-513.75
130297,328.5,39.75,-513
130332,341.25,38.25,-509.25
130367,341.25,40.5,-507.75
130402,345.75,51,-504.75
130437,354.75,44.25,-495
130472,365.25,57,-490.5
130507,372.75,63.75,-488.25
130542,381,74.25,-480
130577,386.25,86.25,-468.75
130612,388.5,92.25,-464.25
130647,390.75,102.75,-464.25
130683,393,102,-459
130718,394.5,103.5,-461.25
130753,391.5,101.25,-461.25
130788,388.5,102.75,-462
130823,389.25,107.25,-461.25
130858,391.5,117,-459.75
130893,387.75,116.25,-454.5
130928,381,126,-459
130963,381,125.25,-465
130998,373.5,122.25,-468.75
131033,372.75,125.25,-479.25
131068,367.5,117,-484.5
131103,359.25,120.75,-485.25
131138,353.25,117,-495.75
131173,349.5,123.75,-498.75
131208,339,110.25,-509.25
131243,338.25,119.25,-505.5
131278,329.25,113.25,-510
131313,330,118.5,-512.25
131349,322.5,112.5,-512.25
131384,325.5,112.5,-516.75
131419,325.5,114,-516.75
131454,314.25,112.5,-519.75
131489,321.75,110.25,-522
131524,317.25,111,-518.25
131559,318,110.25,-528
131594,319.5,108,-524.25
131629,316.5,99.75,-523.5
131664,312,100.5,-525
131699,315.75,92.25,-525.75
131734,313.5,89.25,-525
131769,313.5,96,-519
131804,315.75,87,-529.5
131839,310.5,95.25,-532.5
131874,309,100.5,-535.5
131909,312,102,-529.5
131944,309.75,99,-527.25
131979,309,106.5,-527.25
132014,302.25,108,-528.75
132050,306.75,113.25,-535.5
132085,298.5,114,-528.75
132120,306,118.5,-534
132155,300,119.25,-531.75
132190,299.25,123.75,-535.5
132225,288.75,126,-539.25
132260,299.25,126,-538.5
132295,295.5,130.5,-536.25
132330,293.25,124.5,-529.5
132365,294.75,120.75,-532.5
132400,300,122.25,-534
132435,288,124.5,-541.5
132470,288,122.25,-545.25
132505,277.5,124.5,-539.25
132540,267.75,126,-545.25
132575,259.5,131.25,-553.5
132610,264,120,-555.75
132645,264,120.75,-549
132680,269.25,124.5,-549.75
132716,269.25,126.75,-548.25
132751,262.5,132.75,-557.25
132786,251.25,138.75,-552
132821,255,141.75,-556.5
132856,248.25,141,-554.25
132891,256.5,138,-546
132926,247.5,144,-558.75
132961,260.25,136.5,-555.75
132996,251.25,133.5,-559.5
133031,254.25,119.25,-560.25
133066,250.5,111.75,-556.5
133101,252,101.25,-562.5
133136,249.75,100.5,-564.75
133171,240,90.75,-563.25
133206,222.75,93.75,-575.25
133241,207.75,102.75,-572.25
133276,207,85.5,-584.25
133311,214.5,76.5,-584.25
133347,201.75,72,-580.5
133382,201.75,70.5,-584.25
133417,203.25,53.25,-589.5
133452,203.25,56.25,-585
133487,207.75,54,-588
133522,199.5,67.5,-583.5
133557,189,68.25,-587.25
133592,171.75,76.5,-595.5
133627,159.75,75.75,-596.25
133662,148.5,84.75,-602.25
133697,126,88.5,-601.5
133732,114.75,83.25,-600
133767,90,87.75,-609
133802,72,90.75,-609
133837,57,97.5,-609
133872,40.5,113.25,-609
133907,20.25,118.5,-608.25
133942,-5.25,126.75,-600
133977,-15,136.5,-601.5
134012,-24.75,144.75,-598.5
134048,-46.5,133.5,-594.75
134083,-81.75,116.25,-593.25
134118,-113.25,102,-577.5
134153,-147.75,84.75,-558
134188,-165.75,78.75,-554.25
134223,-189.75,92.25,-535.5
134258,-204,104.25,-532.5
134293,-222.75,92.25,-517.5
134328,-235.5,81.75,-503.25
134363,-246.75,77.25,-501.75
134398,-252.75,74.25,-496.5
134433,-261.75,71.25,-481.5
134468,-270.75,72,-471.75
134503,-282.75,65.25,-457.5
134538,-288,60,-448.5
134573,-297,53.25,-448.5
134608,-295.5,51,-448.5
134643,-297.75,48,-448.5
134678,-285.75,44.25,-456.75
134714,-305.25,42.75,-432.75
134749,-315.75,42.75,-422.25
134784,-324,40.5,-414.75
134819,-336.75,41.25,-395.25
134854,-357,45,-354
134889,-366.75,45,-328.5
134924,-381,48.75,-312
134959,-388.5,55.5,-279.75
134994,-403.5,62.25,-247.5
135029,-408,72.75,-211.5
135064,-413.25,71.25,-180.75
135099,-418.5,75,-165
135134,-417.75,76.5,-159
135169,-417.75,81.75,-146.25
135204,-417,83.25,-118.5
135239,-414.75,91.5,-102
135274,-420,84,-93.75
135309,-409.5,82.5,-91.5
135344,-414.75,78.75,-57.75
135380,-414,83.25,-39
135415,-410.25,84,-34.5
135450,-402.75,75.75,-13.5
135485,-396.75,74.25,30
135520,-387.75,71.25,51.75
135555,-380.25,71.25,67.5
135590,-366.75,71.25,94.5
135625,-337.5,74.25,133.5
135660,-327.75,72.75,151.5
135695,-319.5,81,166.5
135730,-315.75,75.75,174
135765,-293.25,71.25,192
135800,-282.75,77.25,201.75
135835,-274.5,84,210
135870,-262.5,87,223.5
135905,-249,87.75,238.5
135940,-243.75,97.5,242.25
135975,-240.75,99.75,239.25
136010,-233.25,99,254.25
136046,-219,105,252
136081,-220.5,108,267
136116,-201.75,104.25,265.5
136151,-189.75,108.75,279.75
136186,-180.75,107.25,289.5
136221,-166.5,112.5,296.25
136256,-159,121.5,299.25
136291,-147,123,300.75
136326,-128.25,138.75,308.25
136361,-114,141.75,318
136396,-102,148.5,325.5
136431,-99,149.25,316.5
136466,-84.75,169.5,321.75
136501,-81.75,186.75,314.25
136536,-75,198,316.5
136571,-73.5,208.5,308.25
136606,-58.5,218.25,312
136641,-46.5,238.5,306.75
136676,-48,238.5,306
136712,-40.5,251.25,305.25
136747,-27.75,251.25,307.5
136782,-19.5,258,309
136817,-11.25,251.25,310.5
136852,-3,249,309
136887,15,242.25,316.5
136922,26.25,225.75,322.5
136957,45.75,213.75,321.75
136992,67.5,189,333.75
137027,78,184.5,336.75
137062,88.5,170.25,336.75
137097,109.5,160.5,338.25
137132,126,168,330
137167,143.25,177,331.5
137202,144,181.5,330